{
  "instance": "polyominoes_36",
  "problem_type": "polyominoes",
  "blowup_bin": "0_low_blowup",
  "blowup": 0.7202247191011236,
  "timeout_seconds": 600,
  "model": "models/polyominoes.mzn",
  "construction": {
    "nfa_glushkov": {
      "ms": [
        11.086099955718964,
        108.59630000777543,
        80.21270000608638,
        29.981300001963973,
        18.98079999955371,
        81.05400000931695,
        23.47909996751696,
        129.37840004451573
      ],
      "ms_total": 482.7686999924481,
      "states": [
        314,
        1801,
        1569,
        314,
        305,
        1425,
        617,
        1433
      ],
      "states_total": 7778
    },
    "nfa_rbisim": {
      "ms": [
        635.5031999992207,
        20234.942500013858,
        27345.162800047547,
        839.3576999660581,
        917.050999996718,
        12411.027599999215,
        2303.1159000238404,
        12368.677499995101
      ],
      "ms_total": 77054.83820004156,
      "states": [
        23,
        270,
        172,
        23,
        12,
        189,
        52,
        149
      ],
      "states_total": 890
    },
    "dfa_subset": {
      "ms": [
        17.680900054983795,
        544.1712000174448,
        248.12260002363473,
        15.056000032927841,
        5.263599974568933,
        318.0005999747664,
        25.62119998037815,
        153.20890001021326
      ],
      "ms_total": 1327.1250000689179,
      "states": [
        158,
        1531,
        1111,
        158,
        77,
        1107,
        299,
        878
      ],
      "states_total": 5319
    },
    "dfa_min": {
      "ms": [
        134.14159999229014,
        19999.674599966966,
        6977.5964000145905,
        176.7581999883987,
        25.874999992083758,
        9994.244800007436,
        492.0160000328906,
        5790.446300001349
      ],
      "ms_total": 43590.752899996005,
      "states": [
        21,
        217,
        99,
        21,
        13,
        137,
        49,
        84
      ],
      "states_total": 641
    }
  },
  "configs": {
    "nfa": {
      "solver_id": "nl.tudelft.algorithmics.pumpkin-regular",
      "dzn": "instances_dzn/nfa/0_low_blowup/polyominoes_36.dzn",
      "status": "SATISFIED",
      "exit_code": 0,
      "stats": {
        "paths": 0,
        "flatIntVars": 64,
        "flatIntConstraints": 8,
        "method": "satisfy",
        "flatTime": 0.329872,
        "nodes": 431,
        "restarts": 0,
        "peakDepth": 13,
        "solveTime": 544.1583368,
        "variables": 66,
        "propagators": 9,
        "failures": 423,
        "propagations": 12248,
        "nogoods": 423,
        "numAtomicConstraintsPropagated": 0,
        "regularNfaPropagatorNumber1LayeredMultigraphSyncTimeNs": 13314860600,
        "regularNfaPropagatorNumber2LayeredMultigraphSyncTimeNs": 78889896600,
        "regularNfaPropagatorNumber3LayeredMultigraphSyncTimeNs": 84149824800,
        "regularNfaPropagatorNumber4LayeredMultigraphSyncTimeNs": 13077340700,
        "regularNfaPropagatorNumber5LayeredMultigraphSyncTimeNs": 6625849400,
        "regularNfaPropagatorNumber6LayeredMultigraphSyncTimeNs": 88495819100,
        "regularNfaPropagatorNumber7LayeredMultigraphSyncTimeNs": 15421515500,
        "regularNfaPropagatorNumber8LayeredMultigraphSyncTimeNs": 48089949800,
        "AverageConflictSize": 232.63120567375887,
        "NumUnitNogoodsLearned": 0,
        "AverageLearnedNogoodLength": 7.392434988179669,
        "AverageBacktrackAmount": 0,
        "AverageLbd": 7.390070921985815,
        "1AutonomousSearchNumBackupCalled": 0,
        "1AutonomousSearchNumPredicatesRemoved": 0,
        "1AutonomousSearchNumCalls": 1,
        "1AutonomousSearchNumPredicatesAdded": 614,
        "1AutonomousSearchAverageSizeOfHeap": 614,
        "1AutonomousSearchNumAssignedPredicatesEncountered": 614,
        "nSolutions": 1
      },
      "layered_multigraph_sync_ms": 348065.0565,
      "errors": [],
      "stdout": "% Generated FlatZinc statistics:\r\n%%%mzn-stat: paths=0\r\n%%%mzn-stat: flatIntVars=64\r\n%%%mzn-stat: flatIntConstraints=8\r\n%%%mzn-stat: method=\"satisfy\"\r\n%%%mzn-stat: flatTime=0.329872\r\n%%%mzn-stat-end\r\n% Logging successfully configured\r\n%%%mzn-stat: nodes=431\r\n%%%mzn-stat: restarts=0\r\n%%%mzn-stat: peakDepth=13\r\n%%%mzn-stat: solveTime=544.1583368\r\n%%%mzn-stat: variables=66\r\n%%%mzn-stat: propagators=9\r\n%%%mzn-stat: failures=423\r\n%%%mzn-stat: propagations=12248\r\n%%%mzn-stat: nogoods=423\r\n%%%mzn-stat: numAtomicConstraintsPropagated=0\r\n%%%mzn-stat: regularNfaPropagatorNumber1LayeredMultigraphSyncTimeNs=13314860600\r\n%%%mzn-stat: regularNfaPropagatorNumber2LayeredMultigraphSyncTimeNs=78889896600\r\n%%%mzn-stat: regularNfaPropagatorNumber3LayeredMultigraphSyncTimeNs=84149824800\r\n%%%mzn-stat: regularNfaPropagatorNumber4LayeredMultigraphSyncTimeNs=13077340700\r\n%%%mzn-stat: regularNfaPropagatorNumber5LayeredMultigraphSyncTimeNs=6625849400\r\n%%%mzn-stat: regularNfaPropagatorNumber6LayeredMultigraphSyncTimeNs=88495819100\r\n%%%mzn-stat: regularNfaPropagatorNumber7LayeredMultigraphSyncTimeNs=15421515500\r\n%%%mzn-stat: regularNfaPropagatorNumber8LayeredMultigraphSyncTimeNs=48089949800\r\n%%%mzn-stat: AverageConflictSize=232.63120567375887\r\n%%%mzn-stat: NumUnitNogoodsLearned=0\r\n%%%mzn-stat: AverageLearnedNogoodLength=7.392434988179669\r\n%%%mzn-stat: AverageBacktrackAmount=0\r\n%%%mzn-stat: AverageLbd=7.390070921985815\r\n%%%mzn-stat: 1AutonomousSearchNumBackupCalled=0\r\n%%%mzn-stat: 1AutonomousSearchNumPredicatesRemoved=0\r\n%%%mzn-stat: 1AutonomousSearchNumCalls=1\r\n%%%mzn-stat: 1AutonomousSearchNumPredicatesAdded=614\r\n%%%mzn-stat: 1AutonomousSearchAverageSizeOfHeap=614\r\n%%%mzn-stat: 1AutonomousSearchNumAssignedPredicatesEncountered=614\r\n%%%mzn-stat-end\r\nPolyominoes Solution:\r\nA A A D D D E E\r\nB C C C C C E E\r\nB B F F C C G G\r\nB B F F F C G G\r\nB B F F F F G G\r\nB B F H H H G G\r\nB B B H H H G G\r\nB B B H H H H H\r\n\r\nSummary: Used 8 tiles on a 8x8 board.\r\n----------\r\n%%%mzn-stat: nSolutions=1\r\n%%%mzn-stat-end\r\n",
      "stderr": ""
    },
    "dfa": {
      "solver_id": "nl.tudelft.algorithmics.pumpkin-regular",
      "dzn": "instances_dzn/dfa/0_low_blowup/polyominoes_36.dzn",
      "status": "SATISFIED",
      "exit_code": 0,
      "stats": {
        "paths": 0,
        "flatIntVars": 64,
        "flatIntConstraints": 8,
        "method": "satisfy",
        "flatTime": 11.3129,
        "nodes": 431,
        "restarts": 0,
        "peakDepth": 13,
        "solveTime": 287.7294002,
        "variables": 66,
        "propagators": 9,
        "failures": 423,
        "propagations": 12227,
        "nogoods": 423,
        "numAtomicConstraintsPropagated": 0,
        "regularDfaPropagatorNumber1LayeredMultigraphSyncTimeNs": 9461879700,
        "regularDfaPropagatorNumber2LayeredMultigraphSyncTimeNs": 45487887000,
        "regularDfaPropagatorNumber3LayeredMultigraphSyncTimeNs": 34532834600,
        "regularDfaPropagatorNumber4LayeredMultigraphSyncTimeNs": 9032586900,
        "regularDfaPropagatorNumber5LayeredMultigraphSyncTimeNs": 5115436600,
        "regularDfaPropagatorNumber6LayeredMultigraphSyncTimeNs": 45028652400,
        "regularDfaPropagatorNumber7LayeredMultigraphSyncTimeNs": 11064395200,
        "regularDfaPropagatorNumber8LayeredMultigraphSyncTimeNs": 20694002200,
        "AverageConflictSize": 232.63120567375887,
        "NumUnitNogoodsLearned": 0,
        "AverageLearnedNogoodLength": 7.392434988179669,
        "AverageBacktrackAmount": 0,
        "AverageLbd": 7.390070921985815,
        "1AutonomousSearchNumBackupCalled": 0,
        "1AutonomousSearchNumPredicatesRemoved": 0,
        "1AutonomousSearchNumCalls": 1,
        "1AutonomousSearchNumPredicatesAdded": 614,
        "1AutonomousSearchAverageSizeOfHeap": 614,
        "1AutonomousSearchNumAssignedPredicatesEncountered": 614,
        "nSolutions": 1
      },
      "layered_multigraph_sync_ms": 180417.6746,