{
  "instance": "polyominoes_19",
  "problem_type": "polyominoes",
  "blowup_bin": "0_low_blowup",
  "blowup": 0.7497546614327772,
  "timeout_seconds": 600,
  "model": "models/polyominoes.mzn",
  "construction": {
    "nfa_glushkov": {
      "ms": [
        8.074199955444783,
        24.37070000451058,
        82.97420002054423,
        132.75879999855533,
        132.92509998427704,
        6.396600045263767,
        7.821900013368577,
        77.68589997431263
      ],
      "ms_total": 473.00739999627694,
      "states": [
        243,
        633,
        1609,
        2265,
        1657,
        183,
        183,
        1561
      ],
      "states_total": 8334
    },
    "nfa_rbisim": {
      "ms": [
        289.393300015945,
        2461.8795000133105,
        13619.739999994636,
        30596.455699997023,
        15489.12849999033,
        133.01859999774024,
        137.42889999412,
        14272.622900025453
      ],
      "ms_total": 76999.66740002856,
      "states": [
        22,
        26,
        221,
        273,
        225,
        13,
        13,
        226
      ],
      "states_total": 1019
    },
    "dfa_subset": {
      "ms": [
        5.608800041954964,
        12.926800001878291,
        329.9871999770403,
        760.6617000419647,
        444.00379998842254,
        5.470599979162216,
        5.768300034105778,
        381.0879000229761
      ],
      "ms_total": 1945.5151000875048,
      "states": [
        122,
        177,
        1230,
        1758,
        1339,
        92,
        92,
        1256
      ],
      "states_total": 6066
    },
    "dfa_min": {
      "ms": [
        82.61089998995885,
        193.80599999567494,
        11546.799900010228,
        25144.321899977513,
        14295.545500004664,
        37.71470003994182,
        24.303299956955016,
        12276.091800013091
      ],
      "ms_total": 63601.19399998803,
      "states": [
        23,
        21,
        157,
        193,
        173,
        12,
        12,
        173
      ],
      "states_total": 764
    }
  },
  "configs": {
    "nfa": {
      "solver_id": "nl.tudelft.algorithmics.pumpkin-regular",
      "dzn": "instances_dzn/nfa/0_low_blowup/polyominoes_19.dzn",
      "status": "SATISFIED",
      "exit_code": 0,
      "stats": {
        "paths": 0,
        "flatIntVars": 64,
        "flatIntConstraints": 8,
        "method": "satisfy",
        "flatTime": 13.6886,
        "nodes": 179,
        "restarts": 0,
        "peakDepth": 10,
        "solveTime": 172.5012865,
        "variables": 66,
        "propagators": 9,
        "failures": 174,
        "propagations": 4329,
        "nogoods": 174,
        "numAtomicConstraintsPropagated": 0,
        "regularNfaPropagatorNumber1LayeredMultigraphSyncTimeNs": 2698926800,
        "regularNfaPropagatorNumber2LayeredMultigraphSyncTimeNs": 4872497500,
        "regularNfaPropagatorNumber3LayeredMultigraphSyncTimeNs": 28689623600,
        "regularNfaPropagatorNumber4LayeredMultigraphSyncTimeNs": 24908229800,
        "regularNfaPropagatorNumber5LayeredMultigraphSyncTimeNs": 26573572400,
        "regularNfaPropagatorNumber6LayeredMultigraphSyncTimeNs": 1869966500,
        "regularNfaPropagatorNumber7LayeredMultigraphSyncTimeNs": 1759154800,
        "regularNfaPropagatorNumber8LayeredMultigraphSyncTimeNs": 18819803000,
        "AverageConflictSize": 239.29310344827587,
        "NumUnitNogoodsLearned": 0,
        "AverageLearnedNogoodLength": 5.896551724137931,
        "AverageBacktrackAmount": 0,
        "AverageLbd": 5.885057471264368,
        "1AutonomousSearchNumBackupCalled": 0,
        "1AutonomousSearchNumPredicatesRemoved": 0,
        "1AutonomousSearchNumCalls": 1,
        "1AutonomousSearchNumPredicatesAdded": 461,
        "1AutonomousSearchAverageSizeOfHeap": 461,
        "1AutonomousSearchNumAssignedPredicatesEncountered": 461,
        "nSolutions": 1
      },
      "layered_multigraph_sync_ms": 110191.7744,
      "errors": [],
      "stdout": "% Generated FlatZinc statistics:\r\n%%%mzn-stat: paths=0\r\n%%%mzn-stat: flatIntVars=64\r\n%%%mzn-stat: flatIntConstraints=8\r\n%%%mzn-stat: method=\"satisfy\"\r\n%%%mzn-stat: flatTime=13.6886\r\n%%%mzn-stat-end\r\n% Logging successfully configured\r\n%%%mzn-stat: nodes=179\r\n%%%mzn-stat: restarts=0\r\n%%%mzn-stat: peakDepth=10\r\n%%%mzn-stat: solveTime=172.5012865\r\n%%%mzn-stat: variables=66\r\n%%%mzn-stat: propagators=9\r\n%%%mzn-stat: failures=174\r\n%%%mzn-stat: propagations=4329\r\n%%%mzn-stat: nogoods=174\r\n%%%mzn-stat: numAtomicConstraintsPropagated=0\r\n%%%mzn-stat: regularNfaPropagatorNumber1LayeredMultigraphSyncTimeNs=2698926800\r\n%%%mzn-stat: regularNfaPropagatorNumber2LayeredMultigraphSyncTimeNs=4872497500\r\n%%%mzn-stat: regularNfaPropagatorNumber3LayeredMultigraphSyncTimeNs=28689623600\r\n%%%mzn-stat: regularNfaPropagatorNumber4LayeredMultigraphSyncTimeNs=24908229800\r\n%%%mzn-stat: regularNfaPropagatorNumber5LayeredMultigraphSyncTimeNs=26573572400\r\n%%%mzn-stat: regularNfaPropagatorNumber6LayeredMultigraphSyncTimeNs=1869966500\r\n%%%mzn-stat: regularNfaPropagatorNumber7LayeredMultigraphSyncTimeNs=1759154800\r\n%%%mzn-stat: regularNfaPropagatorNumber8LayeredMultigraphSyncTimeNs=18819803000\r\n%%%mzn-stat: AverageConflictSize=239.29310344827587\r\n%%%mzn-stat: NumUnitNogoodsLearned=0\r\n%%%mzn-stat: AverageLearnedNogoodLength=5.896551724137931\r\n%%%mzn-stat: AverageBacktrackAmount=0\r\n%%%mzn-stat: AverageLbd=5.885057471264368\r\n%%%mzn-stat: 1AutonomousSearchNumBackupCalled=0\r\n%%%mzn-stat: 1AutonomousSearchNumPredicatesRemoved=0\r\n%%%mzn-stat: 1AutonomousSearchNumCalls=1\r\n%%%mzn-stat: 1AutonomousSearchNumPredicatesAdded=461\r\n%%%mzn-stat: 1AutonomousSearchAverageSizeOfHeap=461\r\n%%%mzn-stat: 1AutonomousSearchNumAssignedPredicatesEncountered=461\r\n%%%mzn-stat-end\r\nPolyominoes Solution:\r\nA A A C F F C C\r\nA A A C C C C C\r\nA A A C C C B C\r\nE E E E H C B B\r\nD E E E H H H H\r\nD D E E H H H H\r\nD D D E E H H H\r\nG G D D D D D H\r\n\r\nSummary: Used 8 tiles on a 8x8 board.\r\n----------\r\n%%%mzn-stat: nSolutions=1\r\n%%%mzn-stat-end\r\n",
      "stderr": ""
    },
    "dfa": {
      "solver_id": "nl.tudelft.algorithmics.pumpkin-regular",
      "dzn": "instances_dzn/dfa/0_low_blowup/polyominoes_19.dzn",
      "status": "SATISFIED",
      "exit_code": 0,
      "stats": {
        "paths": 0,
        "flatIntVars": 64,
        "flatIntConstraints": 8,
        "method": "satisfy",
        "flatTime": 0.321064,
        "nodes": 179,
        "restarts": 0,
        "peakDepth": 10,
        "solveTime": 77.6615497,
        "variables": 66,
        "propagators": 9,
        "failures": 174,
        "propagations": 4321,
        "nogoods": 174,
        "numAtomicConstraintsPropagated": 0,
        "regularDfaPropagatorNumber1LayeredMultigraphSyncTimeNs": 1649461800,
        "regularDfaPropagatorNumber2LayeredMultigraphSyncTimeNs": 2394974000,
        "regularDfaPropagatorNumber3LayeredMultigraphSyncTimeNs": 11820200200,
        "regularDfaPropagatorNumber4LayeredMultigraphSyncTimeNs": 10832896400,
        "regularDfaPropagatorNumber5LayeredMultigraphSyncTimeNs": 11826306500,
        "regularDfaPropagatorNumber6LayeredMultigraphSyncTimeNs": 1008103100,
        "regularDfaPropagatorNumber7LayeredMultigraphSyncTimeNs": 929370500,
        "regularDfaPropagatorNumber8LayeredMultigraphSyncTimeNs": 8228449300,
        "AverageConflictSize": 239.29310344827587,
        "NumUnitNogoodsLearned": 0,
        "AverageLearnedNogoodLength": 5.896551724137931,
        "AverageBacktrackAmount": 0,
        "AverageLbd": 5.885057471264368,
        "1AutonomousSearchNumBackupCalled": 0,
        "1AutonomousSearchNumPredicatesRemoved": 0,
        "1AutonomousSearchNumCalls": 1,
        "1AutonomousSearchNumPredicatesAdded": 461,
        "1AutonomousSearchAverageSizeOfHeap": 461,
        "1AutonomousSearchNumAssignedPredicatesEncountered": 461,
        "nSolutions": 1
      },
      "layered_multigraph_sync_ms": 48689.7618,