{
  "instance": "polyominoes_21",
  "problem_type": "polyominoes",
  "blowup_bin": "0_low_blowup",
  "blowup": 0.776,
  "timeout_seconds": 600,
  "model": "models/polyominoes.mzn",
  "construction": {
    "nfa_glushkov": {
      "ms": [
        126.48099998477846,
        47.09389997879043,
        96.47569997468963,
        11.682499956805259,
        0.6781999836675823,
        6.059999985154718,
        49.473099992610514,
        61.33689999114722
      ],
      "ms_total": 399.2812998476438,
      "states": [
        2233,
        1041,
        1553,
        229,
        18,
        183,
        1033,
        1033
      ],
      "states_total": 7323
    },
    "nfa_rbisim": {
      "ms": [
        26670.328499982134,
        6211.758200020995,
        14588.551399996504,
        268.43260001624003,
        1.4421999803744256,
        140.4816000140272,
        5757.879999990109,
        5723.541199986357
      ],
      "ms_total": 59362.41569998674,
      "states": [
        365,
        54,
        231,
        12,
        2,
        13,
        99,
        99
      ],
      "states_total": 875
    },
    "dfa_subset": {
      "ms": [
        714.7855999646708,
        32.12170000188053,
        380.70520001929253,
        3.780100028961897,
        0.35829999251291156,
        3.6174000124447048,
        78.764499980025,
        73.16269999137148
      ],
      "ms_total": 1287.2954999911599,
      "states": [
        1850,
        338,
        1282,
        77,
        18,
        92,
        611,
        611
      ],
      "states_total": 4879
    },
    "dfa_min": {
      "ms": [
        28497.13219999103,
        489.3612000159919,
        12900.460399978328,
        24.152099969796836,
        0.7256999961100519,
        24.44190002279356,
        2218.433400033973,
        2266.029799997341
      ],
      "ms_total": 46420.736700005364,
      "states": [
        297,
        39,
        185,
        13,
        3,
        12,
        65,
        65
      ],
      "states_total": 679
    }
  },
  "configs": {
    "nfa": {
      "solver_id": "nl.tudelft.algorithmics.pumpkin-regular",
      "dzn": "instances_dzn/nfa/0_low_blowup/polyominoes_21.dzn",
      "status": "SATISFIED",
      "exit_code": 0,
      "stats": {
        "paths": 0,
        "flatIntVars": 64,
        "flatIntConstraints": 8,
        "method": "satisfy",
        "flatTime": 0.349529,
        "nodes": 6,
        "restarts": 0,
        "peakDepth": 4,
        "solveTime": 2.5564558,
        "variables": 66,
        "propagators": 9,
        "failures": 2,
        "propagations": 127,
        "nogoods": 2,
        "numAtomicConstraintsPropagated": 0,
        "regularNfaPropagatorNumber1LayeredMultigraphSyncTimeNs": 334566300,
        "regularNfaPropagatorNumber2LayeredMultigraphSyncTimeNs": 165491400,
        "regularNfaPropagatorNumber3LayeredMultigraphSyncTimeNs": 417752400,
        "regularNfaPropagatorNumber4LayeredMultigraphSyncTimeNs": 31715300,
        "regularNfaPropagatorNumber5LayeredMultigraphSyncTimeNs": 8744300,
        "regularNfaPropagatorNumber6LayeredMultigraphSyncTimeNs": 33850500,
        "regularNfaPropagatorNumber7LayeredMultigraphSyncTimeNs": 252121600,
        "regularNfaPropagatorNumber8LayeredMultigraphSyncTimeNs": 250326600,
        "AverageConflictSize": 133,
        "NumUnitNogoodsLearned": 0,
        "AverageLearnedNogoodLength": 4,
        "AverageBacktrackAmount": 0,
        "AverageLbd": 4,
        "1AutonomousSearchNumBackupCalled": 0,
        "1AutonomousSearchNumPredicatesRemoved": 0,
        "1AutonomousSearchNumCalls": 1,
        "1AutonomousSearchNumPredicatesAdded": 81,
        "1AutonomousSearchAverageSizeOfHeap": 81,
        "1AutonomousSearchNumAssignedPredicatesEncountered": 81,
        "nSolutions": 1
      },
      "layered_multigraph_sync_ms": 1494.5684,
      "errors": [],
      "stdout": "% Generated FlatZinc statistics:\r\n%%%mzn-stat: paths=0\r\n%%%mzn-stat: flatIntVars=64\r\n%%%mzn-stat: flatIntConstraints=8\r\n%%%mzn-stat: method=\"satisfy\"\r\n%%%mzn-stat: flatTime=0.349529\r\n%%%mzn-stat-end\r\n% Logging successfully configured\r\n%%%mzn-stat: nodes=6\r\n%%%mzn-stat: restarts=0\r\n%%%mzn-stat: peakDepth=4\r\n%%%mzn-stat: solveTime=2.5564558\r\n%%%mzn-stat: variables=66\r\n%%%mzn-stat: propagators=9\r\n%%%mzn-stat: failures=2\r\n%%%mzn-stat: propagations=127\r\n%%%mzn-stat: nogoods=2\r\n%%%mzn-stat: numAtomicConstraintsPropagated=0\r\n%%%mzn-stat: regularNfaPropagatorNumber1LayeredMultigraphSyncTimeNs=334566300\r\n%%%mzn-stat: regularNfaPropagatorNumber2LayeredMultigraphSyncTimeNs=165491400\r\n%%%mzn-stat: regularNfaPropagatorNumber3LayeredMultigraphSyncTimeNs=417752400\r\n%%%mzn-stat: regularNfaPropagatorNumber4LayeredMultigraphSyncTimeNs=31715300\r\n%%%mzn-stat: regularNfaPropagatorNumber5LayeredMultigraphSyncTimeNs=8744300\r\n%%%mzn-stat: regularNfaPropagatorNumber6LayeredMultigraphSyncTimeNs=33850500\r\n%%%mzn-stat: regularNfaPropagatorNumber7LayeredMultigraphSyncTimeNs=252121600\r\n%%%mzn-stat: regularNfaPropagatorNumber8LayeredMultigraphSyncTimeNs=250326600\r\n%%%mzn-stat: AverageConflictSize=133\r\n%%%mzn-stat: NumUnitNogoodsLearned=0\r\n%%%mzn-stat: AverageLearnedNogoodLength=4\r\n%%%mzn-stat: AverageBacktrackAmount=0\r\n%%%mzn-stat: AverageLbd=4\r\n%%%mzn-stat: 1AutonomousSearchNumBackupCalled=0\r\n%%%mzn-stat: 1AutonomousSearchNumPredicatesRemoved=0\r\n%%%mzn-stat: 1AutonomousSearchNumCalls=1\r\n%%%mzn-stat: 1AutonomousSearchNumPredicatesAdded=81\r\n%%%mzn-stat: 1AutonomousSearchAverageSizeOfHeap=81\r\n%%%mzn-stat: 1AutonomousSearchNumAssignedPredicatesEncountered=81\r\n%%%mzn-stat-end\r\nPolyominoes Solution:\r\nA A A D D G G G\r\nA A A D D G G G\r\nE A A A A A B G\r\nA A A A A B B B\r\nA F A A A A B B\r\nA F C C C H H H\r\nA C C C C C H H\r\nC C C C C C H H\r\n\r\nSummary: Used 8 tiles on a 8x8 board.\r\n----------\r\n%%%mzn-stat: nSolutions=1\r\n%%%mzn-stat-end\r\n",
      "stderr": ""
    },
    "dfa": {
      "solver_id": "nl.tudelft.algorithmics.pumpkin-regular",
      "dzn": "instances_dzn/dfa/0_low_blowup/polyominoes_21.dzn",
      "status": "SATISFIED",
      "exit_code": 0,
      "stats": {
        "paths": 0,
        "flatIntVars": 64,
        "flatIntConstraints": 8,
        "method": "satisfy",
        "flatTime": 0.30809,
        "nodes": 6,
        "restarts": 0,
        "peakDepth": 4,
        "solveTime": 1.9906448,
        "variables": 66,
        "propagators": 9,
        "failures": 2,
        "propagations": 127,
        "nogoods": 2,
        "numAtomicConstraintsPropagated": 0,
        "regularDfaPropagatorNumber1LayeredMultigraphSyncTimeNs": 277877000,
        "regularDfaPropagatorNumber2LayeredMultigraphSyncTimeNs": 116878000,
        "regularDfaPropagatorNumber3LayeredMultigraphSyncTimeNs": 311407100,
        "regularDfaPropagatorNumber4LayeredMultigraphSyncTimeNs": 32945400,
        "regularDfaPropagatorNumber5LayeredMultigraphSyncTimeNs": 9182100,
        "regularDfaPropagatorNumber6LayeredMultigraphSyncTimeNs": 37431900,
        "regularDfaPropagatorNumber7LayeredMultigraphSyncTimeNs": 164462600,
        "regularDfaPropagatorNumber8LayeredMultigraphSyncTimeNs": 162449400,
        "AverageConflictSize": 133,
        "NumUnitNogoodsLearned": 0,
        "AverageLearnedNogoodLength": 4,
        "AverageBacktrackAmount": 0,
        "AverageLbd": 4,
        "1AutonomousSearchNumBackupCalled": 0,
        "1AutonomousSearchNumPredicatesRemoved": 0,
        "1AutonomousSearchNumCalls": 1,
        "1AutonomousSearchNumPredicatesAdded": 81,
        "1AutonomousSearchAverageSizeOfHeap": 81,
        "1AutonomousSearchNumAssignedPredicatesEncountered": 81,
        "nSolutions": 1
      },
      "layered_multigraph_sync_ms": 1112.6335,
      "errors": [],