{
  "instance": "polyominoes_79",
  "problem_type": "polyominoes",
  "blowup_bin": "0_low_blowup",
  "blowup": 0.7162740899357601,
  "timeout_seconds": 600,
  "model": "models/polyominoes.mzn",
  "construction": {
    "nfa_glushkov": {
      "ms": [
        79.838200006634,
        0.8052000193856657,
        41.212899959646165,
        69.70529997488484,
        8.943699998781085,
        27.651300013531,
        4.017099970951676,
        67.39290000405163
      ],
      "ms_total": 299.56659994786605,
      "states": [
        1953,
        18,
        1033,
        1705,
        317,
        865,
        153,
        1713
      ],
      "states_total": 7757
    },
    "nfa_rbisim": {
      "ms": [
        16592.363700037822,
        1.801899983547628,
        4312.169200042263,
        11014.284300035797,
        352.3818000103347,
        3032.865800021682,
        87.36020000651479,
        11714.391499990597
      ],
      "ms_total": 47107.61840012856,
      "states": [
        314,
        2,
        99,
        219,
        26,
        45,
        12,
        217
      ],
      "states_total": 934
    },
    "dfa_subset": {
      "ms": [
        351.1284999549389,
        0.4807999939657748,
        56.01980001665652,
        300.08519999682903,
        6.958600017242134,
        23.089799971785396,
        2.2376999841071665,
        306.30740005290136
      ],
      "ms_total": 1046.3077999884263,
      "states": [
        1498,
        18,
        611,
        1333,
        177,
        301,
        77,
        1352
      ],
      "states_total": 5367
    },
    "dfa_min": {
      "ms": [
        14942.323600000236,
        1.0782000026665628,
        1854.470499965828,
        10976.738299999852,
        77.12169998558238,
        321.82399998418987,
        17.485399963334203,
        11071.91260001855
      ],
      "ms_total": 39262.95429992024,
      "states": [
        223,
        3,
        65,
        155,
        21,
        32,
        13,
        157
      ],
      "states_total": 669
    }
  },
  "configs": {
    "nfa": {
      "solver_id": "nl.tudelft.algorithmics.pumpkin-regular",
      "dzn": "instances_dzn/nfa/0_low_blowup/polyominoes_79.dzn",
      "status": "SATISFIED",
      "exit_code": 0,
      "stats": {
        "paths": 0,
        "flatIntVars": 64,
        "flatIntConstraints": 8,
        "method": "satisfy",
        "flatTime": 0.305603,
        "nodes": 164,
        "restarts": 0,
        "peakDepth": 15,
        "solveTime": 75.548292,
        "variables": 66,
        "propagators": 9,
        "failures": 157,
        "propagations": 4246,
        "nogoods": 157,
        "numAtomicConstraintsPropagated": 0,
        "regularNfaPropagatorNumber1LayeredMultigraphSyncTimeNs": 7422096300,
        "regularNfaPropagatorNumber2LayeredMultigraphSyncTimeNs": 359874000,
        "regularNfaPropagatorNumber3LayeredMultigraphSyncTimeNs": 9577395300,
        "regularNfaPropagatorNumber4LayeredMultigraphSyncTimeNs": 14263949200,
        "regularNfaPropagatorNumber5LayeredMultigraphSyncTimeNs": 2395889400,
        "regularNfaPropagatorNumber6LayeredMultigraphSyncTimeNs": 3660353400,
        "regularNfaPropagatorNumber7LayeredMultigraphSyncTimeNs": 920961000,
        "regularNfaPropagatorNumber8LayeredMultigraphSyncTimeNs": 11572293300,
        "AverageConflictSize": 292.73248407643314,
        "NumUnitNogoodsLearned": 0,
        "AverageLearnedNogoodLength": 9.044585987261147,
        "AverageBacktrackAmount": 0,
        "AverageLbd": 9.031847133757962,
        "1AutonomousSearchNumBackupCalled": 0,
        "1AutonomousSearchNumPredicatesRemoved": 0,
        "1AutonomousSearchNumCalls": 1,
        "1AutonomousSearchNumPredicatesAdded": 553,
        "1AutonomousSearchAverageSizeOfHeap": 553,
        "1AutonomousSearchNumAssignedPredicatesEncountered": 553,
        "nSolutions": 1
      },
      "layered_multigraph_sync_ms": 50172.8119,
      "errors": [],
      "stdout": "% Generated FlatZinc statistics:\r\n%%%mzn-stat: paths=0\r\n%%%mzn-stat: flatIntVars=64\r\n%%%mzn-stat: flatIntConstraints=8\r\n%%%mzn-stat: method=\"satisfy\"\r\n%%%mzn-stat: flatTime=0.305603\r\n%%%mzn-stat-end\r\n% Logging successfully configured\r\n%%%mzn-stat: nodes=164\r\n%%%mzn-stat: restarts=0\r\n%%%mzn-stat: peakDepth=15\r\n%%%mzn-stat: solveTime=75.548292\r\n%%%mzn-stat: variables=66\r\n%%%mzn-stat: propagators=9\r\n%%%mzn-stat: failures=157\r\n%%%mzn-stat: propagations=4246\r\n%%%mzn-stat: nogoods=157\r\n%%%mzn-stat: numAtomicConstraintsPropagated=0\r\n%%%mzn-stat: regularNfaPropagatorNumber1LayeredMultigraphSyncTimeNs=7422096300\r\n%%%mzn-stat: regularNfaPropagatorNumber2LayeredMultigraphSyncTimeNs=359874000\r\n%%%mzn-stat: regularNfaPropagatorNumber3LayeredMultigraphSyncTimeNs=9577395300\r\n%%%mzn-stat: regularNfaPropagatorNumber4LayeredMultigraphSyncTimeNs=14263949200\r\n%%%mzn-stat: regularNfaPropagatorNumber5LayeredMultigraphSyncTimeNs=2395889400\r\n%%%mzn-stat: regularNfaPropagatorNumber6LayeredMultigraphSyncTimeNs=3660353400\r\n%%%mzn-stat: regularNfaPropagatorNumber7LayeredMultigraphSyncTimeNs=920961000\r\n%%%mzn-stat: regularNfaPropagatorNumber8LayeredMultigraphSyncTimeNs=11572293300\r\n%%%mzn-stat: AverageConflictSize=292.73248407643314\r\n%%%mzn-stat: NumUnitNogoodsLearned=0\r\n%%%mzn-stat: AverageLearnedNogoodLength=9.044585987261147\r\n%%%mzn-stat: AverageBacktrackAmount=0\r\n%%%mzn-stat: AverageLbd=9.031847133757962\r\n%%%mzn-stat: 1AutonomousSearchNumBackupCalled=0\r\n%%%mzn-stat: 1AutonomousSearchNumPredicatesRemoved=0\r\n%%%mzn-stat: 1AutonomousSearchNumCalls=1\r\n%%%mzn-stat: 1AutonomousSearchNumPredicatesAdded=553\r\n%%%mzn-stat: 1AutonomousSearchAverageSizeOfHeap=553\r\n%%%mzn-stat: 1AutonomousSearchNumAssignedPredicatesEncountered=553\r\n%%%mzn-stat-end\r\nPolyominoes Solution:\r\nA A A A C C C F\r\nA A A A C C F F\r\nA A A A C C F D\r\nA A A H H H H D\r\nE A A A H H D D\r\nE E A A H D D D\r\nG G A A H D B D\r\nG G A A H H D D\r\n\r\nSummary: Used 8 tiles on a 8x8 board.\r\n----------\r\n%%%mzn-stat: nSolutions=1\r\n%%%mzn-stat-end\r\n",
      "stderr": ""
    },
    "dfa": {
      "solver_id": "nl.tudelft.algorithmics.pumpkin-regular",
      "dzn": "instances_dzn/dfa/0_low_blowup/polyominoes_79.dzn",
      "status": "SATISFIED",
      "exit_code": 0,
      "stats": {
        "paths": 0,
        "flatIntVars": 64,
        "flatIntConstraints": 8,
        "method": "satisfy",
        "flatTime": 0.299213,
        "nodes": 164,
        "restarts": 0,
        "peakDepth": 15,
        "solveTime": 54.8203671,
        "variables": 66,
        "propagators": 9,
        "failures": 157,
        "propagations": 4252,
        "nogoods": 157,
        "numAtomicConstraintsPropagated": 0,
        "regularDfaPropagatorNumber1LayeredMultigraphSyncTimeNs": 5709586800,
        "regularDfaPropagatorNumber2LayeredMultigraphSyncTimeNs": 352543600,
        "regularDfaPropagatorNumber3LayeredMultigraphSyncTimeNs": 6410818500,
        "regularDfaPropagatorNumber4LayeredMultigraphSyncTimeNs": 9766764400,
        "regularDfaPropagatorNumber5LayeredMultigraphSyncTimeNs": 1898544500,
        "regularDfaPropagatorNumber6LayeredMultigraphSyncTimeNs": 2526552100,
        "regularDfaPropagatorNumber7LayeredMultigraphSyncTimeNs": 924672800,
        "regularDfaPropagatorNumber8LayeredMultigraphSyncTimeNs": 8017406600,
        "AverageConflictSize": 292.73248407643314,
        "NumUnitNogoodsLearned": 0,
        "AverageLearnedNogoodLength": 9.044585987261147,
        "AverageBacktrackAmount": 0,
        "AverageLbd": 9.031847133757962,
        "1AutonomousSearchNumBackupCalled": 0,
        "1AutonomousSearchNumPredicatesRemoved": 0,
        "1AutonomousSearchNumCalls": 1,
        "1AutonomousSearchNumPredicatesAdded": 553,
        "1AutonomousSearchAverageSizeOfHeap": 553,
        "1AutonomousSearchNumAssignedPredicatesEncountered": 553,
        "nSolutions": 1
      },
      "layered_multigraph_sync_ms": 35606.8893,
      "errors": [],