{
  "instance": "polyominoes_68",
  "problem_type": "polyominoes",
  "blowup_bin": "0_low_blowup",
  "blowup": 0.7086903304773562,
  "timeout_seconds": 600,
  "model": "models/polyominoes.mzn",
  "construction": {
    "nfa_glushkov": {
      "ms": [
        95.11049999855459,
        62.96720000682399,
        5.117799970321357,
        54.374300001654774,
        4.129600012674928,
        0.5355000030249357,
        62.21889995504171,
        9.074300003703684
      ],
      "ms_total": 293.52809995179996,
      "states": [
        2201,
        1609,
        183,
        1241,
        153,
        18,
        1305,
        314
      ],
      "states_total": 7024
    },
    "nfa_rbisim": {
      "ms": [
        19980.854400026146,
        11651.07809996698,
        110.06829998223111,
        8532.216499967035,
        77.25250005023554,
        1.130599994212389,
        6925.507200008724,
        339.79030000045896
      ],
      "ms_total": 47617.89789999602,
      "states": [
        296,
        241,
        13,
        86,
        12,
        2,
        144,
        23
      ],
      "states_total": 817
    },
    "dfa_subset": {
      "ms": [
        561.2932000076398,
        219.38490000320598,
        2.793500025290996,
        31.165199994575232,
        3.1429000082425773,
        0.2812999882735312,
        132.06460000947118,
        6.523200019728392
      ],
      "ms_total": 956.6488000564277,
      "states": [
        1823,
        1201,
        92,
        419,
        77,
        18,
        908,
        158
      ],
      "states_total": 4696
    },
    "dfa_min": {
      "ms": [
        21991.395200020634,
        9008.14759999048,
        18.818899989128113,
        812.923299963586,
        19.92039999458939,
        0.5641000461764634,
        4610.943900013808,
        76.92699995823205
      ],
      "ms_total": 36539.64039997663,
      "states": [
        233,
        155,
        12,
        57,
        13,
        3,
        85,
        21
      ],
      "states_total": 579
    }
  },
  "configs": {
    "nfa": {
      "solver_id": "nl.tudelft.algorithmics.pumpkin-regular",
      "dzn": "instances_dzn/nfa/0_low_blowup/polyominoes_68.dzn",
      "status": "SATISFIED",
      "exit_code": 0,
      "stats": {
        "paths": 0,
        "flatIntVars": 64,
        "flatIntConstraints": 8,
        "method": "satisfy",
        "flatTime": 0.331502,
        "nodes": 303,
        "restarts": 0,
        "peakDepth": 9,
        "solveTime": 129.7016991,
        "variables": 66,
        "propagators": 9,
        "failures": 295,
        "propagations": 6848,
        "nogoods": 295,
        "numAtomicConstraintsPropagated": 0,
        "regularNfaPropagatorNumber1LayeredMultigraphSyncTimeNs": 28054608300,
        "regularNfaPropagatorNumber2LayeredMultigraphSyncTimeNs": 21063092200,
        "regularNfaPropagatorNumber3LayeredMultigraphSyncTimeNs": 2107518100,
        "regularNfaPropagatorNumber4LayeredMultigraphSyncTimeNs": 7751325400,
        "regularNfaPropagatorNumber5LayeredMultigraphSyncTimeNs": 1394560600,
        "regularNfaPropagatorNumber6LayeredMultigraphSyncTimeNs": 381472000,
        "regularNfaPropagatorNumber7LayeredMultigraphSyncTimeNs": 15739779700,
        "regularNfaPropagatorNumber8LayeredMultigraphSyncTimeNs": 2201313600,
        "AverageConflictSize": 204.60338983050846,
        "NumUnitNogoodsLearned": 1,
        "AverageLearnedNogoodLength": 5.074576271186441,
        "AverageBacktrackAmount": 0,
        "AverageLbd": 5.074576271186441,
        "1AutonomousSearchNumBackupCalled": 0,
        "1AutonomousSearchNumPredicatesRemoved": 0,
        "1AutonomousSearchNumCalls": 1,
        "1AutonomousSearchNumPredicatesAdded": 512,
        "1AutonomousSearchAverageSizeOfHeap": 512,
        "1AutonomousSearchNumAssignedPredicatesEncountered": 512,
        "nSolutions": 1
      },
      "layered_multigraph_sync_ms": 78693.6699,
      "errors": [],
      "stdout": "% Generated FlatZinc statistics:\r\n%%%mzn-stat: paths=0\r\n%%%mzn-stat: flatIntVars=64\r\n%%%mzn-stat: flatIntConstraints=8\r\n%%%mzn-stat: method=\"satisfy\"\r\n%%%mzn-stat: flatTime=0.331502\r\n%%%mzn-stat-end\r\n% Logging successfully configured\r\n%%%mzn-stat: nodes=303\r\n%%%mzn-stat: restarts=0\r\n%%%mzn-stat: peakDepth=9\r\n%%%mzn-stat: solveTime=129.7016991\r\n%%%mzn-stat: variables=66\r\n%%%mzn-stat: propagators=9\r\n%%%mzn-stat: failures=295\r\n%%%mzn-stat: propagations=6848\r\n%%%mzn-stat: nogoods=295\r\n%%%mzn-stat: numAtomicConstraintsPropagated=0\r\n%%%mzn-stat: regularNfaPropagatorNumber1LayeredMultigraphSyncTimeNs=28054608300\r\n%%%mzn-stat: regularNfaPropagatorNumber2LayeredMultigraphSyncTimeNs=21063092200\r\n%%%mzn-stat: regularNfaPropagatorNumber3LayeredMultigraphSyncTimeNs=2107518100\r\n%%%mzn-stat: regularNfaPropagatorNumber4LayeredMultigraphSyncTimeNs=7751325400\r\n%%%mzn-stat: regularNfaPropagatorNumber5LayeredMultigraphSyncTimeNs=1394560600\r\n%%%mzn-stat: regularNfaPropagatorNumber6LayeredMultigraphSyncTimeNs=381472000\r\n%%%mzn-stat: regularNfaPropagatorNumber7LayeredMultigraphSyncTimeNs=15739779700\r\n%%%mzn-stat: regularNfaPropagatorNumber8LayeredMultigraphSyncTimeNs=2201313600\r\n%%%mzn-stat: AverageConflictSize=204.60338983050846\r\n%%%mzn-stat: NumUnitNogoodsLearned=1\r\n%%%mzn-stat: AverageLearnedNogoodLength=5.074576271186441\r\n%%%mzn-stat: AverageBacktrackAmount=0\r\n%%%mzn-stat: AverageLbd=5.074576271186441\r\n%%%mzn-stat: 1AutonomousSearchNumBackupCalled=0\r\n%%%mzn-stat: 1AutonomousSearchNumPredicatesRemoved=0\r\n%%%mzn-stat: 1AutonomousSearchNumCalls=1\r\n%%%mzn-stat: 1AutonomousSearchNumPredicatesAdded=512\r\n%%%mzn-stat: 1AutonomousSearchAverageSizeOfHeap=512\r\n%%%mzn-stat: 1AutonomousSearchNumAssignedPredicatesEncountered=512\r\n%%%mzn-stat-end\r\nPolyominoes Solution:\r\nB B B B B B E E\r\nB B B B B B E E\r\nB B B B A A A A\r\nB B B A A C A A\r\nD D D D A C G H\r\nD D D D A G G H\r\nD D D D A F G H\r\nD D D A A G G G\r\n\r\nSummary: Used 8 tiles on a 8x8 board.\r\n----------\r\n%%%mzn-stat: nSolutions=1\r\n%%%mzn-stat-end\r\n",
      "stderr": ""
    },
    "dfa": {
      "solver_id": "nl.tudelft.algorithmics.pumpkin-regular",
      "dzn": "instances_dzn/dfa/0_low_blowup/polyominoes_68.dzn",
      "status": "SATISFIED",
      "exit_code": 0,
      "stats": {
        "paths": 0,
        "flatIntVars": 64,
        "flatIntConstraints": 8,
        "method": "satisfy",
        "flatTime": 0.328256,
        "nodes": 303,
        "restarts": 0,
        "peakDepth": 9,
        "solveTime": 95.1244593,
        "variables": 66,
        "propagators": 9,
        "failures": 295,
        "propagations": 6848,
        "nogoods": 295,
        "numAtomicConstraintsPropagated": 0,
        "regularDfaPropagatorNumber1LayeredMultigraphSyncTimeNs": 21979858200,
        "regularDfaPropagatorNumber2LayeredMultigraphSyncTimeNs": 14460538000,
        "regularDfaPropagatorNumber3LayeredMultigraphSyncTimeNs": 2038287900,
        "regularDfaPropagatorNumber4LayeredMultigraphSyncTimeNs": 5912445600,
        "regularDfaPropagatorNumber5LayeredMultigraphSyncTimeNs": 1481998000,
        "regularDfaPropagatorNumber6LayeredMultigraphSyncTimeNs": 386704800,
        "regularDfaPropagatorNumber7LayeredMultigraphSyncTimeNs": 8485244500,
        "regularDfaPropagatorNumber8LayeredMultigraphSyncTimeNs": 2106291300,
        "AverageConflictSize": 204.60338983050846,
        "NumUnitNogoodsLearned": 1,
        "AverageLearnedNogoodLength": 5.074576271186441,
        "AverageBacktrackAmount": 0,
        "AverageLbd": 5.074576271186441,
        "1AutonomousSearchNumBackupCalled": 0,
        "1AutonomousSearchNumPredicatesRemoved": 0,
        "1AutonomousSearchNumCalls": 1,
        "1AutonomousSearchNumPredicatesAdded": 512,
        "1AutonomousSearchAverageSizeOfHeap": 512,
        "1AutonomousSearchNumAssignedPredicatesEncountered": 512,
        "nSolutions": 1
      },
      "layered_multigraph_sync_ms": 56851.3683,
      "errors": [],