{
  "instance": "polyominoes_26",
  "problem_type": "polyominoes",
  "blowup_bin": "0_low_blowup",
  "blowup": 0.7521008403361344,
  "timeout_seconds": 600,
  "model": "models/polyominoes.mzn",
  "construction": {
    "nfa_glushkov": {
      "ms": [
        66.32069998886436,
        24.163800000678748,
        19.926899985875934,
        6.882500005303882,
        5.966100012301467,
        0.7502999942516908,
        6.344699999317527,
        1.2780999968526885,
        0.7004999933997169,
        10.23499999428168,
        0.7742000016150996,
        6.13599999633152
      ],
      "ms_total": 149.47879996907432,
      "states": [
        1177,
        745,
        645,
        259,
        223,
        26,
        223,
        26,
        26,
        370,
        26,
        223
      ],
      "states_total": 3969
    },
    "nfa_rbisim": {
      "ms": [
        6134.236600002623,
        3041.7898000014247,
        1815.9812000085367,
        427.77369999384973,
        223.59339999093208,
        3.418700012844056,
        227.055700001074,
        3.445800000918098,
        3.465000001597218,
        500.13590000162367,
        3.3995999983744696,
        218.65030001208652
      ],
      "ms_total": 12602.945700025884,
      "states": [
        92,
        22,
        46,
        18,
        11,
        2,
        11,
        2,
        2,
        19,
        2,
        11
      ],
      "states_total": 238
    },
    "dfa_subset": {
      "ms": [
        170.51700000592973,
        19.29549999476876,
        45.298400000319816,
        7.214399985969067,
        5.410199999460019,
        0.8069000032264739,
        5.433600003016181,
        0.592199998209253,
        0.6749000021954998,
        12.515700000221841,
        0.5949000042164698,
        5.6468999973731115
      ],
      "ms_total": 274.0005999949062,
      "states": [
        804,
        213,
        435,
        130,
        112,
        26,
        112,
        26,
        26,
        186,
        26,
        112
      ],
      "states_total": 2208
    },
    "dfa_min": {
      "ms": [
        4200.748800009023,
        164.71139999339357,
        1060.9146999922814,
        89.69880000222474,
        35.10189999360591,
        1.6890999977476895,
        49.15110000001732,
        1.411400007782504,
        1.531100002466701,
        162.8136000072118,
        1.5146000077947974,
        34.841200002119876
      ],
      "ms_total": 5804.12770001567,
      "states": [
        51,
        17,
        33,
        19,
        10,
        3,
        10,
        3,
        3,
        17,
        3,
        10
      ],
      "states_total": 179
    }
  },
  "configs": {
    "nfa": {
      "solver_id": "nl.tudelft.algorithmics.pumpkin-regular",
      "dzn": "instances_dzn/nfa/0_low_blowup/polyominoes_26.dzn",
      "status": "SATISFIED",
      "exit_code": 0,
      "objective": null,
      "proven_optimal": null,
      "stats": {
        "paths": 0,
        "flatIntVars": 36,
        "flatIntConstraints": 12,
        "method": "satisfy",
        "flatTime": 0.365683,
        "nodes": 18,
        "restarts": 0,
        "peakDepth": 18,
        "solveTime": 1.6740236,
        "variables": 38,
        "propagators": 13,
        "failures": 0,
        "propagations": 347,
        "nogoods": 0,
        "AverageConflictSize": 0,
        "NumUnitNogoodsLearned": 0,
        "AverageLearnedNogoodLength": 0,
        "AverageBacktrackAmount": 0,
        "AverageLbd": 0,
        "nSolutions": 1
      },
      "errors": [],
      "parse_errors": [],
      "stdout": "{\"type\": \"statistics\", \"statistics\": {\"paths\": 0, \"flatIntVars\": 36, \"flatIntConstraints\": 12, \"method\": \"satisfy\", \"flatTime\": 0.365683}}\n{\"type\": \"statistics\", \"statistics\": {\"nodes\": 18, \"restarts\": 0, \"peakDepth\": 18, \"solveTime\": 1.6740236, \"variables\": 38, \"propagators\": 13, \"failures\": 0, \"propagations\": 347, \"nogoods\": 0, \"AverageConflictSize\": 0, \"NumUnitNogoodsLearned\": 0, \"AverageLearnedNogoodLength\": 0, \"AverageBacktrackAmount\": 0, \"AverageLbd\": 0}}\n{\"type\": \"solution\", \"output\": {\"default\": \"Polyominoes Solution:\\nA A A B B C\\nC C A A B D\\nD D C A E E\\nD D D C F G\\nG D D D H I\\nJ J J K L L\\n\\nSummary: Used 12 tiles on a 6x6 board.\\n\", \"raw\": \"Polyominoes Solution:\\nA A A B B C\\nC C A A B D\\nD D C A E E\\nD D D C F G\\nG D D D H I\\nJ J J K L L\\n\\nSummary: Used 12 tiles on a 6x6 board.\\n\"}, \"sections\": [\"default\", \"raw\"]}\n{\"type\": \"statistics\", \"statistics\": {\"nSolutions\": 1}}\n",
      "stderr": ""
    },
    "dfa": {
      "solver_id": "nl.tudelft.algorithmics.pumpkin-regular",
      "dzn": "instances_dzn/dfa/0_low_blowup/polyominoes_26.dzn",
      "status": "SATISFIED",
      "exit_code": 0,
      "objective": null,
      "proven_optimal": null,
      "stats": {
        "paths": 0,
        "flatIntVars": 36,
        "flatIntConstraints": 12,
        "method": "satisfy",
        "flatTime": 0.330965,
        "nodes": 18,
        "restarts": 0,
        "peakDepth": 18,
        "solveTime": 1.3489504,
        "variables": 38,
        "propagators": 13,
        "failures": 0,
        "propagations": 347,
        "nogoods": 0,
        "AverageConflictSize": 0,
        "NumUnitNogoodsLearned": 0,
        "AverageLearnedNogoodLength": 0,
        "AverageBacktrackAmount": 0,
        "AverageLbd": 0,
        "nSolutions": 1
      },
      "errors": [],
      "parse_errors": [],
      "stdout": "{\"type\": \"statistics\", \"statistics\": {\"paths\": 0, \"flatIntVars\": 36, \"flatIntConstraints\": 12, \"method\": \"satisfy\", \"flatTime\": 0.330965}}\n{\"type\": \"statistics\", \"statistics\": {\"nodes\": 18, \"restarts\": 0, \"peakDepth\": 18, \"solveTime\": 1.3489504, \"variables\": 38, \"propagators\": 13, \"failures\": 0, \"propagations\": 347, \"nogoods\": 0, \"AverageConflictSize\": 0, \"NumUnitNogoodsLearned\": 0, \"AverageLearnedNogoodLength\": 0, \"AverageBacktrackAmount\": 0, \"AverageLbd\": 0}}\n{\"type\": \"solution\", \"output\": {\"default\": \"Polyominoes Solution:\\nA A A B B C\\nC C A A B D\\nD D C A E E\\nD D D C F G\\nG D D D H I\\nJ J J K L L\\n\\nSummary: Used 12 tiles on a 6x6 board.\\n\", \"raw\": \"Polyominoes Solution:\\nA A A B B C\\nC C A A B D\\nD D C A E E\\nD D D C F G\\nG D D D H I\\nJ J J K L L\\n\\nSummary: Used 12 tiles on a 6x6 board.\\n\"}, \"sections\": [\"default\", \"raw\"]}\n{\"type\": \"statistics\", \"statistics\": {\"nSolutions\": 1}}\n",
      "stderr": ""
    },
    "decomposition": {
      "solver_id": "nl.tudelft.algorithmics.pumpkin-decomposition",
      "dzn": "instances_dzn/dfa/0_low_blowup/polyominoes_26.dzn",
      "status": "SATISFIED",
      "exit_code": 0,
      "objective": null,
      "proven_optimal": null,
      "stats": {
        "paths": 0,
        "flatIntVars": 1020,
        "flatIntConstraints": 996,
        "method": "satisfy",
        "flatTime": 0.505448,
        "nodes": 18,
        "restarts": 0,
        "peakDepth": 18,
        "solveTime": 0.0310025,
        "variables": 1073,
        "propagators": 1417,
        "failures": 0,
        "propagations": 13737,
        "nogoods": 0,
        "AverageConflictSize": 0,
        "NumUnitNogoodsLearned": 0,
        "AverageLearnedNogoodLength": 0,
        "AverageBacktrackAmount": 0,
        "AverageLbd": 0,
        "nSolutions": 1
      },
      "errors": [],
      "parse_errors": [],