{
  "instance": "polyominoes_80",
  "problem_type": "polyominoes",
  "blowup_bin": "0_low_blowup",
  "blowup": 0.6538922155688622,
  "timeout_seconds": 1200,
  "model": "models/polyominoes.mzn",
  "construction": {
    "nfa_glushkov": {
      "ms": [
        51.1141000315547,
        19.50990001205355,
        49.016500008292496,
        4.9792000208981335,
        74.99560003634542,
        4.974799987394363,
        48.14329999499023,
        48.98429999593645
      ],
      "ms_total": 301.71770008746535,
      "states": [
        1321,
        633,
        1377,
        183,
        1817,
        183,
        1337,
        1073
      ],
      "states_total": 7924
    },
    "nfa_rbisim": {
      "ms": [
        7417.61119995499,
        1805.8432000107132,
        9266.123999957927,
        106.63500003283843,
        14814.777400053572,
        103.94539998378605,
        8262.248100014403,
        5055.603899993002
      ],
      "ms_total": 46832.78820000123,
      "states": [
        145,
        26,
        187,
        13,
        229,
        13,
        158,
        64
      ],
      "states_total": 835
    },
    "dfa_subset": {
      "ms": [
        135.42649999726564,
        9.31329996092245,
        118.06870001601055,
        2.854399965144694,
        297.46789997443557,
        2.8114999877288938,
        104.55990000627935,
        33.2973999902606
      ],
      "ms_total": 703.7995998980477,
      "states": [
        930,
        177,
        888,
        92,
        1322,
        92,
        852,
        404
      ],
      "states_total": 4757
    },
    "dfa_min": {
      "ms": [
        4661.942899983842,
        75.59800002491102,
        4800.209999957588,
        19.085399981122464,
        11188.32030001795,
        30.851799994707108,
        3915.347500005737,
        716.979100019671
      ],
      "ms_total": 25408.334999985527,
      "states": [
        95,
        21,
        116,
        12,
        147,
        12,
        100,
        43
      ],
      "states_total": 546
    }
  },
  "configs": {
    "nfa": {
      "solver_id": "nl.tudelft.algorithmics.pumpkin-regular",
      "dzn": "instances_dzn/nfa/0_low_blowup/polyominoes_80.dzn",
      "status": "TIMEOUT",
      "exit_code": null,
      "stats": {
        "paths": 0,
        "flatIntVars": 64,
        "flatIntConstraints": 8,
        "method": "satisfy",
        "flatTime": 0.302858
      },
      "layered_multigraph_sync_ms": null,
      "errors": [],
      "stdout": "% Generated FlatZinc statistics:\r\n%%%mzn-stat: paths=0\r\n%%%mzn-stat: flatIntVars=64\r\n%%%mzn-stat: flatIntConstraints=8\r\n%%%mzn-stat: method=\"satisfy\"\r\n%%%mzn-stat: flatTime=0.302858\r\n%%%mzn-stat-end\r\n% Logging successfully configured\r\n",
      "stderr": ""
    },
    "dfa": {
      "solver_id": "nl.tudelft.algorithmics.pumpkin-regular",
      "dzn": "instances_dzn/dfa/0_low_blowup/polyominoes_80.dzn",
      "status": "TIMEOUT",
      "exit_code": null,
      "stats": {
        "paths": 0,
        "flatIntVars": 64,
        "flatIntConstraints": 8,
        "method": "satisfy",
        "flatTime": 0.293658
      },
      "layered_multigraph_sync_ms": null,
      "errors": [],
      "stdout": "% Generated FlatZinc statistics:\r\n%%%mzn-stat: paths=0\r\n%%%mzn-stat: flatIntVars=64\r\n%%%mzn-stat: flatIntConstraints=8\r\n%%%mzn-stat: method=\"satisfy\"\r\n%%%mzn-stat: flatTime=0.293658\r\n%%%mzn-stat-end\r\n% Logging successfully configured\r\n",
      "stderr": ""
    }
  }
}