{
  "instance": "polyominoes_91",
  "problem_type": "polyominoes",
  "blowup_bin": "0_low_blowup",
  "blowup": 0.7208854667949952,
  "timeout_seconds": 1200,
  "model": "models/polyominoes.mzn",
  "construction": {
    "nfa_glushkov": {
      "ms": [
        0.5782000371254981,
        35.390199976973236,
        27.41110004717484,
        96.42959997290745,
        5.48190000699833,
        50.79129996011034,
        74.24379995791242,
        47.34739998821169
      ],
      "ms_total": 337.6734999474138,
      "states": [
        18,
        1033,
        841,
        2209,
        183,
        1401,
        1833,
        1289
      ],
      "states_total": 8807
    },
    "nfa_rbisim": {
      "ms": [
        1.1400999501347542,
        4470.469299994875,
        2794.411900045816,
        21557.73240001872,
        106.31350002950057,
        8774.68490001047,
        15300.783100014087,
        7153.898800024763
      ],
      "ms_total": 60159.43400008837,
      "states": [
        2,
        99,
        69,
        257,
        13,
        183,
        302,
        114
      ],
      "states_total": 1039
    },
    "dfa_subset": {
      "ms": [
        0.2802000381052494,
        57.38569999812171,
        31.680000014603138,
        441.03499996708706,
        2.8397999703884125,
        218.2401999598369,
        444.2282000090927,
        88.4756000014022
      ],
      "ms_total": 1284.1646999586374,
      "states": [
        18,
        611,
        448,
        1574,
        92,
        1059,
        1535,
        724
      ],
      "states_total": 6061
    },
    "dfa_min": {
      "ms": [
        0.6110999966040254,
        1813.2275000098161,
        882.8777999733575,
        15738.763600005768,
        22.613000008277595,
        7245.570900035091,
        15669.899699976668,
        2663.7347000068985
      ],
      "ms_total": 44037.29830001248,
      "states": [
        3,
        65,
        46,
        161,
        12,
        131,
        249,
        82
      ],
      "states_total": 749
    }
  },
  "configs": {
    "nfa": {
      "solver_id": "nl.tudelft.algorithmics.pumpkin-regular",
      "dzn": "instances_dzn/nfa/0_low_blowup/polyominoes_91.dzn",
      "status": "TIMEOUT",
      "exit_code": null,
      "stats": {
        "paths": 0,
        "flatIntVars": 64,
        "flatIntConstraints": 8,
        "method": "satisfy",
        "flatTime": 0.318381,
        "initTime": 0.3689274,
        "nodes": 153,
        "restarts": 0,
        "peakDepth": 11,
        "solveTime": 1203.5606557,
        "variables": 66,
        "propagators": 9,
        "failures": 148,
        "propagations": 4056,
        "nogoods": 148,
        "numAtomicConstraintsPropagated": 0,
        "regularNfaPropagatorNumber1LayeredMultigraphSyncTimeNs": 308414100,
        "regularNfaPropagatorNumber2LayeredMultigraphSyncTimeNs": 7919745500,
        "regularNfaPropagatorNumber3LayeredMultigraphSyncTimeNs": 6522320800,
        "regularNfaPropagatorNumber4LayeredMultigraphSyncTimeNs": 13006476100,
        "regularNfaPropagatorNumber5LayeredMultigraphSyncTimeNs": 1138536200,
        "regularNfaPropagatorNumber6LayeredMultigraphSyncTimeNs": 10774231400,
        "regularNfaPropagatorNumber7LayeredMultigraphSyncTimeNs": 11357523800,
        "regularNfaPropagatorNumber8LayeredMultigraphSyncTimeNs": 6464657000,
        "AverageConflictSize": 219.1891891891892,
        "NumUnitNogoodsLearned": 0,
        "AverageLearnedNogoodLength": 7.472972972972973,
        "AverageBacktrackAmount": 0,
        "AverageLbd": 7.175675675675675,
        "1AutonomousSearchNumBackupCalled": 0,
        "1AutonomousSearchNumPredicatesRemoved": 0,
        "1AutonomousSearchNumCalls": 0,
        "1AutonomousSearchNumPredicatesAdded": 469,
        "1AutonomousSearchAverageSizeOfHeap": 0,
        "1AutonomousSearchNumAssignedPredicatesEncountered": 0
      },
      "layered_multigraph_sync_ms": 57491.9049,
      "errors": [],
      "stdout": "% Generated FlatZinc statistics:\r\n%%%mzn-stat: paths=0\r\n%%%mzn-stat: flatIntVars=64\r\n%%%mzn-stat: flatIntConstraints=8\r\n%%%mzn-stat: method=\"satisfy\"\r\n%%%mzn-stat: flatTime=0.318381\r\n%%%mzn-stat-end\r\n% Logging successfully configured\r\n=====UNKNOWN=====\r\n%%%mzn-stat: initTime=0.3689274\r\n%%%mzn-stat: nodes=153\r\n%%%mzn-stat: restarts=0\r\n%%%mzn-stat: peakDepth=11\r\n%%%mzn-stat: solveTime=1203.5606557\r\n%%%mzn-stat: variables=66\r\n%%%mzn-stat: propagators=9\r\n%%%mzn-stat: failures=148\r\n%%%mzn-stat: propagations=4056\r\n%%%mzn-stat: nogoods=148\r\n%%%mzn-stat: numAtomicConstraintsPropagated=0\r\n%%%mzn-stat: regularNfaPropagatorNumber1LayeredMultigraphSyncTimeNs=308414100\r\n%%%mzn-stat: regularNfaPropagatorNumber2LayeredMultigraphSyncTimeNs=7919745500\r\n%%%mzn-stat: regularNfaPropagatorNumber3LayeredMultigraphSyncTimeNs=6522320800\r\n%%%mzn-stat: regularNfaPropagatorNumber4LayeredMultigraphSyncTimeNs=13006476100\r\n%%%mzn-stat: regularNfaPropagatorNumber5LayeredMultigraphSyncTimeNs=1138536200\r\n%%%mzn-stat: regularNfaPropagatorNumber6LayeredMultigraphSyncTimeNs=10774231400\r\n%%%mzn-stat: regularNfaPropagatorNumber7LayeredMultigraphSyncTimeNs=11357523800\r\n%%%mzn-stat: regularNfaPropagatorNumber8LayeredMultigraphSyncTimeNs=6464657000\r\n%%%mzn-stat: AverageConflictSize=219.1891891891892\r\n%%%mzn-stat: NumUnitNogoodsLearned=0\r\n%%%mzn-stat: AverageLearnedNogoodLength=7.472972972972973\r\n%%%mzn-stat: AverageBacktrackAmount=0\r\n%%%mzn-stat: AverageLbd=7.175675675675675\r\n%%%mzn-stat: 1AutonomousSearchNumBackupCalled=0\r\n%%%mzn-stat: 1AutonomousSearchNumPredicatesRemoved=0\r\n%%%mzn-stat: 1AutonomousSearchNumCalls=0\r\n%%%mzn-stat: 1AutonomousSearchNumPredicatesAdded=469\r\n%%%mzn-stat: 1AutonomousSearchAverageSizeOfHeap=0\r\n%%%mzn-stat: 1AutonomousSearchNumAssignedPredicatesEncountered=0\r\n%%%mzn-stat-end\r\n",
      "stderr": ""
    },
    "dfa": {
      "solver_id": "nl.tudelft.algorithmics.pumpkin-regular",
      "dzn": "instances_dzn/dfa/0_low_blowup/polyominoes_91.dzn",
      "status": "TIMEOUT",
      "exit_code": null,
      "stats": {
        "paths": 0,
        "flatIntVars": 64,
        "flatIntConstraints": 8,
        "method": "satisfy",
        "flatTime": 0.310893
      },
      "layered_multigraph_sync_ms": null,
      "errors": [],
      "stdout": "% Generated FlatZinc statistics:\r\n%%%mzn-stat: paths=0\r\n%%%mzn-stat: flatIntVars=64\r\n%%%mzn-stat: flatIntConstraints=8\r\n%%%mzn-stat: method=\"satisfy\"\r\n%%%mzn-stat: flatTime=0.310893\r\n%%%mzn-stat-end\r\n% Logging successfully configured\r\n",
      "stderr": ""
    }
  }
}