{
  "instance": "polyominoes_79",
  "problem_type": "polyominoes",
  "blowup_bin": "0_low_blowup",
  "blowup": 0.7162740899357601,
  "timeout_seconds": 1200,
  "model": "models/polyominoes.mzn",
  "construction": {
    "nfa_glushkov": {
      "ms": [
        79.838200006634,
        0.8052000193856657,
        41.212899959646165,
        69.70529997488484,
        8.943699998781085,
        27.651300013531,
        4.017099970951676,
        67.39290000405163
      ],
      "ms_total": 299.56659994786605,
      "states": [
        1953,
        18,
        1033,
        1705,
        317,
        865,
        153,
        1713
      ],
      "states_total": 7757
    },
    "nfa_rbisim": {
      "ms": [
        16592.363700037822,
        1.801899983547628,
        4312.169200042263,
        11014.284300035797,
        352.3818000103347,
        3032.865800021682,
        87.36020000651479,
        11714.391499990597
      ],
      "ms_total": 47107.61840012856,
      "states": [
        314,
        2,
        99,
        219,
        26,
        45,
        12,
        217
      ],
      "states_total": 934
    },
    "dfa_subset": {
      "ms": [
        351.1284999549389,
        0.4807999939657748,
        56.01980001665652,
        300.08519999682903,
        6.958600017242134,
        23.089799971785396,
        2.2376999841071665,
        306.30740005290136
      ],
      "ms_total": 1046.3077999884263,
      "states": [
        1498,
        18,
        611,
        1333,
        177,
        301,
        77,
        1352
      ],
      "states_total": 5367
    },
    "dfa_min": {
      "ms": [
        14942.323600000236,
        1.0782000026665628,
        1854.470499965828,
        10976.738299999852,
        77.12169998558238,
        321.82399998418987,
        17.485399963334203,
        11071.91260001855
      ],
      "ms_total": 39262.95429992024,
      "states": [
        223,
        3,
        65,
        155,
        21,
        32,
        13,
        157
      ],
      "states_total": 669
    }
  },
  "configs": {
    "nfa": {
      "solver_id": "nl.tudelft.algorithmics.pumpkin-regular",
      "dzn": "instances_dzn/nfa/0_low_blowup/polyominoes_79.dzn",
      "status": "TIMEOUT",
      "exit_code": null,
      "stats": {
        "paths": 0,
        "flatIntVars": 64,
        "flatIntConstraints": 8,
        "method": "satisfy",
        "flatTime": 0.335921
      },
      "layered_multigraph_sync_ms": null,
      "errors": [],
      "stdout": "% Generated FlatZinc statistics:\r\n%%%mzn-stat: paths=0\r\n%%%mzn-stat: flatIntVars=64\r\n%%%mzn-stat: flatIntConstraints=8\r\n%%%mzn-stat: method=\"satisfy\"\r\n%%%mzn-stat: flatTime=0.335921\r\n%%%mzn-stat-end\r\n% Logging successfully configured\r\n",
      "stderr": ""
    },
    "dfa": {
      "solver_id": "nl.tudelft.algorithmics.pumpkin-regular",
      "dzn": "instances_dzn/dfa/0_low_blowup/polyominoes_79.dzn",
      "status": "TIMEOUT",
      "exit_code": null,
      "stats": {
        "paths": 0,
        "flatIntVars": 64,
        "flatIntConstraints": 8,
        "method": "satisfy",
        "flatTime": 0.316292
      },
      "layered_multigraph_sync_ms": null,
      "errors": [],
      "stdout": "% Generated FlatZinc statistics:\r\n%%%mzn-stat: paths=0\r\n%%%mzn-stat: flatIntVars=64\r\n%%%mzn-stat: flatIntConstraints=8\r\n%%%mzn-stat: method=\"satisfy\"\r\n%%%mzn-stat: flatTime=0.316292\r\n%%%mzn-stat-end\r\n% Logging successfully configured\r\n",
      "stderr": ""
    }
  }
}