{
  "instance": "polyominoes_67",
  "problem_type": "polyominoes",
  "blowup_bin": "0_low_blowup",
  "blowup": 0.6022471910112359,
  "timeout_seconds": 600,
  "model": "models/polyominoes.mzn",
  "construction": {
    "nfa_glushkov": {
      "ms": [
        19.586500002333196,
        13.97739999811165,
        17.26799999960349,
        31.243599998560967,
        14.228000000002794,
        0.49980000039795414
      ],
      "ms_total": 96.80329999901005,
      "states": [
        665,
        497,
        597,
        945,
        497,
        14
      ],
      "states_total": 3215
    },
    "nfa_rbisim": {
      "ms": [
        1402.308400000038,
        778.8870000003953,
        1105.1441000017803,
        3491.973100000905,
        759.8260000013397,
        0.61690000075032
      ],
      "ms_total": 7538.755500005209,
      "states": [
        119,
        57,
        81,
        129,
        57,
        2
      ],
      "states_total": 445
    },
    "dfa_subset": {
      "ms": [
        29.015500000241445,
        10.777999999845633,
        17.670299999736017,
        51.15500000101747,
        10.796499998832587,
        0.17630000002100132
      ],
      "ms_total": 119.59159999969415,
      "states": [
        462,
        270,
        359,
        632,
        270,
        14
      ],
      "states_total": 2007
    },
    "dfa_min": {
      "ms": [
        862.271599999076,
        215.1782999972056,
        458.5798000007344,
        1773.3478999980434,
        197.58860000001732,
        0.3761000007216353
      ],
      "ms_total": 3507.3422999957984,
      "states": [
        61,
        36,
        51,
        81,
        36,
        3
      ],
      "states_total": 268
    }
  },
  "configs": {
    "nfa": {
      "solver_id": "nl.tudelft.algorithmics.pumpkin-regular",
      "dzn": "instances_dzn/nfa/0_low_blowup/polyominoes_67.dzn",
      "status": "SATISFIED",
      "exit_code": 0,
      "stats": {
        "paths": 0,
        "flatIntVars": 37,
        "flatIntConstraints": 7,
        "method": "maximize",
        "flatTime": 0.26022,
        "initTime": 0.0896482,
        "objective": 569,
        "nodes": 2067,
        "restarts": 0,
        "peakDepth": 16,
        "solveTime": 164.5628644,
        "variables": 39,
        "propagators": 9,
        "failures": 2017,
        "propagations": 60303,
        "nogoods": 2017,
        "numAtomicConstraintsPropagated": 0,
        "regularNfaPropagatorNumber1LayeredMultigraphSyncTimeNs": 33486914300,
        "regularNfaPropagatorNumber2LayeredMultigraphSyncTimeNs": 21336559500,
        "regularNfaPropagatorNumber3LayeredMultigraphSyncTimeNs": 24527688300,
        "regularNfaPropagatorNumber4LayeredMultigraphSyncTimeNs": 16552306800,
        "regularNfaPropagatorNumber5LayeredMultigraphSyncTimeNs": 15212070500,
        "regularNfaPropagatorNumber6LayeredMultigraphSyncTimeNs": 1031764800,
        "AverageConflictSize": 71.95884977689639,
        "NumUnitNogoodsLearned": 1,
        "AverageLearnedNogoodLength": 12.998512642538424,
        "AverageBacktrackAmount": 0,
        "AverageLbd": 7.099652949925632,
        "2AutonomousSearchNumBackupCalled": 0,
        "2AutonomousSearchNumPredicatesRemoved": 0,
        "2AutonomousSearchNumCalls": 6,
        "2AutonomousSearchNumPredicatesAdded": 1785,
        "2AutonomousSearchAverageSizeOfHeap": 198.83333333333334,
        "2AutonomousSearchNumAssignedPredicatesEncountered": 1193,
        "nSolutions": 1
      },
      "layered_multigraph_sync_ms": 112147.3042,
      "errors": [],
      "stdout": "% Generated FlatZinc statistics:\n%%%mzn-stat: paths=0\n%%%mzn-stat: flatIntVars=37\n%%%mzn-stat: flatIntConstraints=7\n%%%mzn-stat: method=\"maximize\"\n%%%mzn-stat: flatTime=0.26022\n%%%mzn-stat-end\n% Logging successfully configured\n%%%mzn-stat: initTime=0.0896482\n%%%mzn-stat: objective=569\n%%%mzn-stat: nodes=2067\n%%%mzn-stat: restarts=0\n%%%mzn-stat: peakDepth=16\n%%%mzn-stat: solveTime=164.5628644\n%%%mzn-stat: variables=39\n%%%mzn-stat: propagators=9\n%%%mzn-stat: failures=2017\n%%%mzn-stat: propagations=60303\n%%%mzn-stat: nogoods=2017\n%%%mzn-stat: numAtomicConstraintsPropagated=0\n%%%mzn-stat: regularNfaPropagatorNumber1LayeredMultigraphSyncTimeNs=33486914300\n%%%mzn-stat: regularNfaPropagatorNumber2LayeredMultigraphSyncTimeNs=21336559500\n%%%mzn-stat: regularNfaPropagatorNumber3LayeredMultigraphSyncTimeNs=24527688300\n%%%mzn-stat: regularNfaPropagatorNumber4LayeredMultigraphSyncTimeNs=16552306800\n%%%mzn-stat: regularNfaPropagatorNumber5LayeredMultigraphSyncTimeNs=15212070500\n%%%mzn-stat: regularNfaPropagatorNumber6LayeredMultigraphSyncTimeNs=1031764800\n%%%mzn-stat: AverageConflictSize=71.95884977689639\n%%%mzn-stat: NumUnitNogoodsLearned=1\n%%%mzn-stat: AverageLearnedNogoodLength=12.998512642538424\n%%%mzn-stat: AverageBacktrackAmount=0\n%%%mzn-stat: AverageLbd=7.099652949925632\n%%%mzn-stat: 2AutonomousSearchNumBackupCalled=0\n%%%mzn-stat: 2AutonomousSearchNumPredicatesRemoved=0\n%%%mzn-stat: 2AutonomousSearchNumCalls=6\n%%%mzn-stat: 2AutonomousSearchNumPredicatesAdded=1785\n%%%mzn-stat: 2AutonomousSearchAverageSizeOfHeap=198.83333333333334\n%%%mzn-stat: 2AutonomousSearchNumAssignedPredicatesEncountered=1193\n%%%mzn-stat-end\nPolyominoes Solution:\nB B C C C D\nB B B C C D\nA A A C C D\nA A F E E D\nA A A E E D\nA A A E D D\n\nSummary: Used 6 tiles on a 6x6 board.\n----------\n==========\n%%%mzn-stat: initTime=0.0896482\n%%%mzn-stat: objective=569\n%%%mzn-stat: nodes=2067\n%%%mzn-stat: restarts=0\n%%%mzn-stat: peakDepth=16\n%%%mzn-stat: solveTime=164.5628644\n%%%mzn-stat: variables=39\n%%%mzn-stat: propagators=9\n%%%mzn-stat: failures=2017\n%%%mzn-stat: propagations=60303\n%%%mzn-stat: nogoods=2017\n%%%mzn-stat: numAtomicConstraintsPropagated=0\n%%%mzn-stat: regularNfaPropagatorNumber1LayeredMultigraphSyncTimeNs=33486914300\n%%%mzn-stat: regularNfaPropagatorNumber2LayeredMultigraphSyncTimeNs=21336559500\n%%%mzn-stat: regularNfaPropagatorNumber3LayeredMultigraphSyncTimeNs=24527688300\n%%%mzn-stat: regularNfaPropagatorNumber4LayeredMultigraphSyncTimeNs=16552306800\n%%%mzn-stat: regularNfaPropagatorNumber5LayeredMultigraphSyncTimeNs=15212070500\n%%%mzn-stat: regularNfaPropagatorNumber6LayeredMultigraphSyncTimeNs=1031764800\n%%%mzn-stat: AverageConflictSize=71.95884977689639\n%%%mzn-stat: NumUnitNogoodsLearned=1\n%%%mzn-stat: AverageLearnedNogoodLength=12.998512642538424\n%%%mzn-stat: AverageBacktrackAmount=0\n%%%mzn-stat: AverageLbd=7.099652949925632\n%%%mzn-stat: 2AutonomousSearchNumBackupCalled=0\n%%%mzn-stat: 2AutonomousSearchNumPredicatesRemoved=0\n%%%mzn-stat: 2AutonomousSearchNumCalls=6\n%%%mzn-stat: 2AutonomousSearchNumPredicatesAdded=1785\n%%%mzn-stat: 2AutonomousSearchAverageSizeOfHeap=198.83333333333334\n%%%mzn-stat: 2AutonomousSearchNumAssignedPredicatesEncountered=1193\n%%%mzn-stat-end\n%%%mzn-stat: nSolutions=1\n%%%mzn-stat-end\n",
      "stderr": ""
    },
    "dfa": {
      "solver_id": "nl.tudelft.algorithmics.pumpkin-regular",
      "dzn": "instances_dzn/dfa/0_low_blowup/polyominoes_67.dzn",
      "status": "SATISFIED",
      "exit_code": 0,
      "stats": {
        "paths": 0,
        "flatIntVars": 37,
        "flatIntConstraints": 7,
        "method": "maximize",
        "flatTime": 0.263778,
        "initTime": 0.0710474,
        "objective": 569,
        "nodes": 2067,
        "restarts": 0,
        "peakDepth": 16,
        "solveTime": 100.7391164,
        "variables": 39,
        "propagators": 9,
        "failures": 2017,
        "propagations": 60139,
        "nogoods": 2017,
        "numAtomicConstraintsPropagated": 0,
        "regularDfaPropagatorNumber1LayeredMultigraphSyncTimeNs": 17020377600,
        "regularDfaPropagatorNumber2LayeredMultigraphSyncTimeNs": 13853797100,
        "regularDfaPropagatorNumber3LayeredMultigraphSyncTimeNs": 15898123400,
        "regularDfaPropagatorNumber4LayeredMultigraphSyncTimeNs": 11281427100,