{
  "instance": "polyominoes_19",
  "problem_type": "polyominoes",
  "blowup_bin": "0_low_blowup",
  "blowup": 0.7391304347826086,
  "timeout_seconds": 600,
  "model": "models/polyominoes.mzn",
  "construction": {
    "nfa_glushkov": {
      "ms": [
        18.62760000221897,
        19.805399999313522,
        10.21250000121654,
        0.37340000199037604
      ],
      "ms_total": 49.01890000473941,
      "states": [
        537,
        665,
        373,
        10
      ],
      "states_total": 1585
    },
    "nfa_rbisim": {
      "ms": [
        706.6549999981362,
        1088.82420000009,
        356.95269999996526,
        0.2327999973203987
      ],
      "ms_total": 2152.664699995512,
      "states": [
        162,
        185,
        65,
        2
      ],
      "states_total": 414
    },
    "dfa_subset": {
      "ms": [
        18.808500000886852,
        28.526599999167956,
        3.9419999993697274,
        0.09679999857326038
      ],
      "ms_total": 51.373899997997796,
      "states": [
        434,
        535,
        183,
        10
      ],
      "states_total": 1162
    },
    "dfa_min": {
      "ms": [
        638.8912000002165,
        995.5596999971021,
        95.26220000043395,
        0.19489999976940453
      ],
      "ms_total": 1729.907999997522,
      "states": [
        119,
        139,
        45,
        3
      ],
      "states_total": 306
    }
  },
  "configs": {
    "nfa": {
      "solver_id": "nl.tudelft.algorithmics.pumpkin-regular",
      "dzn": "instances_dzn/nfa/0_low_blowup/polyominoes_19.dzn",
      "status": "SATISFIED",
      "exit_code": 0,
      "stats": {
        "paths": 0,
        "flatIntVars": 37,
        "flatIntConstraints": 5,
        "method": "maximize",
        "flatTime": 0.454657,
        "initTime": 0.0649659,
        "objective": 416,
        "nodes": 38,
        "restarts": 0,
        "peakDepth": 6,
        "solveTime": 2.5926261,
        "variables": 39,
        "propagators": 7,
        "failures": 22,
        "propagations": 756,
        "nogoods": 22,
        "numAtomicConstraintsPropagated": 0,
        "regularNfaPropagatorNumber1LayeredMultigraphSyncTimeNs": 537409400,
        "regularNfaPropagatorNumber2LayeredMultigraphSyncTimeNs": 419136900,
        "regularNfaPropagatorNumber3LayeredMultigraphSyncTimeNs": 234727500,
        "regularNfaPropagatorNumber4LayeredMultigraphSyncTimeNs": 17495100,
        "AverageConflictSize": 41.5,
        "NumUnitNogoodsLearned": 1,
        "AverageLearnedNogoodLength": 4.909090909090909,
        "AverageBacktrackAmount": 0,
        "AverageLbd": 3.1363636363636362,
        "2AutonomousSearchNumBackupCalled": 0,
        "2AutonomousSearchNumPredicatesRemoved": 0,
        "2AutonomousSearchNumCalls": 4,
        "2AutonomousSearchNumPredicatesAdded": 608,
        "2AutonomousSearchAverageSizeOfHeap": 89.5,
        "2AutonomousSearchNumAssignedPredicatesEncountered": 358,
        "nSolutions": 1
      },
      "layered_multigraph_sync_ms": 1208.7689,
      "errors": [],
      "stdout": "% Generated FlatZinc statistics:\n%%%mzn-stat: paths=0\n%%%mzn-stat: flatIntVars=37\n%%%mzn-stat: flatIntConstraints=5\n%%%mzn-stat: method=\"maximize\"\n%%%mzn-stat: flatTime=0.454657\n%%%mzn-stat-end\n% Logging successfully configured\n%%%mzn-stat: initTime=0.0649659\n%%%mzn-stat: objective=416\n%%%mzn-stat: nodes=38\n%%%mzn-stat: restarts=0\n%%%mzn-stat: peakDepth=6\n%%%mzn-stat: solveTime=2.5926261\n%%%mzn-stat: variables=39\n%%%mzn-stat: propagators=7\n%%%mzn-stat: failures=22\n%%%mzn-stat: propagations=756\n%%%mzn-stat: nogoods=22\n%%%mzn-stat: numAtomicConstraintsPropagated=0\n%%%mzn-stat: regularNfaPropagatorNumber1LayeredMultigraphSyncTimeNs=537409400\n%%%mzn-stat: regularNfaPropagatorNumber2LayeredMultigraphSyncTimeNs=419136900\n%%%mzn-stat: regularNfaPropagatorNumber3LayeredMultigraphSyncTimeNs=234727500\n%%%mzn-stat: regularNfaPropagatorNumber4LayeredMultigraphSyncTimeNs=17495100\n%%%mzn-stat: AverageConflictSize=41.5\n%%%mzn-stat: NumUnitNogoodsLearned=1\n%%%mzn-stat: AverageLearnedNogoodLength=4.909090909090909\n%%%mzn-stat: AverageBacktrackAmount=0\n%%%mzn-stat: AverageLbd=3.1363636363636362\n%%%mzn-stat: 2AutonomousSearchNumBackupCalled=0\n%%%mzn-stat: 2AutonomousSearchNumPredicatesRemoved=0\n%%%mzn-stat: 2AutonomousSearchNumCalls=4\n%%%mzn-stat: 2AutonomousSearchNumPredicatesAdded=608\n%%%mzn-stat: 2AutonomousSearchAverageSizeOfHeap=89.5\n%%%mzn-stat: 2AutonomousSearchNumAssignedPredicatesEncountered=358\n%%%mzn-stat-end\nPolyominoes Solution:\nB B B C C C\nB B C C C C\nB B B C C C\nB B A A D A\nB A A A A A\nB A A A A A\n\nSummary: Used 4 tiles on a 6x6 board.\n----------\n==========\n%%%mzn-stat: initTime=0.0649659\n%%%mzn-stat: objective=416\n%%%mzn-stat: nodes=38\n%%%mzn-stat: restarts=0\n%%%mzn-stat: peakDepth=6\n%%%mzn-stat: solveTime=2.5926261\n%%%mzn-stat: variables=39\n%%%mzn-stat: propagators=7\n%%%mzn-stat: failures=22\n%%%mzn-stat: propagations=756\n%%%mzn-stat: nogoods=22\n%%%mzn-stat: numAtomicConstraintsPropagated=0\n%%%mzn-stat: regularNfaPropagatorNumber1LayeredMultigraphSyncTimeNs=537409400\n%%%mzn-stat: regularNfaPropagatorNumber2LayeredMultigraphSyncTimeNs=419136900\n%%%mzn-stat: regularNfaPropagatorNumber3LayeredMultigraphSyncTimeNs=234727500\n%%%mzn-stat: regularNfaPropagatorNumber4LayeredMultigraphSyncTimeNs=17495100\n%%%mzn-stat: AverageConflictSize=41.5\n%%%mzn-stat: NumUnitNogoodsLearned=1\n%%%mzn-stat: AverageLearnedNogoodLength=4.909090909090909\n%%%mzn-stat: AverageBacktrackAmount=0\n%%%mzn-stat: AverageLbd=3.1363636363636362\n%%%mzn-stat: 2AutonomousSearchNumBackupCalled=0\n%%%mzn-stat: 2AutonomousSearchNumPredicatesRemoved=0\n%%%mzn-stat: 2AutonomousSearchNumCalls=4\n%%%mzn-stat: 2AutonomousSearchNumPredicatesAdded=608\n%%%mzn-stat: 2AutonomousSearchAverageSizeOfHeap=89.5\n%%%mzn-stat: 2AutonomousSearchNumAssignedPredicatesEncountered=358\n%%%mzn-stat-end\n%%%mzn-stat: nSolutions=1\n%%%mzn-stat-end\n",
      "stderr": ""
    },
    "dfa": {
      "solver_id": "nl.tudelft.algorithmics.pumpkin-regular",
      "dzn": "instances_dzn/dfa/0_low_blowup/polyominoes_19.dzn",
      "status": "SATISFIED",
      "exit_code": 0,
      "stats": {
        "paths": 0,
        "flatIntVars": 37,
        "flatIntConstraints": 5,
        "method": "maximize",
        "flatTime": 0.379958,
        "initTime": 0.0628039,
        "objective": 416,
        "nodes": 38,
        "restarts": 0,
        "peakDepth": 6,
        "solveTime": 2.2051986,
        "variables": 39,
        "propagators": 7,
        "failures": 22,
        "propagations": 754,
        "nogoods": 22,
        "numAtomicConstraintsPropagated": 0,
        "regularDfaPropagatorNumber1LayeredMultigraphSyncTimeNs": 424502600,
        "regularDfaPropagatorNumber2LayeredMultigraphSyncTimeNs": 334582900,
        "regularDfaPropagatorNumber3LayeredMultigraphSyncTimeNs": 187942100,
        "regularDfaPropagatorNumber4LayeredMultigraphSyncTimeNs": 20139500,
        "AverageConflictSize": 41.5,
        "NumUnitNogoodsLearned": 1,
        "AverageLearnedNogoodLength": 4.909090909090909,
        "AverageBacktrackAmount": 0,
        "AverageLbd": 3.1363636363636362,
        "2AutonomousSearchNumBackupCalled": 0,
        "2AutonomousSearchNumPredicatesRemoved": 0,
        "2AutonomousSearchNumCalls": 4,
        "2AutonomousSearchNumPredicatesAdded": 608,
        "2AutonomousSearchAverageSizeOfHeap": 89.5,
        "2AutonomousSearchNumAssignedPredicatesEncountered": 358,
        "nSolutions": 1
      },
      "layered_multigraph_sync_ms": 967.1671,
      "errors": [],