{
  "instance": "polyominoes_79",
  "problem_type": "polyominoes",
  "blowup_bin": "0_low_blowup",
  "blowup": 0.7288629737609329,
  "timeout_seconds": 600,
  "model": "models/polyominoes.mzn",
  "construction": {
    "nfa_glushkov": {
      "ms": [
        50.948000000062166,
        41.55990000072052,
        52.94990000038524,
        3.7148999981582165,
        78.43310000316706
      ],
      "ms_total": 227.6058000024932,
      "states": [
        1421,
        1217,
        1413,
        137,
        1707
      ],
      "states_total": 5895
    },
    "nfa_rbisim": {
      "ms": [
        8933.38329999824,
        5918.710800000554,
        8591.44010000091,
        53.398899999592686,
        12970.91989999899
      ],
      "ms_total": 36467.852999998286,
      "states": [
        335,
        254,
        210,
        15,
        558
      ],
      "states_total": 1372
    },
    "dfa_subset": {
      "ms": [
        149.09649999754038,
        89.27620000031311,
        89.25620000081835,
        1.2821999989682809,
        269.50679999936256
      ],
      "ms_total": 598.4178999970027,
      "states": [
        1091,
        906,
        894,
        69,
        1498
      ],
      "states_total": 4458
    },
    "dfa_min": {
      "ms": [
        5781.63080000013,
        3810.82890000107,
        3648.4333999978844,
        9.241899999324232,
        12215.796300002694
      ],
      "ms_total": 25465.931300001102,
      "states": [
        233,
        163,
        109,
        14,
        481
      ],
      "states_total": 1000
    }
  },
  "configs": {
    "nfa": {
      "solver_id": "nl.tudelft.algorithmics.pumpkin-regular",
      "dzn": "instances_dzn/nfa/0_low_blowup/polyominoes_79.dzn",
      "status": "SATISFIED",
      "exit_code": 0,
      "stats": {
        "paths": 0,
        "flatIntVars": 101,
        "flatIntConstraints": 6,
        "method": "maximize",
        "flatTime": 0.313646,
        "initTime": 0.4580909,
        "objective": 1764,
        "nodes": 51,
        "restarts": 0,
        "peakDepth": 6,
        "solveTime": 56.07937,
        "variables": 103,
        "propagators": 8,
        "failures": 46,
        "propagations": 1633,
        "nogoods": 46,
        "numAtomicConstraintsPropagated": 0,
        "regularNfaPropagatorNumber1LayeredMultigraphSyncTimeNs": 7937688900,
        "regularNfaPropagatorNumber2LayeredMultigraphSyncTimeNs": 6506975500,
        "regularNfaPropagatorNumber3LayeredMultigraphSyncTimeNs": 5540871800,
        "regularNfaPropagatorNumber4LayeredMultigraphSyncTimeNs": 373131400,
        "regularNfaPropagatorNumber5LayeredMultigraphSyncTimeNs": 2871445500,
        "AverageConflictSize": 123.58695652173913,
        "NumUnitNogoodsLearned": 1,
        "AverageLearnedNogoodLength": 16.73913043478261,
        "AverageBacktrackAmount": 0,
        "AverageLbd": 2.9130434782608696,
        "2AutonomousSearchNumBackupCalled": 0,
        "2AutonomousSearchNumPredicatesRemoved": 0,
        "2AutonomousSearchNumCalls": 3,
        "2AutonomousSearchNumPredicatesAdded": 2466,
        "2AutonomousSearchAverageSizeOfHeap": 577.3333333333334,
        "2AutonomousSearchNumAssignedPredicatesEncountered": 1732,
        "nSolutions": 1
      },
      "layered_multigraph_sync_ms": 23230.1131,
      "errors": [],
      "stdout": "% Generated FlatZinc statistics:\n%%%mzn-stat: paths=0\n%%%mzn-stat: flatIntVars=101\n%%%mzn-stat: flatIntConstraints=6\n%%%mzn-stat: method=\"maximize\"\n%%%mzn-stat: flatTime=0.313646\n%%%mzn-stat-end\n% Logging successfully configured\n%%%mzn-stat: initTime=0.4580909\n%%%mzn-stat: objective=1764\n%%%mzn-stat: nodes=51\n%%%mzn-stat: restarts=0\n%%%mzn-stat: peakDepth=6\n%%%mzn-stat: solveTime=56.07937\n%%%mzn-stat: variables=103\n%%%mzn-stat: propagators=8\n%%%mzn-stat: failures=46\n%%%mzn-stat: propagations=1633\n%%%mzn-stat: nogoods=46\n%%%mzn-stat: numAtomicConstraintsPropagated=0\n%%%mzn-stat: regularNfaPropagatorNumber1LayeredMultigraphSyncTimeNs=7937688900\n%%%mzn-stat: regularNfaPropagatorNumber2LayeredMultigraphSyncTimeNs=6506975500\n%%%mzn-stat: regularNfaPropagatorNumber3LayeredMultigraphSyncTimeNs=5540871800\n%%%mzn-stat: regularNfaPropagatorNumber4LayeredMultigraphSyncTimeNs=373131400\n%%%mzn-stat: regularNfaPropagatorNumber5LayeredMultigraphSyncTimeNs=2871445500\n%%%mzn-stat: AverageConflictSize=123.58695652173913\n%%%mzn-stat: NumUnitNogoodsLearned=1\n%%%mzn-stat: AverageLearnedNogoodLength=16.73913043478261\n%%%mzn-stat: AverageBacktrackAmount=0\n%%%mzn-stat: AverageLbd=2.9130434782608696\n%%%mzn-stat: 2AutonomousSearchNumBackupCalled=0\n%%%mzn-stat: 2AutonomousSearchNumPredicatesRemoved=0\n%%%mzn-stat: 2AutonomousSearchNumCalls=3\n%%%mzn-stat: 2AutonomousSearchNumPredicatesAdded=2466\n%%%mzn-stat: 2AutonomousSearchAverageSizeOfHeap=577.3333333333334\n%%%mzn-stat: 2AutonomousSearchNumAssignedPredicatesEncountered=1732\n%%%mzn-stat-end\nPolyominoes Solution:\nD E E E E B B B B C\nD E E E E B B B B C\nE E E E E B B B B C\nE E E E E B B B C C\nE E E E E B B C C C\nE E E E E A A A C A\nE E E E E A A A A A\nE E E E A A A A A A\nE E E E E A A A A A\nE E E E E A A A A A\n\nSummary: Used 5 tiles on a 10x10 board.\n----------\n==========\n%%%mzn-stat: initTime=0.4580909\n%%%mzn-stat: objective=1764\n%%%mzn-stat: nodes=51\n%%%mzn-stat: restarts=0\n%%%mzn-stat: peakDepth=6\n%%%mzn-stat: solveTime=56.07937\n%%%mzn-stat: variables=103\n%%%mzn-stat: propagators=8\n%%%mzn-stat: failures=46\n%%%mzn-stat: propagations=1633\n%%%mzn-stat: nogoods=46\n%%%mzn-stat: numAtomicConstraintsPropagated=0\n%%%mzn-stat: regularNfaPropagatorNumber1LayeredMultigraphSyncTimeNs=7937688900\n%%%mzn-stat: regularNfaPropagatorNumber2LayeredMultigraphSyncTimeNs=6506975500\n%%%mzn-stat: regularNfaPropagatorNumber3LayeredMultigraphSyncTimeNs=5540871800\n%%%mzn-stat: regularNfaPropagatorNumber4LayeredMultigraphSyncTimeNs=373131400\n%%%mzn-stat: regularNfaPropagatorNumber5LayeredMultigraphSyncTimeNs=2871445500\n%%%mzn-stat: AverageConflictSize=123.58695652173913\n%%%mzn-stat: NumUnitNogoodsLearned=1\n%%%mzn-stat: AverageLearnedNogoodLength=16.73913043478261\n%%%mzn-stat: AverageBacktrackAmount=0\n%%%mzn-stat: AverageLbd=2.9130434782608696\n%%%mzn-stat: 2AutonomousSearchNumBackupCalled=0\n%%%mzn-stat: 2AutonomousSearchNumPredicatesRemoved=0\n%%%mzn-stat: 2AutonomousSearchNumCalls=3\n%%%mzn-stat: 2AutonomousSearchNumPredicatesAdded=2466\n%%%mzn-stat: 2AutonomousSearchAverageSizeOfHeap=577.3333333333334\n%%%mzn-stat: 2AutonomousSearchNumAssignedPredicatesEncountered=1732\n%%%mzn-stat-end\n%%%mzn-stat: nSolutions=1\n%%%mzn-stat-end\n",
      "stderr": ""
    },
    "dfa": {
      "solver_id": "nl.tudelft.algorithmics.pumpkin-regular",
      "dzn": "instances_dzn/dfa/0_low_blowup/polyominoes_79.dzn",
      "status": "SATISFIED",
      "exit_code": 0,
      "stats": {
        "paths": 0,
        "flatIntVars": 101,
        "flatIntConstraints": 6,
        "method": "maximize",
        "flatTime": 0.290479,
        "initTime": 0.4571402,
        "objective": 1764,
        "nodes": 51,
        "restarts": 0,
        "peakDepth": 6,
        "solveTime": 39.3018382,
        "variables": 103,
        "propagators": 8,
        "failures": 46,
        "propagations": 1630,
        "nogoods": 46,
        "numAtomicConstraintsPropagated": 0,
        "regularDfaPropagatorNumber1LayeredMultigraphSyncTimeNs": 5517519200,
        "regularDfaPropagatorNumber2LayeredMultigraphSyncTimeNs": 4202376000,
        "regularDfaPropagatorNumber3LayeredMultigraphSyncTimeNs": 2799591600,
        "regularDfaPropagatorNumber4LayeredMultigraphSyncTimeNs": 336878200,
        "regularDfaPropagatorNumber5LayeredMultigraphSyncTimeNs": 2671738000,
        "AverageConflictSize": 123.58695652173913,
        "NumUnitNogoodsLearned": 1,
        "AverageLearnedNogoodLength": 16.73913043478261,
        "AverageBacktrackAmount": 0,
        "AverageLbd": 2.9130434782608696,
        "2AutonomousSearchNumBackupCalled": 0,