{
  "instance": "polyominoes_82",
  "problem_type": "polyominoes",
  "blowup_bin": "0_low_blowup",
  "blowup": 0.714975845410628,
  "timeout_seconds": 600,
  "model": "models/polyominoes.mzn",
  "construction": {
    "nfa_glushkov": {
      "ms": [
        43.18269999930635,
        51.693699999304954,
        33.677999999781605,
        6.60029999926337,
        40.60430000026827,
        8.456600000499748
      ],
      "ms_total": 184.2155999984243,
      "states": [
        1233,
        1449,
        1017,
        238,
        909,
        313
      ],
      "states_total": 5159
    },
    "nfa_rbisim": {
      "ms": [
        6446.354700001393,
        8950.713899997936,
        3906.0924999976123,
        168.57270000036806,
        2968.4308000032615,
        289.4771000028413
      ],
      "ms_total": 22729.641700003413,
      "states": [
        149,
        367,
        129,
        23,
        128,
        32
      ],
      "states_total": 828
    },
    "dfa_subset": {
      "ms": [
        77.25249999930384,
        189.52709999939543,
        50.314699998125434,
        3.2969999992928933,
        37.43249999752152,
        4.811999999219552
      ],
      "ms_total": 362.63579999285867,
      "states": [
        762,
        1170,
        642,
        120,
        556,
        149
      ],
      "states_total": 3399
    },
    "dfa_min": {
      "ms": [
        2908.918699999049,
        7639.646799998445,
        1818.3242000013706,
        35.20109999954002,
        1331.2373999979172,
        64.78190000052564
      ],
      "ms_total": 13798.110099996848,
      "states": [
        84,
        293,
        84,
        21,
        81,
        29
      ],
      "states_total": 592
    }
  },
  "configs": {
    "nfa": {
      "solver_id": "nl.tudelft.algorithmics.pumpkin-regular",
      "dzn": "instances_dzn/nfa/0_low_blowup/polyominoes_82.dzn",
      "status": "SATISFIED",
      "exit_code": 0,
      "stats": {
        "paths": 0,
        "flatIntVars": 65,
        "flatIntConstraints": 7,
        "method": "maximize",
        "flatTime": 0.304916,
        "initTime": 0.2183924,
        "objective": 1134,
        "nodes": 358,
        "restarts": 0,
        "peakDepth": 11,
        "solveTime": 133.4637929,
        "variables": 67,
        "propagators": 9,
        "failures": 347,
        "propagations": 14060,
        "nogoods": 347,
        "numAtomicConstraintsPropagated": 0,
        "regularNfaPropagatorNumber1LayeredMultigraphSyncTimeNs": 23860929200,
        "regularNfaPropagatorNumber2LayeredMultigraphSyncTimeNs": 13973795700,
        "regularNfaPropagatorNumber3LayeredMultigraphSyncTimeNs": 16153419500,
        "regularNfaPropagatorNumber4LayeredMultigraphSyncTimeNs": 2825368500,
        "regularNfaPropagatorNumber5LayeredMultigraphSyncTimeNs": 14111620700,
        "regularNfaPropagatorNumber6LayeredMultigraphSyncTimeNs": 3192225000,
        "AverageConflictSize": 140.1844380403458,
        "NumUnitNogoodsLearned": 1,
        "AverageLearnedNogoodLength": 32.89913544668588,
        "AverageBacktrackAmount": 0,
        "AverageLbd": 4.07492795389049,
        "2AutonomousSearchNumBackupCalled": 0,
        "2AutonomousSearchNumPredicatesRemoved": 0,
        "2AutonomousSearchNumCalls": 3,
        "2AutonomousSearchNumPredicatesAdded": 2463,
        "2AutonomousSearchAverageSizeOfHeap": 514.3333333333334,
        "2AutonomousSearchNumAssignedPredicatesEncountered": 1543,
        "nSolutions": 1
      },
      "layered_multigraph_sync_ms": 74117.3586,
      "errors": [],
      "stdout": "% Generated FlatZinc statistics:\n%%%mzn-stat: paths=0\n%%%mzn-stat: flatIntVars=65\n%%%mzn-stat: flatIntConstraints=7\n%%%mzn-stat: method=\"maximize\"\n%%%mzn-stat: flatTime=0.304916\n%%%mzn-stat-end\n% Logging successfully configured\n%%%mzn-stat: initTime=0.2183924\n%%%mzn-stat: objective=1134\n%%%mzn-stat: nodes=358\n%%%mzn-stat: restarts=0\n%%%mzn-stat: peakDepth=11\n%%%mzn-stat: solveTime=133.4637929\n%%%mzn-stat: variables=67\n%%%mzn-stat: propagators=9\n%%%mzn-stat: failures=347\n%%%mzn-stat: propagations=14060\n%%%mzn-stat: nogoods=347\n%%%mzn-stat: numAtomicConstraintsPropagated=0\n%%%mzn-stat: regularNfaPropagatorNumber1LayeredMultigraphSyncTimeNs=23860929200\n%%%mzn-stat: regularNfaPropagatorNumber2LayeredMultigraphSyncTimeNs=13973795700\n%%%mzn-stat: regularNfaPropagatorNumber3LayeredMultigraphSyncTimeNs=16153419500\n%%%mzn-stat: regularNfaPropagatorNumber4LayeredMultigraphSyncTimeNs=2825368500\n%%%mzn-stat: regularNfaPropagatorNumber5LayeredMultigraphSyncTimeNs=14111620700\n%%%mzn-stat: regularNfaPropagatorNumber6LayeredMultigraphSyncTimeNs=3192225000\n%%%mzn-stat: AverageConflictSize=140.1844380403458\n%%%mzn-stat: NumUnitNogoodsLearned=1\n%%%mzn-stat: AverageLearnedNogoodLength=32.89913544668588\n%%%mzn-stat: AverageBacktrackAmount=0\n%%%mzn-stat: AverageLbd=4.07492795389049\n%%%mzn-stat: 2AutonomousSearchNumBackupCalled=0\n%%%mzn-stat: 2AutonomousSearchNumPredicatesRemoved=0\n%%%mzn-stat: 2AutonomousSearchNumCalls=3\n%%%mzn-stat: 2AutonomousSearchNumPredicatesAdded=2463\n%%%mzn-stat: 2AutonomousSearchAverageSizeOfHeap=514.3333333333334\n%%%mzn-stat: 2AutonomousSearchNumAssignedPredicatesEncountered=1543\n%%%mzn-stat-end\nPolyominoes Solution:\nC C E E B B B B\nC C E E B B B B\nC E E E B B B B\nC E E E B B B B\nC F F B B B B D\nA F F B B B B D\nA F F B B B B D\nA A A A A B B B\n\nSummary: Used 6 tiles on a 8x8 board.\n----------\n==========\n%%%mzn-stat: initTime=0.2183924\n%%%mzn-stat: objective=1134\n%%%mzn-stat: nodes=358\n%%%mzn-stat: restarts=0\n%%%mzn-stat: peakDepth=11\n%%%mzn-stat: solveTime=133.4637929\n%%%mzn-stat: variables=67\n%%%mzn-stat: propagators=9\n%%%mzn-stat: failures=347\n%%%mzn-stat: propagations=14060\n%%%mzn-stat: nogoods=347\n%%%mzn-stat: numAtomicConstraintsPropagated=0\n%%%mzn-stat: regularNfaPropagatorNumber1LayeredMultigraphSyncTimeNs=23860929200\n%%%mzn-stat: regularNfaPropagatorNumber2LayeredMultigraphSyncTimeNs=13973795700\n%%%mzn-stat: regularNfaPropagatorNumber3LayeredMultigraphSyncTimeNs=16153419500\n%%%mzn-stat: regularNfaPropagatorNumber4LayeredMultigraphSyncTimeNs=2825368500\n%%%mzn-stat: regularNfaPropagatorNumber5LayeredMultigraphSyncTimeNs=14111620700\n%%%mzn-stat: regularNfaPropagatorNumber6LayeredMultigraphSyncTimeNs=3192225000\n%%%mzn-stat: AverageConflictSize=140.1844380403458\n%%%mzn-stat: NumUnitNogoodsLearned=1\n%%%mzn-stat: AverageLearnedNogoodLength=32.89913544668588\n%%%mzn-stat: AverageBacktrackAmount=0\n%%%mzn-stat: AverageLbd=4.07492795389049\n%%%mzn-stat: 2AutonomousSearchNumBackupCalled=0\n%%%mzn-stat: 2AutonomousSearchNumPredicatesRemoved=0\n%%%mzn-stat: 2AutonomousSearchNumCalls=3\n%%%mzn-stat: 2AutonomousSearchNumPredicatesAdded=2463\n%%%mzn-stat: 2AutonomousSearchAverageSizeOfHeap=514.3333333333334\n%%%mzn-stat: 2AutonomousSearchNumAssignedPredicatesEncountered=1543\n%%%mzn-stat-end\n%%%mzn-stat: nSolutions=1\n%%%mzn-stat-end\n",
      "stderr": ""
    },
    "dfa": {
      "solver_id": "nl.tudelft.algorithmics.pumpkin-regular",
      "dzn": "instances_dzn/dfa/0_low_blowup/polyominoes_82.dzn",
      "status": "SATISFIED",
      "exit_code": 0,
      "stats": {
        "paths": 0,
        "flatIntVars": 65,
        "flatIntConstraints": 7,
        "method": "maximize",
        "flatTime": 0.275318,
        "initTime": 0.2076825,
        "objective": 1134,
        "nodes": 358,
        "restarts": 0,
        "peakDepth": 11,
        "solveTime": 92.791398,
        "variables": 67,
        "propagators": 9,
        "failures": 347,
        "propagations": 13986,
        "nogoods": 347,
        "numAtomicConstraintsPropagated": 0,
        "regularDfaPropagatorNumber1LayeredMultigraphSyncTimeNs": 13329215000,
        "regularDfaPropagatorNumber2LayeredMultigraphSyncTimeNs": 11794776900,
        "regularDfaPropagatorNumber3LayeredMultigraphSyncTimeNs": 10406066100,
        "regularDfaPropagatorNumber4LayeredMultigraphSyncTimeNs": 2594250100,