{
  "instance": "polyominoes_56",
  "problem_type": "polyominoes",
  "blowup_bin": "0_low_blowup",
  "blowup": 0.7725980670835703,
  "timeout_seconds": 600,
  "model": "models/polyominoes.mzn",
  "construction": {
    "nfa_glushkov": {
      "ms": [
        43.74210000241874,
        75.88279999981751,
        95.44710000045598,
        112.0980999985477,
        66.45089999801712,
        0.5160000000614673
      ],
      "ms_total": 394.1369999993185,
      "states": [
        1277,
        1889,
        2225,
        2441,
        1641,
        14
      ],
      "states_total": 9487
    },
    "nfa_rbisim": {
      "ms": [
        7477.407800000947,
        15200.584300000628,
        20777.238500002568,
        27436.84629999916,
        10881.254299998545,
        0.598900001932634
      ],
      "ms_total": 81773.93010000378,
      "states": [
        177,
        351,
        433,
        473,
        323,
        2
      ],
      "states_total": 1759
    },
    "dfa_subset": {
      "ms": [
        71.6723000005004,
        393.31359999778215,
        503.95469999784837,
        616.6185999973095,
        270.83979999952135,
        0.18400000044493936
      ],
      "ms_total": 1856.5829999934067,
      "states": [
        765,
        1544,
        1836,
        2061,
        1366,
        14
      ],
      "states_total": 7586
    },
    "dfa_min": {
      "ms": [
        3039.028600000165,
        13382.778099999996,
        18353.566100002354,
        25775.85899999758,
        9991.31810000108,
        0.3775000004679896
      ],
      "ms_total": 70542.92740000164,
      "states": [
        100,
        281,
        349,
        373,
        253,
        3
      ],
      "states_total": 1359
    }
  },
  "configs": {
    "nfa": {
      "solver_id": "nl.tudelft.algorithmics.pumpkin-regular",
      "dzn": "instances_dzn/nfa/0_low_blowup/polyominoes_56.dzn",
      "status": "SATISFIED",
      "exit_code": 0,
      "stats": {
        "paths": 0,
        "flatIntVars": 101,
        "flatIntConstraints": 7,
        "method": "maximize",
        "flatTime": 0.304968,
        "initTime": 0.7808983,
        "objective": 1842,
        "nodes": 155,
        "restarts": 0,
        "peakDepth": 11,
        "solveTime": 233.8632118,
        "variables": 103,
        "propagators": 9,
        "failures": 149,
        "propagations": 5249,
        "nogoods": 149,
        "numAtomicConstraintsPropagated": 0,
        "regularNfaPropagatorNumber1LayeredMultigraphSyncTimeNs": 18189139900,
        "regularNfaPropagatorNumber2LayeredMultigraphSyncTimeNs": 33867758600,
        "regularNfaPropagatorNumber3LayeredMultigraphSyncTimeNs": 26586307900,
        "regularNfaPropagatorNumber4LayeredMultigraphSyncTimeNs": 12902157200,
        "regularNfaPropagatorNumber5LayeredMultigraphSyncTimeNs": 20906017900,
        "regularNfaPropagatorNumber6LayeredMultigraphSyncTimeNs": 227374200,
        "AverageConflictSize": 176.99328859060404,
        "NumUnitNogoodsLearned": 3,
        "AverageLearnedNogoodLength": 15.590604026845638,
        "AverageBacktrackAmount": 0,
        "AverageLbd": 5.510067114093959,
        "2AutonomousSearchNumBackupCalled": 0,
        "2AutonomousSearchNumPredicatesRemoved": 0,
        "2AutonomousSearchNumCalls": 2,
        "2AutonomousSearchNumPredicatesAdded": 2345,
        "2AutonomousSearchAverageSizeOfHeap": 654.5,
        "2AutonomousSearchNumAssignedPredicatesEncountered": 1309,
        "nSolutions": 1
      },
      "layered_multigraph_sync_ms": 112678.7557,
      "errors": [],
      "stdout": "% Generated FlatZinc statistics:\n%%%mzn-stat: paths=0\n%%%mzn-stat: flatIntVars=101\n%%%mzn-stat: flatIntConstraints=7\n%%%mzn-stat: method=\"maximize\"\n%%%mzn-stat: flatTime=0.304968\n%%%mzn-stat-end\n% Logging successfully configured\n%%%mzn-stat: initTime=0.7808983\n%%%mzn-stat: objective=1842\n%%%mzn-stat: nodes=155\n%%%mzn-stat: restarts=0\n%%%mzn-stat: peakDepth=11\n%%%mzn-stat: solveTime=233.8632118\n%%%mzn-stat: variables=103\n%%%mzn-stat: propagators=9\n%%%mzn-stat: failures=149\n%%%mzn-stat: propagations=5249\n%%%mzn-stat: nogoods=149\n%%%mzn-stat: numAtomicConstraintsPropagated=0\n%%%mzn-stat: regularNfaPropagatorNumber1LayeredMultigraphSyncTimeNs=18189139900\n%%%mzn-stat: regularNfaPropagatorNumber2LayeredMultigraphSyncTimeNs=33867758600\n%%%mzn-stat: regularNfaPropagatorNumber3LayeredMultigraphSyncTimeNs=26586307900\n%%%mzn-stat: regularNfaPropagatorNumber4LayeredMultigraphSyncTimeNs=12902157200\n%%%mzn-stat: regularNfaPropagatorNumber5LayeredMultigraphSyncTimeNs=20906017900\n%%%mzn-stat: regularNfaPropagatorNumber6LayeredMultigraphSyncTimeNs=227374200\n%%%mzn-stat: AverageConflictSize=176.99328859060404\n%%%mzn-stat: NumUnitNogoodsLearned=3\n%%%mzn-stat: AverageLearnedNogoodLength=15.590604026845638\n%%%mzn-stat: AverageBacktrackAmount=0\n%%%mzn-stat: AverageLbd=5.510067114093959\n%%%mzn-stat: 2AutonomousSearchNumBackupCalled=0\n%%%mzn-stat: 2AutonomousSearchNumPredicatesRemoved=0\n%%%mzn-stat: 2AutonomousSearchNumCalls=2\n%%%mzn-stat: 2AutonomousSearchNumPredicatesAdded=2345\n%%%mzn-stat: 2AutonomousSearchAverageSizeOfHeap=654.5\n%%%mzn-stat: 2AutonomousSearchNumAssignedPredicatesEncountered=1309\n%%%mzn-stat-end\nPolyominoes Solution:\nC C C C C C C C D D\nB C C C C C C C D D\nB B C C C C C D D D\nB B B B C C F D D D\nB B B B C A A A D D\nB B B B B A A A D D\nE B E E A A A A D D\nE E E E A A A A D D\nE E E E E E D D D D\nE E E E E E D D D D\n\nSummary: Used 6 tiles on a 10x10 board.\n----------\n==========\n%%%mzn-stat: initTime=0.7808983\n%%%mzn-stat: objective=1842\n%%%mzn-stat: nodes=155\n%%%mzn-stat: restarts=0\n%%%mzn-stat: peakDepth=11\n%%%mzn-stat: solveTime=233.8632118\n%%%mzn-stat: variables=103\n%%%mzn-stat: propagators=9\n%%%mzn-stat: failures=149\n%%%mzn-stat: propagations=5249\n%%%mzn-stat: nogoods=149\n%%%mzn-stat: numAtomicConstraintsPropagated=0\n%%%mzn-stat: regularNfaPropagatorNumber1LayeredMultigraphSyncTimeNs=18189139900\n%%%mzn-stat: regularNfaPropagatorNumber2LayeredMultigraphSyncTimeNs=33867758600\n%%%mzn-stat: regularNfaPropagatorNumber3LayeredMultigraphSyncTimeNs=26586307900\n%%%mzn-stat: regularNfaPropagatorNumber4LayeredMultigraphSyncTimeNs=12902157200\n%%%mzn-stat: regularNfaPropagatorNumber5LayeredMultigraphSyncTimeNs=20906017900\n%%%mzn-stat: regularNfaPropagatorNumber6LayeredMultigraphSyncTimeNs=227374200\n%%%mzn-stat: AverageConflictSize=176.99328859060404\n%%%mzn-stat: NumUnitNogoodsLearned=3\n%%%mzn-stat: AverageLearnedNogoodLength=15.590604026845638\n%%%mzn-stat: AverageBacktrackAmount=0\n%%%mzn-stat: AverageLbd=5.510067114093959\n%%%mzn-stat: 2AutonomousSearchNumBackupCalled=0\n%%%mzn-stat: 2AutonomousSearchNumPredicatesRemoved=0\n%%%mzn-stat: 2AutonomousSearchNumCalls=2\n%%%mzn-stat: 2AutonomousSearchNumPredicatesAdded=2345\n%%%mzn-stat: 2AutonomousSearchAverageSizeOfHeap=654.5\n%%%mzn-stat: 2AutonomousSearchNumAssignedPredicatesEncountered=1309\n%%%mzn-stat-end\n%%%mzn-stat: nSolutions=1\n%%%mzn-stat-end\n",
      "stderr": ""
    },
    "dfa": {
      "solver_id": "nl.tudelft.algorithmics.pumpkin-regular",
      "dzn": "instances_dzn/dfa/0_low_blowup/polyominoes_56.dzn",
      "status": "SATISFIED",
      "exit_code": 0,
      "stats": {
        "paths": 0,
        "flatIntVars": 101,
        "flatIntConstraints": 7,
        "method": "maximize",
        "flatTime": 0.302084,
        "initTime": 0.6448587,
        "objective": 1842,
        "nodes": 155,
        "restarts": 0,
        "peakDepth": 11,
        "solveTime": 169.8697657,
        "variables": 103,
        "propagators": 9,
        "failures": 149,
        "propagations": 5235,
        "nogoods": 149,
        "numAtomicConstraintsPropagated": 0,
        "regularDfaPropagatorNumber1LayeredMultigraphSyncTimeNs": 10461588100,
        "regularDfaPropagatorNumber2LayeredMultigraphSyncTimeNs": 24247725500,
        "regularDfaPropagatorNumber3LayeredMultigraphSyncTimeNs": 19588025700,