{
  "instance": "polyominoes_56",
  "problem_type": "polyominoes",
  "blowup_bin": "0_low_blowup",
  "blowup": 0.6471291866028708,
  "timeout_seconds": 600,
  "model": "models/polyominoes.mzn",
  "construction": {
    "nfa_glushkov": {
      "ms": [
        39.77339999983087,
        0.6411000504158437,
        19.675999996252358,
        8.911099983379245,
        58.11470001935959,
        49.60299999220297,
        51.04400002164766,
        50.166300032287836
      ],
      "ms_total": 277.9296000953764,
      "states": [
        1145,
        18,
        633,
        314,
        1537,
        1377,
        1393,
        1297
      ],
      "states_total": 7714
    },
    "nfa_rbisim": {
      "ms": [
        5987.973599985708,
        1.2266000267118216,
        1799.0913999965414,
        358.02059998968616,
        10067.132500000298,
        10336.877499998081,
        8487.188800005242,
        7031.128000002354
      ],
      "ms_total": 44068.63900000462,
      "states": [
        128,
        2,
        26,
        23,
        154,
        178,
        187,
        138
      ],
      "states_total": 836
    },
    "dfa_subset": {
      "ms": [
        67.25289998576045,
        0.3074000123888254,
        9.3578000087291,
        6.485500023700297,
        153.0792000121437,
        107.44630004046485,
        187.00700002955273,
        124.23849996412173
      ],
      "ms_total": 655.1746000768617,
      "states": [
        696,
        18,
        177,
        158,
        981,
        851,
        1056,
        867
      ],
      "states_total": 4804
    },
    "dfa_min": {
      "ms": [
        2416.7776000103913,
        0.6211999570950866,
        90.20899998722598,
        87.87370001664385,
        5275.587899959646,
        4047.3332999972627,
        6872.259199968539,
        4233.049400034361
      ],
      "ms_total": 23023.711299931165,
      "states": [
        81,
        3,
        21,
        21,
        91,
        100,
        133,
        91
      ],
      "states_total": 541
    }
  },
  "configs": {
    "nfa": {
      "solver_id": "nl.tudelft.algorithmics.pumpkin-regular",
      "dzn": "instances_dzn/nfa/0_low_blowup/polyominoes_56.dzn",
      "status": "SATISFIED",
      "exit_code": 0,
      "stats": {
        "paths": 0,
        "flatIntVars": 64,
        "flatIntConstraints": 8,
        "method": "satisfy",
        "flatTime": 0.300958,
        "nodes": 939,
        "restarts": 0,
        "peakDepth": 13,
        "solveTime": 464.3580133,
        "variables": 66,
        "propagators": 9,
        "failures": 931,
        "propagations": 24707,
        "nogoods": 931,
        "numAtomicConstraintsPropagated": 0,
        "regularNfaPropagatorNumber1LayeredMultigraphSyncTimeNs": 54337446100,
        "regularNfaPropagatorNumber2LayeredMultigraphSyncTimeNs": 2216524800,
        "regularNfaPropagatorNumber3LayeredMultigraphSyncTimeNs": 16810758000,
        "regularNfaPropagatorNumber4LayeredMultigraphSyncTimeNs": 12169064900,
        "regularNfaPropagatorNumber5LayeredMultigraphSyncTimeNs": 73670127700,
        "regularNfaPropagatorNumber6LayeredMultigraphSyncTimeNs": 46053913400,
        "regularNfaPropagatorNumber7LayeredMultigraphSyncTimeNs": 63220580800,
        "regularNfaPropagatorNumber8LayeredMultigraphSyncTimeNs": 40108201400,
        "AverageConflictSize": 290.6283566058002,
        "NumUnitNogoodsLearned": 0,
        "AverageLearnedNogoodLength": 8.30719656283566,
        "AverageBacktrackAmount": 0,
        "AverageLbd": 7.9484425349087005,
        "1AutonomousSearchNumBackupCalled": 0,
        "1AutonomousSearchNumPredicatesRemoved": 0,
        "1AutonomousSearchNumCalls": 1,
        "1AutonomousSearchNumPredicatesAdded": 680,
        "1AutonomousSearchAverageSizeOfHeap": 680,
        "1AutonomousSearchNumAssignedPredicatesEncountered": 680,
        "nSolutions": 1
      },
      "layered_multigraph_sync_ms": 308586.6171,
      "errors": [],
      "stdout": "% Generated FlatZinc statistics:\r\n%%%mzn-stat: paths=0\r\n%%%mzn-stat: flatIntVars=64\r\n%%%mzn-stat: flatIntConstraints=8\r\n%%%mzn-stat: method=\"satisfy\"\r\n%%%mzn-stat: flatTime=0.300958\r\n%%%mzn-stat-end\r\n% Logging successfully configured\r\n%%%mzn-stat: nodes=939\r\n%%%mzn-stat: restarts=0\r\n%%%mzn-stat: peakDepth=13\r\n%%%mzn-stat: solveTime=464.3580133\r\n%%%mzn-stat: variables=66\r\n%%%mzn-stat: propagators=9\r\n%%%mzn-stat: failures=931\r\n%%%mzn-stat: propagations=24707\r\n%%%mzn-stat: nogoods=931\r\n%%%mzn-stat: numAtomicConstraintsPropagated=0\r\n%%%mzn-stat: regularNfaPropagatorNumber1LayeredMultigraphSyncTimeNs=54337446100\r\n%%%mzn-stat: regularNfaPropagatorNumber2LayeredMultigraphSyncTimeNs=2216524800\r\n%%%mzn-stat: regularNfaPropagatorNumber3LayeredMultigraphSyncTimeNs=16810758000\r\n%%%mzn-stat: regularNfaPropagatorNumber4LayeredMultigraphSyncTimeNs=12169064900\r\n%%%mzn-stat: regularNfaPropagatorNumber5LayeredMultigraphSyncTimeNs=73670127700\r\n%%%mzn-stat: regularNfaPropagatorNumber6LayeredMultigraphSyncTimeNs=46053913400\r\n%%%mzn-stat: regularNfaPropagatorNumber7LayeredMultigraphSyncTimeNs=63220580800\r\n%%%mzn-stat: regularNfaPropagatorNumber8LayeredMultigraphSyncTimeNs=40108201400\r\n%%%mzn-stat: AverageConflictSize=290.6283566058002\r\n%%%mzn-stat: NumUnitNogoodsLearned=0\r\n%%%mzn-stat: AverageLearnedNogoodLength=8.30719656283566\r\n%%%mzn-stat: AverageBacktrackAmount=0\r\n%%%mzn-stat: AverageLbd=7.9484425349087005\r\n%%%mzn-stat: 1AutonomousSearchNumBackupCalled=0\r\n%%%mzn-stat: 1AutonomousSearchNumPredicatesRemoved=0\r\n%%%mzn-stat: 1AutonomousSearchNumCalls=1\r\n%%%mzn-stat: 1AutonomousSearchNumPredicatesAdded=680\r\n%%%mzn-stat: 1AutonomousSearchAverageSizeOfHeap=680\r\n%%%mzn-stat: 1AutonomousSearchNumAssignedPredicatesEncountered=680\r\n%%%mzn-stat-end\r\nPolyominoes Solution:\r\nA A A A G G G G\r\nA A A A G G G G\r\nA A A G G B G G\r\nE C C D F F F F\r\nE E C D F F F F\r\nE E E D F F F F\r\nE H H H F F F F\r\nE H H H H H F F\r\n\r\nSummary: Used 8 tiles on a 8x8 board.\r\n----------\r\n%%%mzn-stat: nSolutions=1\r\n%%%mzn-stat-end\r\n",
      "stderr": ""
    },
    "dfa": {
      "solver_id": "nl.tudelft.algorithmics.pumpkin-regular",
      "dzn": "instances_dzn/dfa/0_low_blowup/polyominoes_56.dzn",
      "status": "SATISFIED",
      "exit_code": 0,
      "stats": {
        "paths": 0,
        "flatIntVars": 64,
        "flatIntConstraints": 8,
        "method": "satisfy",
        "flatTime": 0.288604,
        "nodes": 939,
        "restarts": 0,
        "peakDepth": 13,
        "solveTime": 289.5423328,
        "variables": 66,
        "propagators": 9,
        "failures": 931,
        "propagations": 24725,
        "nogoods": 931,
        "numAtomicConstraintsPropagated": 0,
        "regularDfaPropagatorNumber1LayeredMultigraphSyncTimeNs": 35128743200,
        "regularDfaPropagatorNumber2LayeredMultigraphSyncTimeNs": 2189685900,
        "regularDfaPropagatorNumber3LayeredMultigraphSyncTimeNs": 12964845500,
        "regularDfaPropagatorNumber4LayeredMultigraphSyncTimeNs": 10973188200,
        "regularDfaPropagatorNumber5LayeredMultigraphSyncTimeNs": 37405369000,
        "regularDfaPropagatorNumber6LayeredMultigraphSyncTimeNs": 25669983300,
        "regularDfaPropagatorNumber7LayeredMultigraphSyncTimeNs": 43548746200,
        "regularDfaPropagatorNumber8LayeredMultigraphSyncTimeNs": 25515619500,
        "AverageConflictSize": 290.6283566058002,
        "NumUnitNogoodsLearned": 0,
        "AverageLearnedNogoodLength": 8.30719656283566,
        "AverageBacktrackAmount": 0,
        "AverageLbd": 7.9484425349087005,
        "1AutonomousSearchNumBackupCalled": 0,
        "1AutonomousSearchNumPredicatesRemoved": 0,
        "1AutonomousSearchNumCalls": 1,
        "1AutonomousSearchNumPredicatesAdded": 680,
        "1AutonomousSearchAverageSizeOfHeap": 680,
        "1AutonomousSearchNumAssignedPredicatesEncountered": 680,
        "nSolutions": 1
      },
      "layered_multigraph_sync_ms": 193396.1808,