{
  "instance": "polyominoes_91",
  "problem_type": "polyominoes",
  "blowup_bin": "0_low_blowup",
  "blowup": 0.7208854667949952,
  "timeout_seconds": 600,
  "model": "models/polyominoes.mzn",
  "construction": {
    "nfa_glushkov": {
      "ms": [
        0.5782000371254981,
        35.390199976973236,
        27.41110004717484,
        96.42959997290745,
        5.48190000699833,
        50.79129996011034,
        74.24379995791242,
        47.34739998821169
      ],
      "ms_total": 337.6734999474138,
      "states": [
        18,
        1033,
        841,
        2209,
        183,
        1401,
        1833,
        1289
      ],
      "states_total": 8807
    },
    "nfa_rbisim": {
      "ms": [
        1.1400999501347542,
        4470.469299994875,
        2794.411900045816,
        21557.73240001872,
        106.31350002950057,
        8774.68490001047,
        15300.783100014087,
        7153.898800024763
      ],
      "ms_total": 60159.43400008837,
      "states": [
        2,
        99,
        69,
        257,
        13,
        183,
        302,
        114
      ],
      "states_total": 1039
    },
    "dfa_subset": {
      "ms": [
        0.2802000381052494,
        57.38569999812171,
        31.680000014603138,
        441.03499996708706,
        2.8397999703884125,
        218.2401999598369,
        444.2282000090927,
        88.4756000014022
      ],
      "ms_total": 1284.1646999586374,
      "states": [
        18,
        611,
        448,
        1574,
        92,
        1059,
        1535,
        724
      ],
      "states_total": 6061
    },
    "dfa_min": {
      "ms": [
        0.6110999966040254,
        1813.2275000098161,
        882.8777999733575,
        15738.763600005768,
        22.613000008277595,
        7245.570900035091,
        15669.899699976668,
        2663.7347000068985
      ],
      "ms_total": 44037.29830001248,
      "states": [
        3,
        65,
        46,
        161,
        12,
        131,
        249,
        82
      ],
      "states_total": 749
    }
  },
  "configs": {
    "nfa": {
      "solver_id": "nl.tudelft.algorithmics.pumpkin-regular",
      "dzn": "instances_dzn/nfa/0_low_blowup/polyominoes_91.dzn",
      "status": "SATISFIED",
      "exit_code": 0,
      "stats": {
        "paths": 0,
        "flatIntVars": 64,
        "flatIntConstraints": 8,
        "method": "satisfy",
        "flatTime": 10.6225,
        "nodes": 227,
        "restarts": 0,
        "peakDepth": 12,
        "solveTime": 139.3073609,
        "variables": 66,
        "propagators": 9,
        "failures": 219,
        "propagations": 6088,
        "nogoods": 219,
        "numAtomicConstraintsPropagated": 0,
        "regularNfaPropagatorNumber1LayeredMultigraphSyncTimeNs": 457826500,
        "regularNfaPropagatorNumber2LayeredMultigraphSyncTimeNs": 11852191100,
        "regularNfaPropagatorNumber3LayeredMultigraphSyncTimeNs": 9712590700,
        "regularNfaPropagatorNumber4LayeredMultigraphSyncTimeNs": 19592057200,
        "regularNfaPropagatorNumber5LayeredMultigraphSyncTimeNs": 1704305900,
        "regularNfaPropagatorNumber6LayeredMultigraphSyncTimeNs": 16217989400,
        "regularNfaPropagatorNumber7LayeredMultigraphSyncTimeNs": 16993549100,
        "regularNfaPropagatorNumber8LayeredMultigraphSyncTimeNs": 9760153300,
        "AverageConflictSize": 210.57534246575344,
        "NumUnitNogoodsLearned": 0,
        "AverageLearnedNogoodLength": 7.141552511415525,
        "AverageBacktrackAmount": 0,
        "AverageLbd": 6.940639269406392,
        "1AutonomousSearchNumBackupCalled": 0,
        "1AutonomousSearchNumPredicatesRemoved": 0,
        "1AutonomousSearchNumCalls": 1,
        "1AutonomousSearchNumPredicatesAdded": 547,
        "1AutonomousSearchAverageSizeOfHeap": 547,
        "1AutonomousSearchNumAssignedPredicatesEncountered": 547,
        "nSolutions": 1
      },
      "layered_multigraph_sync_ms": 86290.6632,
      "errors": [],
      "stdout": "% Generated FlatZinc statistics:\r\n%%%mzn-stat: paths=0\r\n%%%mzn-stat: flatIntVars=64\r\n%%%mzn-stat: flatIntConstraints=8\r\n%%%mzn-stat: method=\"satisfy\"\r\n%%%mzn-stat: flatTime=10.6225\r\n%%%mzn-stat-end\r\n% Logging successfully configured\r\n%%%mzn-stat: nodes=227\r\n%%%mzn-stat: restarts=0\r\n%%%mzn-stat: peakDepth=12\r\n%%%mzn-stat: solveTime=139.3073609\r\n%%%mzn-stat: variables=66\r\n%%%mzn-stat: propagators=9\r\n%%%mzn-stat: failures=219\r\n%%%mzn-stat: propagations=6088\r\n%%%mzn-stat: nogoods=219\r\n%%%mzn-stat: numAtomicConstraintsPropagated=0\r\n%%%mzn-stat: regularNfaPropagatorNumber1LayeredMultigraphSyncTimeNs=457826500\r\n%%%mzn-stat: regularNfaPropagatorNumber2LayeredMultigraphSyncTimeNs=11852191100\r\n%%%mzn-stat: regularNfaPropagatorNumber3LayeredMultigraphSyncTimeNs=9712590700\r\n%%%mzn-stat: regularNfaPropagatorNumber4LayeredMultigraphSyncTimeNs=19592057200\r\n%%%mzn-stat: regularNfaPropagatorNumber5LayeredMultigraphSyncTimeNs=1704305900\r\n%%%mzn-stat: regularNfaPropagatorNumber6LayeredMultigraphSyncTimeNs=16217989400\r\n%%%mzn-stat: regularNfaPropagatorNumber7LayeredMultigraphSyncTimeNs=16993549100\r\n%%%mzn-stat: regularNfaPropagatorNumber8LayeredMultigraphSyncTimeNs=9760153300\r\n%%%mzn-stat: AverageConflictSize=210.57534246575344\r\n%%%mzn-stat: NumUnitNogoodsLearned=0\r\n%%%mzn-stat: AverageLearnedNogoodLength=7.141552511415525\r\n%%%mzn-stat: AverageBacktrackAmount=0\r\n%%%mzn-stat: AverageLbd=6.940639269406392\r\n%%%mzn-stat: 1AutonomousSearchNumBackupCalled=0\r\n%%%mzn-stat: 1AutonomousSearchNumPredicatesRemoved=0\r\n%%%mzn-stat: 1AutonomousSearchNumCalls=1\r\n%%%mzn-stat: 1AutonomousSearchNumPredicatesAdded=547\r\n%%%mzn-stat: 1AutonomousSearchAverageSizeOfHeap=547\r\n%%%mzn-stat: 1AutonomousSearchNumAssignedPredicatesEncountered=547\r\n%%%mzn-stat-end\r\nPolyominoes Solution:\r\nA C C B B B F F\r\nC C C B B F F F\r\nG G G B B F F F\r\nG G G G G H F F\r\nG G G G D H H F\r\nG G G D D H H H\r\nG G G D D H E E\r\nG D D D D D D D\r\n\r\nSummary: Used 8 tiles on a 8x8 board.\r\n----------\r\n%%%mzn-stat: nSolutions=1\r\n%%%mzn-stat-end\r\n",
      "stderr": ""
    },
    "dfa": {
      "solver_id": "nl.tudelft.algorithmics.pumpkin-regular",
      "dzn": "instances_dzn/dfa/0_low_blowup/polyominoes_91.dzn",
      "status": "SATISFIED",
      "exit_code": 0,
      "stats": {
        "paths": 0,
        "flatIntVars": 64,
        "flatIntConstraints": 8,
        "method": "satisfy",
        "flatTime": 0.291227,
        "nodes": 227,
        "restarts": 0,
        "peakDepth": 12,
        "solveTime": 98.5849979,
        "variables": 66,
        "propagators": 9,
        "failures": 219,
        "propagations": 6089,
        "nogoods": 219,
        "numAtomicConstraintsPropagated": 0,
        "regularDfaPropagatorNumber1LayeredMultigraphSyncTimeNs": 472116700,
        "regularDfaPropagatorNumber2LayeredMultigraphSyncTimeNs": 8249868000,
        "regularDfaPropagatorNumber3LayeredMultigraphSyncTimeNs": 6387550100,
        "regularDfaPropagatorNumber4LayeredMultigraphSyncTimeNs": 12276097600,
        "regularDfaPropagatorNumber5LayeredMultigraphSyncTimeNs": 1566240000,
        "regularDfaPropagatorNumber6LayeredMultigraphSyncTimeNs": 11295956400,
        "regularDfaPropagatorNumber7LayeredMultigraphSyncTimeNs": 12799773200,
        "regularDfaPropagatorNumber8LayeredMultigraphSyncTimeNs": 6298523600,
        "AverageConflictSize": 210.57534246575344,
        "NumUnitNogoodsLearned": 0,
        "AverageLearnedNogoodLength": 7.141552511415525,
        "AverageBacktrackAmount": 0,
        "AverageLbd": 6.940639269406392,
        "1AutonomousSearchNumBackupCalled": 0,
        "1AutonomousSearchNumPredicatesRemoved": 0,
        "1AutonomousSearchNumCalls": 1,
        "1AutonomousSearchNumPredicatesAdded": 547,
        "1AutonomousSearchAverageSizeOfHeap": 547,
        "1AutonomousSearchNumAssignedPredicatesEncountered": 547,
        "nSolutions": 1
      },
      "layered_multigraph_sync_ms": 59346.1256,
      "errors": [],