{
  "instance": "polyominoes_35",
  "problem_type": "polyominoes",
  "blowup_bin": "0_low_blowup",
  "blowup": 0.7359413202933985,
  "timeout_seconds": 600,
  "model": "models/polyominoes.mzn",
  "construction": {
    "nfa_glushkov": {
      "ms": [
        95.34869994968176,
        85.60489997034892,
        6.656500045210123,
        96.94179997313768,
        6.336199992801994,
        6.11610000487417,
        21.411299996543676,
        51.5544000081718
      ],
      "ms_total": 369.9698999407701,
      "states": [
        1449,
        1321,
        183,
        1649,
        183,
        183,
        576,
        841
      ],
      "states_total": 6385
    },
    "nfa_rbisim": {
      "ms": [
        14400.843099982012,
        10217.622499971185,
        136.68709999183193,
        18004.262099973857,
        134.8891999805346,
        147.18780003022403,
        2059.421400015708,
        3863.476000027731
      ],
      "ms_total": 48964.389199973084,
      "states": [
        222,
        145,
        13,
        300,
        13,
        13,
        43,
        69
      ],
      "states_total": 818
    },
    "dfa_subset": {
      "ms": [
        287.8236999968067,
        194.84620000002906,
        3.638499998487532,
        397.3007999593392,
        3.62249999307096,
        3.562199999578297,
        24.718699976801872,
        40.79609998734668
      ],
      "ms_total": 956.3086999114603,
      "states": [
        1119,
        930,
        92,
        1344,
        92,
        92,
        290,
        448
      ],
      "states_total": 4407
    },
    "dfa_min": {
      "ms": [
        10477.624799998011,
        6261.401400028262,
        25.089900009334087,
        14998.93240001984,
        35.22989997873083,
        24.77850002469495,
        449.3683000328019,
        1115.4538000118919
      ],
      "ms_total": 33387.87900010357,
      "states": [
        151,
        95,
        12,
        233,
        12,
        12,
        41,
        46
      ],
      "states_total": 602
    }
  },
  "configs": {
    "nfa": {
      "solver_id": "nl.tudelft.algorithmics.pumpkin-regular",
      "dzn": "instances_dzn/nfa/0_low_blowup/polyominoes_35.dzn",
      "status": "SATISFIED",
      "exit_code": 0,
      "stats": {
        "paths": 0,
        "flatIntVars": 64,
        "flatIntConstraints": 8,
        "method": "satisfy",
        "flatTime": 0.346762,
        "nodes": 39,
        "restarts": 0,
        "peakDepth": 9,
        "solveTime": 49.2207797,
        "variables": 66,
        "propagators": 9,
        "failures": 31,
        "propagations": 909,
        "nogoods": 31,
        "numAtomicConstraintsPropagated": 0,
        "regularNfaPropagatorNumber1LayeredMultigraphSyncTimeNs": 7913965900,
        "regularNfaPropagatorNumber2LayeredMultigraphSyncTimeNs": 7221621800,
        "regularNfaPropagatorNumber3LayeredMultigraphSyncTimeNs": 656660100,
        "regularNfaPropagatorNumber4LayeredMultigraphSyncTimeNs": 6484084600,
        "regularNfaPropagatorNumber5LayeredMultigraphSyncTimeNs": 648564800,
        "regularNfaPropagatorNumber6LayeredMultigraphSyncTimeNs": 592960000,
        "regularNfaPropagatorNumber7LayeredMultigraphSyncTimeNs": 1189530000,
        "regularNfaPropagatorNumber8LayeredMultigraphSyncTimeNs": 2851661200,
        "AverageConflictSize": 230.5483870967742,
        "NumUnitNogoodsLearned": 0,
        "AverageLearnedNogoodLength": 6.806451612903226,
        "AverageBacktrackAmount": 0,
        "AverageLbd": 6.806451612903226,
        "1AutonomousSearchNumBackupCalled": 0,
        "1AutonomousSearchNumPredicatesRemoved": 0,
        "1AutonomousSearchNumCalls": 1,
        "1AutonomousSearchNumPredicatesAdded": 354,
        "1AutonomousSearchAverageSizeOfHeap": 354,
        "1AutonomousSearchNumAssignedPredicatesEncountered": 354,
        "nSolutions": 1
      },
      "layered_multigraph_sync_ms": 27559.0484,
      "errors": [],
      "stdout": "% Generated FlatZinc statistics:\r\n%%%mzn-stat: paths=0\r\n%%%mzn-stat: flatIntVars=64\r\n%%%mzn-stat: flatIntConstraints=8\r\n%%%mzn-stat: method=\"satisfy\"\r\n%%%mzn-stat: flatTime=0.346762\r\n%%%mzn-stat-end\r\n% Logging successfully configured\r\n%%%mzn-stat: nodes=39\r\n%%%mzn-stat: restarts=0\r\n%%%mzn-stat: peakDepth=9\r\n%%%mzn-stat: solveTime=49.2207797\r\n%%%mzn-stat: variables=66\r\n%%%mzn-stat: propagators=9\r\n%%%mzn-stat: failures=31\r\n%%%mzn-stat: propagations=909\r\n%%%mzn-stat: nogoods=31\r\n%%%mzn-stat: numAtomicConstraintsPropagated=0\r\n%%%mzn-stat: regularNfaPropagatorNumber1LayeredMultigraphSyncTimeNs=7913965900\r\n%%%mzn-stat: regularNfaPropagatorNumber2LayeredMultigraphSyncTimeNs=7221621800\r\n%%%mzn-stat: regularNfaPropagatorNumber3LayeredMultigraphSyncTimeNs=656660100\r\n%%%mzn-stat: regularNfaPropagatorNumber4LayeredMultigraphSyncTimeNs=6484084600\r\n%%%mzn-stat: regularNfaPropagatorNumber5LayeredMultigraphSyncTimeNs=648564800\r\n%%%mzn-stat: regularNfaPropagatorNumber6LayeredMultigraphSyncTimeNs=592960000\r\n%%%mzn-stat: regularNfaPropagatorNumber7LayeredMultigraphSyncTimeNs=1189530000\r\n%%%mzn-stat: regularNfaPropagatorNumber8LayeredMultigraphSyncTimeNs=2851661200\r\n%%%mzn-stat: AverageConflictSize=230.5483870967742\r\n%%%mzn-stat: NumUnitNogoodsLearned=0\r\n%%%mzn-stat: AverageLearnedNogoodLength=6.806451612903226\r\n%%%mzn-stat: AverageBacktrackAmount=0\r\n%%%mzn-stat: AverageLbd=6.806451612903226\r\n%%%mzn-stat: 1AutonomousSearchNumBackupCalled=0\r\n%%%mzn-stat: 1AutonomousSearchNumPredicatesRemoved=0\r\n%%%mzn-stat: 1AutonomousSearchNumCalls=1\r\n%%%mzn-stat: 1AutonomousSearchNumPredicatesAdded=354\r\n%%%mzn-stat: 1AutonomousSearchAverageSizeOfHeap=354\r\n%%%mzn-stat: 1AutonomousSearchNumAssignedPredicatesEncountered=354\r\n%%%mzn-stat-end\r\nPolyominoes Solution:\r\nA A A A D D D D\r\nA A A A D D D D\r\nA A A A D D D D\r\nC C A A D D D D\r\nA A A D D D D D\r\nE E F D D B B D\r\nH H F B B B B B\r\nH H H G G G G G\r\n\r\nSummary: Used 8 tiles on a 8x8 board.\r\n----------\r\n%%%mzn-stat: nSolutions=1\r\n%%%mzn-stat-end\r\n",
      "stderr": ""
    },
    "dfa": {
      "solver_id": "nl.tudelft.algorithmics.pumpkin-regular",
      "dzn": "instances_dzn/dfa/0_low_blowup/polyominoes_35.dzn",
      "status": "SATISFIED",
      "exit_code": 0,
      "stats": {
        "paths": 0,
        "flatIntVars": 64,
        "flatIntConstraints": 8,
        "method": "satisfy",
        "flatTime": 0.336661,
        "nodes": 39,
        "restarts": 0,
        "peakDepth": 9,
        "solveTime": 32.8866533,
        "variables": 66,
        "propagators": 9,
        "failures": 31,
        "propagations": 908,
        "nogoods": 31,
        "numAtomicConstraintsPropagated": 0,
        "regularDfaPropagatorNumber1LayeredMultigraphSyncTimeNs": 5131291700,
        "regularDfaPropagatorNumber2LayeredMultigraphSyncTimeNs": 4159377100,
        "regularDfaPropagatorNumber3LayeredMultigraphSyncTimeNs": 574132100,
        "regularDfaPropagatorNumber4LayeredMultigraphSyncTimeNs": 4558507600,
        "regularDfaPropagatorNumber5LayeredMultigraphSyncTimeNs": 567296700,
        "regularDfaPropagatorNumber6LayeredMultigraphSyncTimeNs": 531988500,
        "regularDfaPropagatorNumber7LayeredMultigraphSyncTimeNs": 1117636800,
        "regularDfaPropagatorNumber8LayeredMultigraphSyncTimeNs": 1677489200,
        "AverageConflictSize": 230.5483870967742,
        "NumUnitNogoodsLearned": 0,
        "AverageLearnedNogoodLength": 6.806451612903226,
        "AverageBacktrackAmount": 0,
        "AverageLbd": 6.806451612903226,
        "1AutonomousSearchNumBackupCalled": 0,
        "1AutonomousSearchNumPredicatesRemoved": 0,
        "1AutonomousSearchNumCalls": 1,
        "1AutonomousSearchNumPredicatesAdded": 354,
        "1AutonomousSearchAverageSizeOfHeap": 354,
        "1AutonomousSearchNumAssignedPredicatesEncountered": 354,
        "nSolutions": 1
      },
      "layered_multigraph_sync_ms": 18317.7197,
      "errors": [],