{
  "instance": "nonogram_66",
  "problem_type": "nonogram",
  "blowup_bin": "0_low_blowup",
  "blowup": 1.1829268292682926,
  "timeout_seconds": 600,
  "model": "models/nonogram.mzn",
  "construction": {
    "nfa_glushkov": {
      "ms": [
        0.2793000021483749,
        0.24220001068897545,
        0.15160000475589186,
        0.23520000104326755,
        0.17250000382773578,
        0.15270001313183457,
        0.1379000023007393,
        0.15900000289548188,
        0.16960001084953547,
        0.1596000074641779,
        0.09079999290406704,
        0.1365999924018979,
        0.13580000086221844,
        0.10069999552797526,
        0.16539999342057854
      ],
      "ms_total": 2.488900034222752,
      "states": [
        13,
        12,
        8,
        13,
        9,
        8,
        7,
        8,
        9,
        8,
        4,
        7,
        7,
        5,
        9
      ],
      "states_total": 127
    },
    "nfa_rbisim": {
      "ms": [
        0.2234999992651865,
        0.145500001963228,
        0.07559999357908964,
        0.16719999257475138,
        0.09600000339560211,
        0.09370000043418258,
        0.06130000110715628,
        0.07410001126118004,
        0.09989998943638057,
        0.09819999104365706,
        0.02750000567175448,
        0.062399994931183755,
        0.05919999966863543,
        0.03689998993650079,
        0.10479999764356762
      ],
      "ms_total": 1.4257999719120562,
      "states": [
        9,
        8,
        6,
        9,
        6,
        5,
        4,
        5,
        6,
        5,
        2,
        4,
        4,
        3,
        6
      ],
      "states_total": 82
    },
    "dfa_subset": {
      "ms": [
        0.06359998951666057,
        0.05610000516753644,
        0.03500000457279384,
        0.057900004321709275,
        0.041100007365457714,
        0.037699996028095484,
        0.03530000685714185,
        0.03819999983534217,
        0.04149999585933983,
        0.03999999898951501,
        0.025000001187436283,
        0.03530000685714185,
        0.034199998481199145,
        0.025900008040480316,
        0.04410000110510737
      ],
      "ms_total": 0.6109000241849571,
      "states": [
        13,
        12,
        8,
        13,
        9,
        8,
        7,
        8,
        9,
        8,
        4,
        7,
        7,
        5,
        9
      ],
      "states_total": 127
    },
    "dfa_min": {
      "ms": [
        0.29769999673590064,
        0.24049999774433672,
        0.12660000356845558,
        0.29769999673590064,
        0.1436000020476058,
        0.12700000661425292,
        0.09960000170394778,
        0.12090000382158905,
        0.14570000348612666,
        0.1272000081371516,
        0.056899996707215905,
        0.09519999730400741,
        0.09309999586548656,
        0.06739998934790492,
        0.1581999968038872
      ],
      "ms_total": 2.1972999966237694,
      "states": [
        10,
        9,
        7,
        10,
        7,
        6,
        5,
        6,
        7,
        6,
        3,
        5,
        5,
        4,
        7
      ],
      "states_total": 97
    }
  },
  "configs": {
    "nfa": {
      "solver_id": "nl.tudelft.algorithmics.pumpkin-regular",
      "dzn": "instances_dzn/nfa/0_low_blowup/nonogram_66.dzn",
      "status": "SATISFIED",
      "exit_code": 0,
      "stats": {
        "paths": 0,
        "flatIntVars": 50,
        "flatIntConstraints": 15,
        "method": "satisfy",
        "flatTime": 0.237682,
        "nodes": 0,
        "restarts": 0,
        "peakDepth": 0,
        "solveTime": 1.4e-05,
        "variables": 51,
        "propagators": 16,
        "failures": 0,
        "propagations": 69,
        "nogoods": 0,
        "AverageConflictSize": 0,
        "NumUnitNogoodsLearned": 0,
        "AverageLearnedNogoodLength": 0,
        "AverageBacktrackAmount": 0,
        "AverageLbd": 0,
        "nSolutions": 1
      },
      "errors": [],
      "parse_errors": [],
      "stdout": "{\"type\": \"statistics\", \"statistics\": {\"paths\": 0, \"flatIntVars\": 50, \"flatIntConstraints\": 15, \"method\": \"satisfy\", \"flatTime\": 0.237682}}\n{\"type\": \"statistics\", \"statistics\": {\"nodes\": 0, \"restarts\": 0, \"peakDepth\": 0, \"solveTime\": 1.4e-05, \"variables\": 51, \"propagators\": 16, \"failures\": 0, \"propagations\": 69, \"nogoods\": 0, \"AverageConflictSize\": 0, \"NumUnitNogoodsLearned\": 0, \"AverageLearnedNogoodLength\": 0, \"AverageBacktrackAmount\": 0, \"AverageLbd\": 0}}\n{\"type\": \"solution\", \"output\": {\"default\": \"Nonogram Solution:\\n\\n#..##..###\\n..##..#.##\\n#####.....\\n#...####.#\\n.###.....#\\n\", \"raw\": \"Nonogram Solution:\\n\\n#..##..###\\n..##..#.##\\n#####.....\\n#...####.#\\n.###.....#\\n\"}, \"sections\": [\"default\", \"raw\"]}\n{\"type\": \"statistics\", \"statistics\": {\"nSolutions\": 1}}\n",
      "stderr": ""
    },
    "dfa": {
      "solver_id": "nl.tudelft.algorithmics.pumpkin-regular",
      "dzn": "instances_dzn/dfa/0_low_blowup/nonogram_66.dzn",
      "status": "SATISFIED",
      "exit_code": 0,
      "stats": {
        "paths": 0,
        "flatIntVars": 50,
        "flatIntConstraints": 15,
        "method": "satisfy",
        "flatTime": 0.235101,
        "nodes": 0,
        "restarts": 0,
        "peakDepth": 0,
        "solveTime": 1.15e-05,
        "variables": 51,
        "propagators": 16,
        "failures": 0,
        "propagations": 69,
        "nogoods": 0,
        "AverageConflictSize": 0,
        "NumUnitNogoodsLearned": 0,
        "AverageLearnedNogoodLength": 0,
        "AverageBacktrackAmount": 0,
        "AverageLbd": 0,
        "nSolutions": 1
      },
      "errors": [],
      "parse_errors": [],
      "stdout": "{\"type\": \"statistics\", \"statistics\": {\"paths\": 0, \"flatIntVars\": 50, \"flatIntConstraints\": 15, \"method\": \"satisfy\", \"flatTime\": 0.235101}}\n{\"type\": \"statistics\", \"statistics\": {\"nodes\": 0, \"restarts\": 0, \"peakDepth\": 0, \"solveTime\": 1.15e-05, \"variables\": 51, \"propagators\": 16, \"failures\": 0, \"propagations\": 69, \"nogoods\": 0, \"AverageConflictSize\": 0, \"NumUnitNogoodsLearned\": 0, \"AverageLearnedNogoodLength\": 0, \"AverageBacktrackAmount\": 0, \"AverageLbd\": 0}}\n{\"type\": \"solution\", \"output\": {\"default\": \"Nonogram Solution:\\n\\n#..##..###\\n..##..#.##\\n#####.....\\n#...####.#\\n.###.....#\\n\", \"raw\": \"Nonogram Solution:\\n\\n#..##..###\\n..##..#.##\\n#####.....\\n#...####.#\\n.###.....#\\n\"}, \"sections\": [\"default\", \"raw\"]}\n{\"type\": \"statistics\", \"statistics\": {\"nSolutions\": 1}}\n",
      "stderr": ""
    },
    "decomposition": {
      "solver_id": "nl.tudelft.algorithmics.pumpkin-decomposition",
      "dzn": "instances_dzn/dfa/0_low_blowup/nonogram_66.dzn",
      "status": "SATISFIED",
      "exit_code": 0,
      "stats": {
        "paths": 0,
        "flatIntVars": 220,
        "flatIntConstraints": 185,
        "method": "satisfy",
        "flatTime": 0.221009,
        "nodes": 0,
        "restarts": 0,
        "peakDepth": 0,
        "solveTime": 1.52e-05,
        "variables": 232,
        "propagators": 271,
        "failures": 0,
        "propagations": 1338,
        "nogoods": 0,
        "AverageConflictSize": 0,
        "NumUnitNogoodsLearned": 0,
        "AverageLearnedNogoodLength": 0,
        "AverageBacktrackAmount": 0,
        "AverageLbd": 0,
        "nSolutions": 1
      },
      "errors": [],
      "parse_errors": [],