{
  "instance": "nonogram_29",
  "problem_type": "nonogram",
  "blowup_bin": "0_low_blowup",
  "blowup": 1.1101321585903083,
  "timeout_seconds": 600,
  "model": "models/nonogram.mzn",
  "construction": {
    "nfa_glushkov": {
      "ms": [
        0.3367000026628375,
        0.26229998911730945,
        0.2860999957192689,
        0.305800000205636,
        0.33889999031089246,
        0.29349999385885894,
        0.2891000040108338,
        0.36869999894406646,
        0.3206000110367313,
        0.3336000081617385,
        0.15920000441838056,
        0.1860999909695238,
        0.25510000705253333,
        0.21270000434014946,
        0.1942000089911744,
        0.21610000112559646,
        0.2595999976620078,
        0.34500000765547156,
        0.28480000037234277,
        0.2893999917432666,
        0.27269999554846436,
        0.1463999942643568,
        0.15890000213403255,
        0.1542000100016594,
        0.23440000950358808
      ],
      "ms_total": 6.504100019810721,
      "states": [
        13,
        14,
        15,
        17,
        14,
        11,
        17,
        19,
        17,
        19,
        7,
        10,
        14,
        12,
        11,
        11,
        15,
        14,
        15,
        14,
        14,
        5,
        8,
        8,
        13
      ],
      "states_total": 327
    },
    "nfa_rbisim": {
      "ms": [
        0.1897000038297847,
        0.2381000085733831,
        0.3176000027451664,
        0.33200001053046435,
        0.27910000062547624,
        0.12719999358523637,
        0.4665000014938414,
        0.4037999897263944,
        0.31620000663679093,
        0.39900001138448715,
        0.06479999865405262,
        0.11829999857582152,
        0.31209998996928334,
        0.14609999198000878,
        0.13860000763088465,
        0.15140000323299319,
        0.24029999622143805,
        0.2749999985098839,
        0.3333000058773905,
        0.24229999689850956,
        0.31800000579096377,
        0.044200001866556704,
        0.09760000102687627,
        0.09590000263415277,
        0.20039999799337238
      ],
      "ms_total": 5.847500025993213,
      "states": [
        9,
        10,
        10,
        12,
        9,
        8,
        14,
        14,
        12,
        13,
        4,
        7,
        9,
        9,
        8,
        7,
        11,
        10,
        11,
        9,
        9,
        3,
        5,
        5,
        9
      ],
      "states_total": 227
    },
    "dfa_subset": {
      "ms": [
        0.0678999931551516,
        0.0627999979769811,
        0.06820000999141484,
        0.1525000116089359,
        0.06679999933112413,
        0.05119999696034938,
        0.06590000702999532,
        0.0822000001790002,
        0.07589999586343765,
        0.09130001126322895,
        0.03609999839682132,
        0.04260000423528254,
        0.0636000040685758,
        0.05089999467600137,
        0.04889999399892986,
        0.05189998773857951,
        0.06319998647086322,
        0.06299999949987978,
        0.0641999940853566,
        0.06880000000819564,
        0.07470000127796084,
        0.028700000257231295,
        0.03850000211969018,
        0.03890000516548753,
        0.05709999823011458
      ],
      "ms_total": 1.5757999935885891,
      "states": [
        13,
        14,
        15,
        17,
        14,
        11,
        17,
        19,
        17,
        19,
        7,
        10,
        14,
        12,
        11,
        11,
        15,
        14,
        15,
        14,
        14,
        5,
        8,
        8,
        13
      ],
      "states_total": 327
    },
    "dfa_min": {
      "ms": [
        0.3112999984296039,
        0.34300000697840005,
        0.35140001273248345,
        0.5036000075051561,
        0.29460000223480165,
        0.2179000002797693,
        0.46799999836366624,
        0.5705999938072637,
        0.4135999915888533,
        0.5181000014999881,
        0.09959998715203255,
        0.1821999903768301,
        0.3113000129815191,
        0.2423999976599589,
        0.21050000214017928,
        0.1998000079765916,
        0.4582000110531226,
        0.32380000629927963,
        0.36109999928157777,
        0.30279999191407114,
        0.32219999411609024,
        0.07600001117680222,
        0.12670000432990491,
        0.14009998994879425,
        0.28730000485666096
      ],
      "ms_total": 7.636100024683401,
      "states": [
        10,
        11,
        11,
        13,
        10,
        9,
        15,
        15,
        13,
        14,
        5,
        8,
        10,
        10,
        9,
        8,
        12,
        11,
        12,
        10,
        10,
        4,
        6,
        6,
        10
      ],
      "states_total": 252
    }
  },
  "configs": {
    "nfa": {
      "solver_id": "nl.tudelft.algorithmics.pumpkin-regular",
      "dzn": "instances_dzn/nfa/0_low_blowup/nonogram_29.dzn",
      "status": "SATISFIED",
      "exit_code": 0,
      "stats": {
        "paths": 0,
        "flatIntVars": 150,
        "flatIntConstraints": 25,
        "method": "satisfy",
        "flatTime": 0.231716,
        "nodes": 1,
        "restarts": 0,
        "peakDepth": 1,
        "solveTime": 0.0003638,
        "variables": 151,
        "propagators": 26,
        "failures": 0,
        "propagations": 189,
        "nogoods": 0,
        "AverageConflictSize": 0,
        "NumUnitNogoodsLearned": 0,
        "AverageLearnedNogoodLength": 0,
        "AverageBacktrackAmount": 0,
        "AverageLbd": 0,
        "nSolutions": 1
      },
      "errors": [],
      "parse_errors": [],
      "stdout": "{\"type\": \"statistics\", \"statistics\": {\"paths\": 0, \"flatIntVars\": 150, \"flatIntConstraints\": 25, \"method\": \"satisfy\", \"flatTime\": 0.231716}}\n{\"type\": \"statistics\", \"statistics\": {\"nodes\": 1, \"restarts\": 0, \"peakDepth\": 1, \"solveTime\": 0.0003638, \"variables\": 151, \"propagators\": 26, \"failures\": 0, \"propagations\": 189, \"nogoods\": 0, \"AverageConflictSize\": 0, \"NumUnitNogoodsLearned\": 0, \"AverageLearnedNogoodLength\": 0, \"AverageBacktrackAmount\": 0, \"AverageLbd\": 0}}\n{\"type\": \"solution\", \"output\": {\"default\": \"Nonogram Solution:\\n\\n.#...####.....#\\n.####...##....#\\n.#.##.##..#....\\n#..#..####...##\\n..##..#.#.#....\\n....####...##..\\n..##########.##\\n.#.##.#####..##\\n.####..##...#.#\\n#.#..##.###.#..\\n\", \"raw\": \"Nonogram Solution:\\n\\n.#...####.....#\\n.####...##....#\\n.#.##.##..#....\\n#..#..####...##\\n..##..#.#.#....\\n....####...##..\\n..##########.##\\n.#.##.#####..##\\n.####..##...#.#\\n#.#..##.###.#..\\n\"}, \"sections\": [\"default\", \"raw\"]}\n{\"type\": \"statistics\", \"statistics\": {\"nSolutions\": 1}}\n",
      "stderr": ""
    },
    "dfa": {
      "solver_id": "nl.tudelft.algorithmics.pumpkin-regular",
      "dzn": "instances_dzn/dfa/0_low_blowup/nonogram_29.dzn",
      "status": "SATISFIED",
      "exit_code": 0,
      "stats": {
        "paths": 0,
        "flatIntVars": 150,
        "flatIntConstraints": 25,
        "method": "satisfy",
        "flatTime": 0.242614,
        "nodes": 1,
        "restarts": 0,
        "peakDepth": 1,
        "solveTime": 0.0006065,
        "variables": 151,
        "propagators": 26,
        "failures": 0,
        "propagations": 189,
        "nogoods": 0,
        "AverageConflictSize": 0,
        "NumUnitNogoodsLearned": 0,
        "AverageLearnedNogoodLength": 0,
        "AverageBacktrackAmount": 0,
        "AverageLbd": 0,
        "nSolutions": 1
      },
      "errors": [],
      "parse_errors": [],