{
  "instance": "nonogram_14",
  "problem_type": "nonogram",
  "blowup_bin": "0_low_blowup",
  "blowup": 1.2173913043478262,
  "timeout_seconds": 600,
  "model": "models/nonogram.mzn",
  "construction": {
    "nfa_glushkov": {
      "ms": [
        0.2745000092545524,
        0.25019999884534627,
        0.3360999980941415,
        0.2597000129753724,
        0.13729999773204327,
        0.15260001237038523,
        0.28059999749530107,
        0.13939999917056412,
        0.11170000652782619,
        0.18170000112149864,
        0.14170000213198364,
        0.15440001152455807,
        0.31740000122226775,
        0.12719999358523637,
        0.10040000779554248
      ],
      "ms_total": 2.9649000498466194,
      "states": [
        10,
        13,
        9,
        11,
        6,
        7,
        7,
        5,
        4,
        7,
        6,
        7,
        9,
        4,
        4
      ],
      "states_total": 109
    },
    "nfa_rbisim": {
      "ms": [
        0.1525000116089359,
        0.17179999849759042,
        0.14050000754650682,
        0.15320000238716602,
        0.05099999543745071,
        0.069500005338341,
        0.08839998918119818,
        0.04680000711232424,
        0.03359999391250312,
        0.07660000119358301,
        0.05129999772179872,
        0.10900000052060932,
        0.4566999996313825,
        0.031200004741549492,
        0.02920000406447798
      ],
      "ms_total": 1.6613000188954175,
      "states": [
        6,
        9,
        6,
        8,
        4,
        4,
        4,
        3,
        2,
        4,
        4,
        5,
        6,
        2,
        2
      ],
      "states_total": 69
    },
    "dfa_subset": {
      "ms": [
        0.062400009483098984,
        0.059600002714432776,
        0.0855999969644472,
        0.05329999839887023,
        0.03510000533424318,
        0.039399994420818985,
        0.05050000618211925,
        0.03440000000409782,
        0.029699993319809437,
        0.042100000428035855,
        0.03460000152699649,
        0.18740000086836517,
        0.050000002374872565,
        0.026200010324828327,
        0.025000001187436283
      ],
      "ms_total": 0.8153000235324726,
      "states": [
        10,
        13,
        9,
        11,
        6,
        7,
        7,
        5,
        4,
        7,
        6,
        7,
        9,
        4,
        4
      ],
      "states_total": 109
    },
    "dfa_min": {
      "ms": [
        0.19619999511633068,
        0.4023999936180189,
        0.18470000941306353,
        0.20389999554026872,
        0.09249999129679054,
        0.1049999991664663,
        0.12989999959245324,
        0.08830000297166407,
        0.06989999383222312,
        0.11340000492054969,
        0.09940000018104911,
        0.13080000644549727,
        0.1588000013725832,
        0.06059999577701092,
        0.05769998824689537
      ],
      "ms_total": 2.0934999774908647,
      "states": [
        7,
        10,
        7,
        9,
        5,
        5,
        5,
        4,
        3,
        5,
        5,
        6,
        7,
        3,
        3
      ],
      "states_total": 84
    }
  },
  "configs": {
    "nfa": {
      "solver_id": "nl.tudelft.algorithmics.pumpkin-regular",
      "dzn": "instances_dzn/nfa/0_low_blowup/nonogram_14.dzn",
      "status": "SATISFIED",
      "exit_code": 0,
      "stats": {
        "paths": 0,
        "flatIntVars": 50,
        "flatIntConstraints": 15,
        "method": "satisfy",
        "flatTime": 0.230535,
        "nodes": 1,
        "restarts": 0,
        "peakDepth": 1,
        "solveTime": 0.0001518,
        "variables": 51,
        "propagators": 16,
        "failures": 0,
        "propagations": 72,
        "nogoods": 0,
        "AverageConflictSize": 0,
        "NumUnitNogoodsLearned": 0,
        "AverageLearnedNogoodLength": 0,
        "AverageBacktrackAmount": 0,
        "AverageLbd": 0,
        "nSolutions": 1
      },
      "errors": [],
      "parse_errors": [],
      "stdout": "{\"type\": \"statistics\", \"statistics\": {\"paths\": 0, \"flatIntVars\": 50, \"flatIntConstraints\": 15, \"method\": \"satisfy\", \"flatTime\": 0.230535}}\n{\"type\": \"statistics\", \"statistics\": {\"nodes\": 1, \"restarts\": 0, \"peakDepth\": 1, \"solveTime\": 0.0001518, \"variables\": 51, \"propagators\": 16, \"failures\": 0, \"propagations\": 72, \"nogoods\": 0, \"AverageConflictSize\": 0, \"NumUnitNogoodsLearned\": 0, \"AverageLearnedNogoodLength\": 0, \"AverageBacktrackAmount\": 0, \"AverageLbd\": 0}}\n{\"type\": \"solution\", \"output\": {\"default\": \"Nonogram Solution:\\n\\n.#...#.#..\\n#...####.#\\n..#..###..\\n#####.#...\\n......###.\\n\", \"raw\": \"Nonogram Solution:\\n\\n.#...#.#..\\n#...####.#\\n..#..###..\\n#####.#...\\n......###.\\n\"}, \"sections\": [\"default\", \"raw\"]}\n{\"type\": \"statistics\", \"statistics\": {\"nSolutions\": 1}}\n",
      "stderr": ""
    },
    "dfa": {
      "solver_id": "nl.tudelft.algorithmics.pumpkin-regular",
      "dzn": "instances_dzn/dfa/0_low_blowup/nonogram_14.dzn",
      "status": "SATISFIED",
      "exit_code": 0,
      "stats": {
        "paths": 0,
        "flatIntVars": 50,
        "flatIntConstraints": 15,
        "method": "satisfy",
        "flatTime": 0.230268,
        "nodes": 1,
        "restarts": 0,
        "peakDepth": 1,
        "solveTime": 0.0002869,
        "variables": 51,
        "propagators": 16,
        "failures": 0,
        "propagations": 72,
        "nogoods": 0,
        "AverageConflictSize": 0,
        "NumUnitNogoodsLearned": 0,
        "AverageLearnedNogoodLength": 0,
        "AverageBacktrackAmount": 0,
        "AverageLbd": 0,
        "nSolutions": 1
      },
      "errors": [],
      "parse_errors": [],
      "stdout": "{\"type\": \"statistics\", \"statistics\": {\"paths\": 0, \"flatIntVars\": 50, \"flatIntConstraints\": 15, \"method\": \"satisfy\", \"flatTime\": 0.230268}}\n{\"type\": \"statistics\", \"statistics\": {\"nodes\": 1, \"restarts\": 0, \"peakDepth\": 1, \"solveTime\": 0.0002869, \"variables\": 51, \"propagators\": 16, \"failures\": 0, \"propagations\": 72, \"nogoods\": 0, \"AverageConflictSize\": 0, \"NumUnitNogoodsLearned\": 0, \"AverageLearnedNogoodLength\": 0, \"AverageBacktrackAmount\": 0, \"AverageLbd\": 0}}\n{\"type\": \"solution\", \"output\": {\"default\": \"Nonogram Solution:\\n\\n.#...#.#..\\n#...####.#\\n..#..###..\\n#####.#...\\n......###.\\n\", \"raw\": \"Nonogram Solution:\\n\\n.#...#.#..\\n#...####.#\\n..#..###..\\n#####.#...\\n......###.\\n\"}, \"sections\": [\"default\", \"raw\"]}\n{\"type\": \"statistics\", \"statistics\": {\"nSolutions\": 1}}\n",
      "stderr": ""
    },
    "decomposition": {
      "solver_id": "nl.tudelft.algorithmics.pumpkin-decomposition",
      "dzn": "instances_dzn/dfa/0_low_blowup/nonogram_14.dzn",
      "status": "SATISFIED",
      "exit_code": 0,
      "stats": {
        "paths": 0,
        "flatIntVars": 220,
        "flatIntConstraints": 185,
        "method": "satisfy",
        "flatTime": 0.231221,
        "nodes": 1,
        "restarts": 0,
        "peakDepth": 1,
        "solveTime": 0.0002999,
        "variables": 232,
        "propagators": 271,
        "failures": 0,
        "propagations": 1428,
        "nogoods": 0,
        "AverageConflictSize": 0,
        "NumUnitNogoodsLearned": 0,
        "AverageLearnedNogoodLength": 0,
        "AverageBacktrackAmount": 0,
        "AverageLbd": 0,
        "nSolutions": 1
      },
      "errors": [],
      "parse_errors": [],