{
  "instance": "nonogram_17",
  "problem_type": "nonogram",
  "blowup_bin": "0_low_blowup",
  "blowup": 1.131578947368421,
  "timeout_seconds": 600,
  "model": "models/nonogram.mzn",
  "construction": {
    "nfa_glushkov": {
      "ms": [
        0.4160999960731715,
        0.269199998001568,
        0.2494999935152009,
        0.27829999453388155,
        0.24809999740682542,
        0.17609998758416623,
        0.21399999968707561,
        0.1531000016257167,
        0.1816000003600493,
        0.1677000109339133,
        0.18180000188294798,
        0.2634999982547015,
        0.24449999909847975,
        0.30250000418163836,
        0.259300009929575,
        0.31030000536702573,
        0.23979999241419137,
        0.17549999756738544,
        0.11750000703614205,
        0.16539999342057854
      ],
      "ms_total": 4.613799988874234,
      "states": [
        12,
        13,
        11,
        15,
        13,
        9,
        12,
        7,
        10,
        9,
        10,
        15,
        13,
        12,
        12,
        16,
        12,
        8,
        5,
        8
      ],
      "states_total": 222
    },
    "nfa_rbisim": {
      "ms": [
        0.18269999418407679,
        0.22729999909643084,
        0.15249999705702066,
        0.25179999647662044,
        0.18390000332146883,
        0.10509999992791563,
        0.1801999896997586,
        0.06880000000819564,
        0.12199999764561653,
        0.09800000407267362,
        0.11930000619031489,
        0.31180000223685056,
        0.20979999681003392,
        0.21630000264849514,
        0.17350001144222915,
        0.31829999352339655,
        0.15330000314861536,
        0.0985000078799203,
        0.06450001092161983,
        0.07750000804662704
      ],
      "ms_total": 3.3151000243378803,
      "states": [
        9,
        10,
        7,
        10,
        9,
        6,
        8,
        4,
        7,
        6,
        7,
        10,
        9,
        9,
        8,
        11,
        9,
        5,
        3,
        5
      ],
      "states_total": 152
    },
    "dfa_subset": {
      "ms": [
        0.06389999180100858,
        0.05640000745188445,
        0.05909999890718609,
        0.0686999992467463,
        0.06079999729990959,
        0.04169999738223851,
        0.052799994591623545,
        0.03720000677276403,
        0.04329999501351267,
        0.040700004319660366,
        0.044500004150904715,
        0.069500005338341,
        0.06059999577701092,
        0.06289999873843044,
        0.05889999738428742,
        0.0754999928176403,
        0.05290000990498811,
        0.040400002035312355,
        0.029400005587376654,
        0.03780001134146005
      ],
      "ms_total": 1.057000015862286,
      "states": [
        12,
        13,
        11,
        15,
        13,
        9,
        12,
        7,
        10,
        9,
        10,
        15,
        13,
        12,
        12,
        16,
        12,
        8,
        5,
        8
      ],
      "states_total": 222
    },
    "dfa_min": {
      "ms": [
        0.28390000807121396,
        0.36109999928157777,
        0.2094999945256859,
        0.3856999974232167,
        0.28819999715778977,
        0.15219999477267265,
        0.23820000933483243,
        0.09940000018104911,
        0.1773999974830076,
        0.14600000577047467,
        0.18869999621529132,
        0.4278999986127019,
        0.38100000529084355,
        0.268599993432872,
        0.2643000043462962,
        0.43489999370649457,
        0.25320000713691115,
        0.1336999994236976,
        0.0737999944249168,
        0.12289998994674534
      ],
      "ms_total": 4.890599986538291,
      "states": [
        10,
        11,
        8,
        11,
        10,
        7,
        9,
        5,
        8,
        7,
        8,
        11,
        10,
        10,
        9,
        12,
        10,
        6,
        4,
        6
      ],
      "states_total": 172
    }
  },
  "configs": {
    "nfa": {
      "solver_id": "nl.tudelft.algorithmics.pumpkin-regular",
      "dzn": "instances_dzn/nfa/0_low_blowup/nonogram_17.dzn",
      "status": "SATISFIED",
      "exit_code": 0,
      "stats": {
        "paths": 0,
        "flatIntVars": 100,
        "flatIntConstraints": 20,
        "method": "satisfy",
        "flatTime": 0.269635,
        "nodes": 0,
        "restarts": 0,
        "peakDepth": 0,
        "solveTime": 1.19e-05,
        "variables": 101,
        "propagators": 21,
        "failures": 0,
        "propagations": 119,
        "nogoods": 0,
        "AverageConflictSize": 0,
        "NumUnitNogoodsLearned": 0,
        "AverageLearnedNogoodLength": 0,
        "AverageBacktrackAmount": 0,
        "AverageLbd": 0,
        "nSolutions": 1
      },
      "errors": [],
      "parse_errors": [],
      "stdout": "{\"type\": \"statistics\", \"statistics\": {\"paths\": 0, \"flatIntVars\": 100, \"flatIntConstraints\": 20, \"method\": \"satisfy\", \"flatTime\": 0.269635}}\n{\"type\": \"statistics\", \"statistics\": {\"nodes\": 0, \"restarts\": 0, \"peakDepth\": 0, \"solveTime\": 1.19e-05, \"variables\": 101, \"propagators\": 21, \"failures\": 0, \"propagations\": 119, \"nogoods\": 0, \"AverageConflictSize\": 0, \"NumUnitNogoodsLearned\": 0, \"AverageLearnedNogoodLength\": 0, \"AverageBacktrackAmount\": 0, \"AverageLbd\": 0}}\n{\"type\": \"solution\", \"output\": {\"default\": \"Nonogram Solution:\\n\\n.###.####.\\n#######.#.\\n..##..#..#\\n.#.#.###.#\\n#.###.##..\\n#..###....\\n##..##...#\\n#.....#...\\n.###.##...\\n.##.##....\\n\", \"raw\": \"Nonogram Solution:\\n\\n.###.####.\\n#######.#.\\n..##..#..#\\n.#.#.###.#\\n#.###.##..\\n#..###....\\n##..##...#\\n#.....#...\\n.###.##...\\n.##.##....\\n\"}, \"sections\": [\"default\", \"raw\"]}\n{\"type\": \"statistics\", \"statistics\": {\"nSolutions\": 1}}\n",
      "stderr": ""
    },
    "dfa": {
      "solver_id": "nl.tudelft.algorithmics.pumpkin-regular",
      "dzn": "instances_dzn/dfa/0_low_blowup/nonogram_17.dzn",
      "status": "SATISFIED",
      "exit_code": 0,
      "stats": {
        "paths": 0,
        "flatIntVars": 100,
        "flatIntConstraints": 20,
        "method": "satisfy",
        "flatTime": 0.265528,
        "nodes": 0,
        "restarts": 0,
        "peakDepth": 0,
        "solveTime": 8.7e-06,
        "variables": 101,
        "propagators": 21,
        "failures": 0,
        "propagations": 119,
        "nogoods": 0,
        "AverageConflictSize": 0,
        "NumUnitNogoodsLearned": 0,
        "AverageLearnedNogoodLength": 0,
        "AverageBacktrackAmount": 0,
        "AverageLbd": 0,
        "nSolutions": 1
      },
      "errors": [],
      "parse_errors": [],
      "stdout": "{\"type\": \"statistics\", \"statistics\": {\"paths\": 0, \"flatIntVars\": 100, \"flatIntConstraints\": 20, \"method\": \"satisfy\", \"flatTime\": 0.265528}}\n{\"type\": \"statistics\", \"statistics\": {\"nodes\": 0, \"restarts\": 0, \"peakDepth\": 0, \"solveTime\": 8.7e-06, \"variables\": 101, \"propagators\": 21, \"failures\": 0, \"propagations\": 119, \"nogoods\": 0, \"AverageConflictSize\": 0, \"NumUnitNogoodsLearned\": 0, \"AverageLearnedNogoodLength\": 0, \"AverageBacktrackAmount\": 0, \"AverageLbd\": 0}}\n{\"type\": \"solution\", \"output\": {\"default\": \"Nonogram Solution:\\n\\n.###.####.\\n#######.#.\\n..##..#..#\\n.#.#.###.#\\n#.###.##..\\n#..###....\\n##..##...#\\n#.....#...\\n.###.##...\\n.##.##....\\n\", \"raw\": \"Nonogram Solution:\\n\\n.###.####.\\n#######.#.\\n..##..#..#\\n.#.#.###.#\\n#.###.##..\\n#..###....\\n##..##...#\\n#.....#...\\n.###.##...\\n.##.##....\\n\"}, \"sections\": [\"default\", \"raw\"]}\n{\"type\": \"statistics\", \"statistics\": {\"nSolutions\": 1}}\n",
      "stderr": ""
    },
    "decomposition": {
      "solver_id": "nl.tudelft.algorithmics.pumpkin-decomposition",
      "dzn": "instances_dzn/dfa/0_low_blowup/nonogram_17.dzn",
      "status": "SATISFIED",
      "exit_code": 0,
      "stats": {
        "paths": 0,