{
  "instance": "nonogram_52",
  "problem_type": "nonogram",
  "blowup_bin": "0_low_blowup",
  "blowup": 1.084985835694051,
  "timeout_seconds": 600,
  "model": "models/nonogram.mzn",
  "construction": {
    "nfa_glushkov": {
      "ms": [
        0.3158999898005277,
        0.38890000723768026,
        0.3887999919243157,
        0.3234000032534823,
        0.3853000089293346,
        0.3107999946223572,
        0.3257000062149018,
        0.259000007645227,
        0.29630000062752515,
        0.33880000410135835,
        0.3495999990263954,
        0.374099996406585,
        0.39709999691694975,
        0.3704999980982393,
        0.23700000019744039,
        0.25680000544525683,
        0.26390000130049884,
        0.23370000417344272,
        0.3527999942889437,
        0.3981999907409772,
        0.335000004270114,
        0.30690000858157873,
        0.27489999774843454,
        0.34830000367946923,
        0.3502000035950914,
        0.2525000018067658,
        0.20450000010896474,
        0.2708999963942915,
        0.418099996750243,
        0.505499992868863
      ],
      "ms_total": 9.833400006755255,
      "states": [
        12,
        20,
        21,
        17,
        22,
        15,
        16,
        14,
        16,
        19,
        19,
        20,
        22,
        20,
        13,
        14,
        14,
        12,
        21,
        21,
        19,
        13,
        15,
        20,
        20,
        13,
        11,
        15,
        16,
        20
      ],
      "states_total": 510
    },
    "nfa_rbisim": {
      "ms": [
        0.1579000090714544,
        0.6034000107320026,
        0.6147999956738204,
        0.5793000018456951,
        0.5502999993041158,
        0.31380000291392207,
        0.294400000711903,
        0.2356000040890649,
        0.2592999953776598,
        0.447300000814721,
        0.44889999844599515,
        0.6929999944986776,
        0.6667999987257645,
        0.4535000043688342,
        0.22289999469649047,
        0.228899996727705,
        0.31689999741502106,
        0.15700000221841037,
        0.5011000030208379,
        0.5789999995613471,
        0.4786999925272539,
        0.18220000492874533,
        0.3079000016441569,
        0.46440000005532056,
        0.4729999927803874,
        0.185500000952743,
        0.14600000577047467,
        0.27129999944008887,
        0.6198000046424568,
        0.5983000010019168
      ],
      "ms_total": 12.051200013956986,
      "states": [
        8,
        14,
        14,
        11,
        15,
        10,
        11,
        10,
        11,
        13,
        13,
        13,
        15,
        14,
        10,
        9,
        9,
        8,
        15,
        16,
        14,
        9,
        10,
        14,
        15,
        10,
        7,
        10,
        10,
        15
      ],
      "states_total": 353
    },
    "dfa_subset": {
      "ms": [
        0.06180000491440296,
        0.09299999510403723,
        0.09649999265093356,
        0.076299998909235,
        0.2021000109380111,
        0.06890000076964498,
        0.06989999383222312,
        0.06089999806135893,
        0.06790000770706683,
        0.0850000069476664,
        0.08359999628737569,
        0.09129999671131372,
        0.09669999417383224,
        0.0892000098247081,
        0.055500000598840415,
        0.0627999979769811,
        0.062099992646835744,
        0.05469999450724572,
        0.09050000517163426,
        0.08959999831859022,
        0.08060000254772604,
        0.05919999966863543,
        0.06770000618416816,
        0.08569999772589654,
        0.079699995694682,
        0.05489999603014439,
        0.05120001151226461,
        0.07369999366346747,
        0.11079999967478216,
        0.08589999924879521
      ],
      "ms_total": 2.4076999980024993,
      "states": [
        12,
        20,
        21,
        17,
        22,
        15,
        16,
        14,
        16,
        19,
        19,
        20,
        22,
        20,
        13,
        14,
        14,
        12,
        21,
        21,
        19,
        13,
        15,
        20,
        20,
        13,
        11,
        15,
        16,
        20
      ],
      "states_total": 510
    },
    "dfa_min": {
      "ms": [
        0.27150000096298754,
        0.6357000092975795,
        0.717100003384985,
        0.42630000098142773,
        0.811800011433661,
        0.5496000085258856,
        0.37420001171994954,
        0.29159999394323677,
        0.37229999725241214,
        0.6050999945728108,
        0.5137999978614971,
        0.5671999970218167,
        0.8048000017879531,
        0.564800007850863,
        0.25859999004751444,
        0.2905000001192093,
        0.36049999471288174,
        0.2310999989276752,
        0.9455999970668927,
        0.6552999984705821,
        0.541799992788583,
        0.2829000004567206,
        0.3436999977566302,
        0.6443000020226464,
        0.5946000019321218,
        0.27940000290982425,
        0.21109999215696007,
        0.43450000521261245,
        0.5805999971926212,
        0.7600000099046156
      ],
      "ms_total": 14.920300018275157,
      "states": [
        9,
        15,
        15,
        12,
        16,
        11,
        12,
        11,
        12,
        14,
        14,
        14,
        16,
        15,
        11,
        10,
        10,
        9,
        16,
        17,
        15,
        10,
        11,
        15,
        16,
        11,
        8,
        11,
        11,
        16
      ],
      "states_total": 383
    }
  },
  "configs": {
    "nfa": {
      "solver_id": "nl.tudelft.algorithmics.pumpkin-regular",
      "dzn": "instances_dzn/nfa/0_low_blowup/nonogram_52.dzn",
      "status": "SATISFIED",
      "exit_code": 0,
      "stats": {
        "paths": 0,
        "flatIntVars": 225,
        "flatIntConstraints": 30,
        "method": "satisfy",
        "flatTime": 0.237739,
        "nodes": 1,
        "restarts": 0,
        "peakDepth": 1,
        "solveTime": 0.0003658,
        "variables": 226,
        "propagators": 31,
        "failures": 0,
        "propagations": 241,
        "nogoods": 0,
        "AverageConflictSize": 0,
        "NumUnitNogoodsLearned": 0,
        "AverageLearnedNogoodLength": 0,
        "AverageBacktrackAmount": 0,
        "AverageLbd": 0,
        "nSolutions": 1
      },
      "errors": [],
      "parse_errors": [],
      "stdout": "{\"type\": \"statistics\", \"statistics\": {\"paths\": 0, \"flatIntVars\": 225, \"flatIntConstraints\": 30, \"method\": \"satisfy\", \"flatTime\": 0.237739}}\n{\"type\": \"statistics\", \"statistics\": {\"nodes\": 1, \"restarts\": 0, \"peakDepth\": 1, \"solveTime\": 0.0003658, \"variables\": 226, \"propagators\": 31, \"failures\": 0, \"propagations\": 241, \"nogoods\": 0, \"AverageConflictSize\": 0, \"NumUnitNogoodsLearned\": 0, \"AverageLearnedNogoodLength\": 0, \"AverageBacktrackAmount\": 0, \"AverageLbd\": 0}}\n{\"type\": \"solution\", \"output\": {\"default\": \"Nonogram Solution:\\n\\n...##....#..##.\\n..##.##.###.#.#\\n#..###..#.#.#.#\\n.#..#...#.#..##\\n#..###.#.#.##.#\\n..#.##.##....#.\\n..#..##..###..#\\n.####....##...#\\n#....#.####..#.\\n#..###...##.#.#\\n.#.###.##.#...#\\n#.#.#.#.##..#..\\n.#.##.#.##.#.##\\n.#.#####.#.#..#\\n...#######....#\\n\", \"raw\": \"Nonogram Solution:\\n\\n...##....#..##.\\n..##.##.###.#.#\\n#..###..#.#.#.#\\n.#..#...#.#..##\\n#..###.#.#.##.#\\n..#.##.##....#.\\n..#..##..###..#\\n.####....##...#\\n#....#.####..#.\\n#..###...##.#.#\\n.#.###.##.#...#\\n#.#.#.#.##..#..\\n.#.##.#.##.#.##\\n.#.#####.#.#..#\\n...#######....#\\n\"}, \"sections\": [\"default\", \"raw\"]}\n{\"type\": \"statistics\", \"statistics\": {\"nSolutions\": 1}}\n",
      "stderr": ""
    },
    "dfa": {
      "solver_id": "nl.tudelft.algorithmics.pumpkin-regular",
      "dzn": "instances_dzn/dfa/0_low_blowup/nonogram_52.dzn",
      "status": "SATISFIED",
      "exit_code": 0,
      "stats": {
        "paths": 0,