{
  "instance": "nonogram_43",
  "problem_type": "nonogram",
  "blowup_bin": "0_low_blowup",
  "blowup": 1.2173913043478262,
  "timeout_seconds": 600,
  "model": "models/nonogram.mzn",
  "construction": {
    "nfa_glushkov": {
      "ms": [
        0.31319999834522605,
        0.2936999953817576,
        0.20850000146310776,
        0.26020000223070383,
        0.20090000180061907,
        0.18139999883715063,
        0.09689999569673091,
        0.11490000179037452,
        0.1019000046653673,
        0.15539999003522098,
        0.1353999978164211,
        0.1419000036548823,
        0.09030000364873558,
        0.08759999764151871,
        0.11579999409150332
      ],
      "ms_total": 2.4979999870993197,
      "states": [
        12,
        15,
        7,
        13,
        8,
        9,
        4,
        5,
        4,
        8,
        7,
        7,
        4,
        4,
        6
      ],
      "states_total": 113
    },
    "nfa_rbisim": {
      "ms": [
        0.20000000949949026,
        0.526999996509403,
        0.07660000119358301,
        0.29030001314822584,
        0.10790000669658184,
        0.10220000694971532,
        0.02849999873433262,
        0.04189999890513718,
        0.030100010917522013,
        0.1016000023810193,
        0.0627999979769811,
        0.06450001092161983,
        0.027000001864507794,
        0.02750000567175448,
        0.04359999729786068
      ],
      "ms_total": 1.7315000586677343,
      "states": [
        8,
        10,
        4,
        8,
        5,
        6,
        2,
        3,
        2,
        5,
        4,
        4,
        2,
        2,
        4
      ],
      "states_total": 69
    },
    "dfa_subset": {
      "ms": [
        0.06059999577701092,
        0.08290000550914556,
        0.041399995097890496,
        0.22110001009423286,
        0.042799991206265986,
        0.043199994252063334,
        0.02540000423323363,
        0.028999987989664078,
        0.02439999661874026,
        0.039399994420818985,
        0.03480000304989517,
        0.035500008380040526,
        0.023999993572942913,
        0.022799998987466097,
        0.02989999484270811
      ],
      "ms_total": 0.7571999740321189,
      "states": [
        12,
        15,
        7,
        13,
        8,
        9,
        4,
        5,
        4,
        8,
        7,
        7,
        4,
        4,
        6
      ],
      "states_total": 113
    },
    "dfa_min": {
      "ms": [
        0.24729999131523073,
        0.43250000453554094,
        0.1109000004362315,
        0.37190000875853,
        0.13729999773204327,
        0.15859999984968454,
        0.06220000796020031,
        0.07800001185387373,
        0.058999998145736754,
        0.1294999965466559,
        0.09770000178832561,
        0.09799998952075839,
        0.055900003644637764,
        0.05329999839887023,
        0.08630000229459256
      ],
      "ms_total": 2.178400012780912,
      "states": [
        9,
        11,
        5,
        9,
        6,
        7,
        3,
        4,
        3,
        6,
        5,
        5,
        3,
        3,
        5
      ],
      "states_total": 84
    }
  },
  "configs": {
    "nfa": {
      "solver_id": "nl.tudelft.algorithmics.pumpkin-regular",
      "dzn": "instances_dzn/nfa/0_low_blowup/nonogram_43.dzn",
      "status": "SATISFIED",
      "exit_code": 0,
      "stats": {
        "paths": 0,
        "flatIntVars": 50,
        "flatIntConstraints": 15,
        "method": "satisfy",
        "flatTime": 0.25174,
        "nodes": 1,
        "restarts": 0,
        "peakDepth": 1,
        "solveTime": 0.0010157,
        "variables": 51,
        "propagators": 16,
        "failures": 1,
        "propagations": 88,
        "nogoods": 1,
        "AverageConflictSize": 2,
        "NumUnitNogoodsLearned": 1,
        "AverageLearnedNogoodLength": 1,
        "AverageBacktrackAmount": 0,
        "AverageLbd": 1,
        "nSolutions": 1
      },
      "errors": [],
      "parse_errors": [],
      "stdout": "{\"type\": \"statistics\", \"statistics\": {\"paths\": 0, \"flatIntVars\": 50, \"flatIntConstraints\": 15, \"method\": \"satisfy\", \"flatTime\": 0.25174}}\n{\"type\": \"statistics\", \"statistics\": {\"nodes\": 1, \"restarts\": 0, \"peakDepth\": 1, \"solveTime\": 0.0010157, \"variables\": 51, \"propagators\": 16, \"failures\": 1, \"propagations\": 88, \"nogoods\": 1, \"AverageConflictSize\": 2, \"NumUnitNogoodsLearned\": 1, \"AverageLearnedNogoodLength\": 1, \"AverageBacktrackAmount\": 0, \"AverageLbd\": 1}}\n{\"type\": \"solution\", \"output\": {\"default\": \"Nonogram Solution:\\n\\n##.##..#..\\n#.#..##.##\\n..#......#\\n#...#.#..#\\n#...##....\\n\", \"raw\": \"Nonogram Solution:\\n\\n##.##..#..\\n#.#..##.##\\n..#......#\\n#...#.#..#\\n#...##....\\n\"}, \"sections\": [\"default\", \"raw\"]}\n{\"type\": \"statistics\", \"statistics\": {\"nSolutions\": 1}}\n",
      "stderr": ""
    },
    "dfa": {
      "solver_id": "nl.tudelft.algorithmics.pumpkin-regular",
      "dzn": "instances_dzn/dfa/0_low_blowup/nonogram_43.dzn",
      "status": "SATISFIED",
      "exit_code": 0,
      "stats": {
        "paths": 0,
        "flatIntVars": 50,
        "flatIntConstraints": 15,
        "method": "satisfy",
        "flatTime": 0.263788,
        "nodes": 1,
        "restarts": 0,
        "peakDepth": 1,
        "solveTime": 0.0009633,
        "variables": 51,
        "propagators": 16,
        "failures": 1,
        "propagations": 88,
        "nogoods": 1,
        "AverageConflictSize": 2,
        "NumUnitNogoodsLearned": 1,
        "AverageLearnedNogoodLength": 1,
        "AverageBacktrackAmount": 0,
        "AverageLbd": 1,
        "nSolutions": 1
      },
      "errors": [],
      "parse_errors": [],
      "stdout": "{\"type\": \"statistics\", \"statistics\": {\"paths\": 0, \"flatIntVars\": 50, \"flatIntConstraints\": 15, \"method\": \"satisfy\", \"flatTime\": 0.263788}}\n{\"type\": \"statistics\", \"statistics\": {\"nodes\": 1, \"restarts\": 0, \"peakDepth\": 1, \"solveTime\": 0.0009633000000000001, \"variables\": 51, \"propagators\": 16, \"failures\": 1, \"propagations\": 88, \"nogoods\": 1, \"AverageConflictSize\": 2, \"NumUnitNogoodsLearned\": 1, \"AverageLearnedNogoodLength\": 1, \"AverageBacktrackAmount\": 0, \"AverageLbd\": 1}}\n{\"type\": \"solution\", \"output\": {\"default\": \"Nonogram Solution:\\n\\n##.##..#..\\n#.#..##.##\\n..#......#\\n#...#.#..#\\n#...##....\\n\", \"raw\": \"Nonogram Solution:\\n\\n##.##..#..\\n#.#..##.##\\n..#......#\\n#...#.#..#\\n#...##....\\n\"}, \"sections\": [\"default\", \"raw\"]}\n{\"type\": \"statistics\", \"statistics\": {\"nSolutions\": 1}}\n",
      "stderr": ""
    },
    "decomposition": {
      "solver_id": "nl.tudelft.algorithmics.pumpkin-decomposition",
      "dzn": "instances_dzn/dfa/0_low_blowup/nonogram_43.dzn",
      "status": "SATISFIED",
      "exit_code": 0,
      "stats": {
        "paths": 0,
        "flatIntVars": 220,
        "flatIntConstraints": 185,
        "method": "satisfy",
        "flatTime": 0.229093,
        "nodes": 2,
        "restarts": 0,
        "peakDepth": 2,
        "solveTime": 0.0007417,
        "variables": 233,
        "propagators": 271,
        "failures": 2,
        "propagations": 1815,
        "nogoods": 2,
        "AverageConflictSize": 4,
        "NumUnitNogoodsLearned": 1,
        "AverageLearnedNogoodLength": 1.5,
        "AverageBacktrackAmount": 0,
        "AverageLbd": 1.5,
        "nSolutions": 1
      },
      "errors": [],
      "parse_errors": [],