{
  "instance": "nonogram_37",
  "problem_type": "nonogram",
  "blowup_bin": "0_low_blowup",
  "blowup": 1.2,
  "timeout_seconds": 600,
  "model": "models/nonogram.mzn",
  "construction": {
    "nfa_glushkov": {
      "ms": [
        0.20500000391621143,
        0.18260000797454268,
        0.2542000001994893,
        0.24759999359957874,
        0.2035000070463866,
        0.12240000069141388,
        0.10539998766034842,
        0.08539999544154853,
        0.11249999806750566,
        0.11500000255182385,
        0.13359999866224825,
        0.09889999637380242,
        0.11079999967478216,
        0.15029999485705048,
        0.09750000026542693
      ],
      "ms_total": 2.2246999869821593,
      "states": [
        8,
        9,
        14,
        13,
        11,
        6,
        5,
        4,
        6,
        6,
        7,
        5,
        6,
        8,
        5
      ],
      "states_total": 113
    },
    "nfa_rbisim": {
      "ms": [
        0.12289998994674534,
        0.09929999941959977,
        0.18869999621529132,
        0.19780000729952008,
        0.14609999198000878,
        0.04430000262800604,
        0.03680000372696668,
        0.025300003471784294,
        0.04449998959898949,
        0.040099999750964344,
        0.0627999979769811,
        0.03650000144261867,
        0.04089999129064381,
        0.07409999670926481,
        0.03600001218728721
      ],
      "ms_total": 1.1960999836446717,
      "states": [
        5,
        6,
        10,
        9,
        8,
        4,
        3,
        2,
        4,
        4,
        4,
        3,
        4,
        6,
        3
      ],
      "states_total": 75
    },
    "dfa_subset": {
      "ms": [
        0.0467000063508749,
        0.04369999805931002,
        0.059600002714432776,
        0.0568000104976818,
        0.047599998652003706,
        0.029100003303028643,
        0.02609999501146376,
        0.0219999928958714,
        0.029600007110275328,
        0.028400012524798512,
        0.03539999306667596,
        0.025300003471784294,
        0.02780000795610249,
        0.03569999535102397,
        0.026000008801929653
      ],
      "ms_total": 0.5398000357672572,
      "states": [
        8,
        9,
        14,
        13,
        11,
        6,
        5,
        4,
        6,
        6,
        7,
        5,
        6,
        8,
        5
      ],
      "states_total": 113
    },
    "dfa_min": {
      "ms": [
        0.14510001346934587,
        0.15870000061113387,
        0.3578000032575801,
        0.27859999681822956,
        0.21230000129435211,
        0.09689999569673091,
        0.06809999467805028,
        0.05420000525191426,
        0.08830000297166407,
        0.0833000085549429,
        0.09410000347997993,
        0.06630001007579267,
        0.08129999332595617,
        0.12830000196117908,
        0.06919998850207776
      ],
      "ms_total": 1.9825000199489295,
      "states": [
        6,
        7,
        11,
        10,
        9,
        5,
        4,
        3,
        5,
        5,
        5,
        4,
        5,
        7,
        4
      ],
      "states_total": 90
    }
  },
  "configs": {
    "nfa": {
      "solver_id": "nl.tudelft.algorithmics.pumpkin-regular",
      "dzn": "instances_dzn/nfa/0_low_blowup/nonogram_37.dzn",
      "status": "SATISFIED",
      "exit_code": 0,
      "stats": {
        "paths": 0,
        "flatIntVars": 50,
        "flatIntConstraints": 15,
        "method": "satisfy",
        "flatTime": 0.243394,
        "nodes": 1,
        "restarts": 0,
        "peakDepth": 1,
        "solveTime": 0.0003055,
        "variables": 51,
        "propagators": 16,
        "failures": 0,
        "propagations": 80,
        "nogoods": 0,
        "AverageConflictSize": 0,
        "NumUnitNogoodsLearned": 0,
        "AverageLearnedNogoodLength": 0,
        "AverageBacktrackAmount": 0,
        "AverageLbd": 0,
        "nSolutions": 1
      },
      "errors": [],
      "parse_errors": [],
      "stdout": "{\"type\": \"statistics\", \"statistics\": {\"paths\": 0, \"flatIntVars\": 50, \"flatIntConstraints\": 15, \"method\": \"satisfy\", \"flatTime\": 0.243394}}\n{\"type\": \"statistics\", \"statistics\": {\"nodes\": 1, \"restarts\": 0, \"peakDepth\": 1, \"solveTime\": 0.0003055, \"variables\": 51, \"propagators\": 16, \"failures\": 0, \"propagations\": 80, \"nogoods\": 0, \"AverageConflictSize\": 0, \"NumUnitNogoodsLearned\": 0, \"AverageLearnedNogoodLength\": 0, \"AverageBacktrackAmount\": 0, \"AverageLbd\": 0}}\n{\"type\": \"solution\", \"output\": {\"default\": \"Nonogram Solution:\\n\\n....#...##\\n...##...##\\n#.####.##.\\n##.#..###.\\n##...####.\\n\", \"raw\": \"Nonogram Solution:\\n\\n....#...##\\n...##...##\\n#.####.##.\\n##.#..###.\\n##...####.\\n\"}, \"sections\": [\"default\", \"raw\"]}\n{\"type\": \"statistics\", \"statistics\": {\"nSolutions\": 1}}\n",
      "stderr": ""
    },
    "dfa": {
      "solver_id": "nl.tudelft.algorithmics.pumpkin-regular",
      "dzn": "instances_dzn/dfa/0_low_blowup/nonogram_37.dzn",
      "status": "SATISFIED",
      "exit_code": 0,
      "stats": {
        "paths": 0,
        "flatIntVars": 50,
        "flatIntConstraints": 15,
        "method": "satisfy",
        "flatTime": 0.233655,
        "nodes": 1,
        "restarts": 0,
        "peakDepth": 1,
        "solveTime": 0.0002802,
        "variables": 51,
        "propagators": 16,
        "failures": 0,
        "propagations": 80,
        "nogoods": 0,
        "AverageConflictSize": 0,
        "NumUnitNogoodsLearned": 0,
        "AverageLearnedNogoodLength": 0,
        "AverageBacktrackAmount": 0,
        "AverageLbd": 0,
        "nSolutions": 1
      },
      "errors": [],
      "parse_errors": [],
      "stdout": "{\"type\": \"statistics\", \"statistics\": {\"paths\": 0, \"flatIntVars\": 50, \"flatIntConstraints\": 15, \"method\": \"satisfy\", \"flatTime\": 0.233655}}\n{\"type\": \"statistics\", \"statistics\": {\"nodes\": 1, \"restarts\": 0, \"peakDepth\": 1, \"solveTime\": 0.0002802, \"variables\": 51, \"propagators\": 16, \"failures\": 0, \"propagations\": 80, \"nogoods\": 0, \"AverageConflictSize\": 0, \"NumUnitNogoodsLearned\": 0, \"AverageLearnedNogoodLength\": 0, \"AverageBacktrackAmount\": 0, \"AverageLbd\": 0}}\n{\"type\": \"solution\", \"output\": {\"default\": \"Nonogram Solution:\\n\\n....#...##\\n...##...##\\n#.####.##.\\n##.#..###.\\n##...####.\\n\", \"raw\": \"Nonogram Solution:\\n\\n....#...##\\n...##...##\\n#.####.##.\\n##.#..###.\\n##...####.\\n\"}, \"sections\": [\"default\", \"raw\"]}\n{\"type\": \"statistics\", \"statistics\": {\"nSolutions\": 1}}\n",
      "stderr": ""
    },
    "decomposition": {
      "solver_id": "nl.tudelft.algorithmics.pumpkin-decomposition",
      "dzn": "instances_dzn/dfa/0_low_blowup/nonogram_37.dzn",
      "status": "SATISFIED",
      "exit_code": 0,
      "stats": {
        "paths": 0,
        "flatIntVars": 220,
        "flatIntConstraints": 185,
        "method": "satisfy",
        "flatTime": 0.228707,
        "nodes": 8,
        "restarts": 0,
        "peakDepth": 6,
        "solveTime": 0.0006271,
        "variables": 233,
        "propagators": 271,
        "failures": 3,
        "propagations": 1936,
        "nogoods": 3,
        "AverageConflictSize": 3,
        "NumUnitNogoodsLearned": 1,
        "AverageLearnedNogoodLength": 2,
        "AverageBacktrackAmount": 0,
        "AverageLbd": 2,
        "nSolutions": 1
      },
      "errors": [],
      "parse_errors": [],