{
  "instance": "nonogram_26",
  "problem_type": "nonogram",
  "blowup_bin": "0_low_blowup",
  "blowup": 1.0833333333333333,
  "timeout_seconds": 600,
  "model": "models/nonogram.mzn",
  "construction": {
    "nfa_glushkov": {
      "ms": [
        0.2705999941099435,
        0.31269999453797936,
        0.3159000043524429,
        0.39960000140126795,
        0.2727999963099137,
        0.23320000036619604,
        0.3583000070648268,
        0.32049999572336674,
        0.35629999183584005,
        0.34779999987222254,
        0.3615999885369092,
        0.3905000048689544,
        0.35509999725036323,
        0.4354000120656565,
        0.3490999952191487,
        0.3652000013971701,
        0.37799999699927866,
        0.2502999996067956,
        0.31259999377653,
        0.17949999892152846,
        0.3576000017346814,
        0.2069000038318336,
        0.3175000019837171,
        0.3268000000389293,
        0.31350000062957406,
        0.24110000231303275,
        0.308299990138039,
        0.3110000106971711,
        0.25240000104531646,
        0.3499000013107434
      ],
      "ms_total": 9.549999987939373,
      "states": [
        12,
        17,
        17,
        22,
        14,
        12,
        21,
        18,
        20,
        19,
        20,
        21,
        19,
        21,
        18,
        20,
        21,
        13,
        18,
        9,
        21,
        10,
        19,
        18,
        16,
        11,
        16,
        18,
        13,
        20
      ],
      "states_total": 514
    },
    "nfa_rbisim": {
      "ms": [
        0.17410000145900995,
        0.3471999953035265,
        0.37629999860655516,
        0.6490000087069348,
        0.27740000223275274,
        0.16149999282788485,
        0.5543999868677929,
        0.3800999984377995,
        0.46710000606253743,
        0.5171999946469441,
        0.4403000057209283,
        0.6652000010944903,
        0.4192000051261857,
        0.5270000110613182,
        0.39939999987836927,
        0.45510000200010836,
        0.5916999944020063,
        0.19589999283198267,
        0.3468000068096444,
        0.09769998723641038,
        0.5458999949041754,
        0.12270000297576189,
        0.40669999725650996,
        0.5969999911030754,
        0.3571999986888841,
        0.16090000281110406,
        0.3336999943712726,
        0.3515999997034669,
        0.1838999887695536,
        0.4793999978573993
      ],
      "ms_total": 11.581599959754385,
      "states": [
        8,
        12,
        11,
        15,
        9,
        8,
        15,
        14,
        14,
        13,
        14,
        14,
        13,
        15,
        12,
        15,
        15,
        9,
        13,
        6,
        15,
        7,
        15,
        12,
        12,
        7,
        11,
        13,
        9,
        14
      ],
      "states_total": 360
    },
    "dfa_subset": {
      "ms": [
        0.061699989601038396,
        0.07619999814778566,
        0.07730000652372837,
        0.0999000039882958,
        0.0644000101601705,
        0.056199991377070546,
        0.09070000669453293,
        0.0737999944249168,
        0.08700000762473792,
        0.08310000703204423,
        0.08650000381749123,
        0.09370000043418258,
        0.1238999975612387,
        0.10800000745803118,
        0.08189999789465219,
        0.08430000161752105,
        0.09099999442696571,
        0.059999991208314896,
        0.07550000736955553,
        0.050700007705017924,
        0.08839998918119818,
        0.046499990276061,
        0.07809999806340784,
        0.08019999950192869,
        0.07189999450929463,
        0.05639999289996922,
        0.07320000440813601,
        0.0779999973019585,
        0.05740000051446259,
        0.08859999070409685
      ],
      "ms_total": 2.3444999824278057,
      "states": [
        12,
        17,
        17,
        22,
        14,
        12,
        21,
        18,
        20,
        19,
        20,
        21,
        19,
        21,
        18,
        20,
        21,
        13,
        18,
        9,
        21,
        10,
        19,
        18,
        16,
        11,
        16,
        18,
        13,
        20
      ],
      "states_total": 514
    },
    "dfa_min": {
      "ms": [
        0.24710000434424728,
        0.5403999966802076,
        0.4152000037720427,
        0.760800001444295,
        0.3093000123044476,
        0.24390000908169895,
        0.7092999876476824,
        0.4918000049656257,
        0.6136000010883436,
        0.5375999899115413,
        0.7313999958569184,
        0.6804000004194677,
        0.6254999898374081,
        0.7698999979766086,
        0.49500000022817403,
        0.5918999959249049,
        0.7445000082952902,
        0.26080000679939985,
        0.461799994809553,
        0.14739998732693493,
        0.7294000097317621,
        0.18440000712871552,
        0.5559999990509823,
        0.49449999642092735,
        0.4267000040272251,
        0.2128000051015988,
        0.4079999926034361,
        0.5701000045519322,
        0.25610000011511147,
        0.5701000045519322
      ],
      "ms_total": 14.785700011998415,
      "states": [
        9,
        13,
        12,
        16,
        10,
        9,
        16,
        15,
        15,
        14,
        15,
        15,
        14,
        16,
        13,
        16,
        16,
        10,
        14,
        7,
        16,
        8,
        16,
        13,
        13,
        8,
        12,
        14,
        10,
        15
      ],
      "states_total": 390
    }
  },
  "configs": {
    "nfa": {
      "solver_id": "nl.tudelft.algorithmics.pumpkin-regular",
      "dzn": "instances_dzn/nfa/0_low_blowup/nonogram_26.dzn",
      "status": "SATISFIED",
      "exit_code": 0,
      "stats": {
        "paths": 0,
        "flatIntVars": 225,
        "flatIntConstraints": 30,
        "method": "satisfy",
        "flatTime": 0.236044,
        "nodes": 0,
        "restarts": 0,
        "peakDepth": 0,
        "solveTime": 8.2e-06,
        "variables": 226,
        "propagators": 31,
        "failures": 0,
        "propagations": 233,
        "nogoods": 0,
        "AverageConflictSize": 0,
        "NumUnitNogoodsLearned": 0,
        "AverageLearnedNogoodLength": 0,
        "AverageBacktrackAmount": 0,
        "AverageLbd": 0,
        "nSolutions": 1
      },
      "errors": [],
      "parse_errors": [],
      "stdout": "{\"type\": \"statistics\", \"statistics\": {\"paths\": 0, \"flatIntVars\": 225, \"flatIntConstraints\": 30, \"method\": \"satisfy\", \"flatTime\": 0.236044}}\n{\"type\": \"statistics\", \"statistics\": {\"nodes\": 0, \"restarts\": 0, \"peakDepth\": 0, \"solveTime\": 8.199999999999999e-06, \"variables\": 226, \"propagators\": 31, \"failures\": 0, \"propagations\": 233, \"nogoods\": 0, \"AverageConflictSize\": 0, \"NumUnitNogoodsLearned\": 0, \"AverageLearnedNogoodLength\": 0, \"AverageBacktrackAmount\": 0, \"AverageLbd\": 0}}\n{\"type\": \"solution\", \"output\": {\"default\": \"Nonogram Solution:\\n\\n###..#.......#.\\n.##...##.#..###\\n.#.#.##....#..#\\n#..#.####.#.#.#\\n##...#.#......#\\n#..##..##......\\n.#####.#.#.##.#\\n#####..##.####.\\n###..#.#.##.##.\\n#..#..##.#..###\\n##.#..####.#..#\\n#.##.#.#.#.##..\\n.#..##..###.#.#\\n##.#.#.###.###.\\n#....#.###.#..#\\n\", \"raw\": \"Nonogram Solution:\\n\\n###..#.......#.\\n.##...##.#..###\\n.#.#.##....#..#\\n#..#.####.#.#.#\\n##...#.#......#\\n#..##..##......\\n.#####.#.#.##.#\\n#####..##.####.\\n###..#.#.##.##.\\n#..#..##.#..###\\n##.#..####.#..#\\n#.##.#.#.#.##..\\n.#..##..###.#.#\\n##.#.#.###.###.\\n#....#.###.#..#\\n\"}, \"sections\": [\"default\", \"raw\"]}\n{\"type\": \"statistics\", \"statistics\": {\"nSolutions\": 1}}\n",
      "stderr": ""
    },
    "dfa": {
      "solver_id": "nl.tudelft.algorithmics.pumpkin-regular",
      "dzn": "instances_dzn/dfa/0_low_blowup/nonogram_26.dzn",
      "status": "SATISFIED",
      "exit_code": 0,