{
  "instance": "nonogram_53",
  "problem_type": "nonogram",
  "blowup_bin": "0_low_blowup",
  "blowup": 1.099337748344371,
  "timeout_seconds": 600,
  "model": "models/nonogram.mzn",
  "construction": {
    "nfa_glushkov": {
      "ms": [
        0.38079998921602964,
        0.3112999984296039,
        0.3203999949619174,
        0.3015999973285943,
        0.21090000518597662,
        0.24049999774433672,
        0.25610000011511147,
        0.3826000029221177,
        0.30759999935980886,
        0.294700002996251,
        0.2505000011296943,
        0.2669000095920637,
        0.30590000096708536,
        0.4149000014876947,
        0.24289998691529036,
        0.35679999564308673,
        0.28110000130254775,
        0.229199999012053,
        0.2634999982547015,
        0.23099999816622585,
        0.33909999183379114,
        0.3083000046899542,
        0.3271999885328114,
        0.40049999370239675,
        0.35820000630337745,
        0.29680000443477184,
        0.3423999878577888,
        0.2705999941099435,
        0.33790001180022955,
        0.3575000009732321
      ],
      "ms_total": 9.187699964968488,
      "states": [
        15,
        13,
        16,
        16,
        11,
        13,
        14,
        20,
        16,
        16,
        13,
        15,
        11,
        18,
        12,
        19,
        15,
        12,
        15,
        12,
        17,
        11,
        14,
        19,
        18,
        16,
        16,
        13,
        18,
        20
      ],
      "states_total": 454
    },
    "nfa_rbisim": {
      "ms": [
        0.28279999969527125,
        0.291300006210804,
        0.34159999631810933,
        0.27629999385681003,
        0.13019998732488602,
        0.18459999409969896,
        0.26029998844023794,
        0.6785000005038455,
        0.2742000069702044,
        0.42699999175965786,
        0.16419999883510172,
        0.2506000018911436,
        0.1689000055193901,
        0.4765999910887331,
        0.1680999994277954,
        0.7247000030474737,
        0.2275000006193295,
        0.15999999595806003,
        0.23039999359752983,
        0.17980000120587647,
        0.5620000010821968,
        0.19859999883919954,
        0.291300006210804,
        0.6967000081203878,
        0.39849999302532524,
        0.44839999463874847,
        0.39200000173877925,
        0.2761999930953607,
        0.38830000266898423,
        0.9084000048460439
      ],
      "ms_total": 10.457999960635789,
      "states": [
        10,
        8,
        11,
        12,
        7,
        9,
        9,
        13,
        11,
        10,
        9,
        11,
        7,
        12,
        8,
        12,
        10,
        8,
        10,
        8,
        11,
        7,
        10,
        13,
        12,
        10,
        11,
        8,
        12,
        13
      ],
      "states_total": 302
    },
    "dfa_subset": {
      "ms": [
        0.0779999973019585,
        0.06859999848529696,
        0.07429999823216349,
        0.06989999383222312,
        0.054500007536262274,
        0.06019999273121357,
        0.06259999645408243,
        0.09439999121241271,
        0.07160000677686185,
        0.07739999273326248,
        0.05769998824689537,
        0.06249999569263309,
        0.059600002714432776,
        0.08280000474769622,
        0.05729999975301325,
        0.09099999442696571,
        0.0686999992467463,
        0.053099996875971556,
        0.06330000178422779,
        0.05869999586138874,
        0.10900000052060932,
        0.06770000618416816,
        0.07320000440813601,
        0.09460000728722662,
        0.08030000026337802,
        0.07660000119358301,
        0.0740000104997307,
        0.05980000423733145,
        0.0822000001790002,
        0.09299999510403723
      ],
      "ms_total": 2.176599984522909,
      "states": [
        15,
        13,
        16,
        16,
        11,
        13,
        14,
        20,
        16,
        16,
        13,
        15,
        11,
        18,
        12,
        19,
        15,
        12,
        15,
        12,
        17,
        11,
        14,
        19,
        18,
        16,
        16,
        13,
        18,
        20
      ],
      "states_total": 454
    },
    "dfa_min": {
      "ms": [
        0.4538999928627163,
        0.2750999992713332,
        0.45730000420007855,
        0.3674000035971403,
        0.20710000535473228,
        0.2671999973244965,
        0.3001000004587695,
        0.6800000119255856,
        0.3682999958982691,
        0.3617000038502738,
        0.259300009929575,
        0.9569999965606257,
        0.21630000264849514,
        0.6048999930499122,
        0.2496999950380996,
        0.5176999984541908,
        0.3288000007160008,
        0.2393000031588599,
        0.33070000063162297,
        0.24959999427665025,
        0.6259000074351206,
        0.26960000104736537,
        0.411000000895001,
        0.6031999946571887,
        0.4709999921033159,
        0.7162999972933903,
        0.3983999922638759,
        0.25460000324528664,
        0.526399991940707,
        0.5742000066675246
      ],
      "ms_total": 12.541999996756203,
      "states": [
        11,
        9,
        12,
        13,
        8,
        10,
        10,
        14,
        12,
        11,
        10,
        12,
        8,
        13,
        9,
        13,
        11,
        9,
        11,
        9,
        12,
        8,
        11,
        14,
        13,
        11,
        12,
        9,
        13,
        14
      ],
      "states_total": 332
    }
  },
  "configs": {
    "nfa": {
      "solver_id": "nl.tudelft.algorithmics.pumpkin-regular",
      "dzn": "instances_dzn/nfa/0_low_blowup/nonogram_53.dzn",
      "status": "SATISFIED",
      "exit_code": 0,
      "stats": {
        "paths": 0,
        "flatIntVars": 225,
        "flatIntConstraints": 30,
        "method": "satisfy",
        "flatTime": 0.2552,
        "nodes": 416,
        "restarts": 0,
        "peakDepth": 22,
        "solveTime": 0.903827,
        "variables": 226,
        "propagators": 31,
        "failures": 323,
        "propagations": 19839,
        "nogoods": 323,
        "AverageConflictSize": 5.820433436532507,
        "NumUnitNogoodsLearned": 0,
        "AverageLearnedNogoodLength": 18.92569659442724,
        "AverageBacktrackAmount": 0,
        "AverageLbd": 7.086687306501548,
        "nSolutions": 1
      },
      "errors": [],
      "parse_errors": [],
      "stdout": "{\"type\": \"statistics\", \"statistics\": {\"paths\": 0, \"flatIntVars\": 225, \"flatIntConstraints\": 30, \"method\": \"satisfy\", \"flatTime\": 0.2552}}\n{\"type\": \"statistics\", \"statistics\": {\"nodes\": 416, \"restarts\": 0, \"peakDepth\": 22, \"solveTime\": 0.903827, \"variables\": 226, \"propagators\": 31, \"failures\": 323, \"propagations\": 19839, \"nogoods\": 323, \"AverageConflictSize\": 5.820433436532507, \"NumUnitNogoodsLearned\": 0, \"AverageLearnedNogoodLength\": 18.92569659442724, \"AverageBacktrackAmount\": 0, \"AverageLbd\": 7.086687306501548}}\n{\"type\": \"solution\", \"output\": {\"default\": \"Nonogram Solution:\\n\\n...##..#.##...#\\n#...#...#....#.\\n...##..#.#.###.\\n..##..######..#\\n##.#.#.........\\n.....##...###.#\\n##..#...#....#.\\n.#.#.#...#.##.#\\n.##.#..###...#.\\n#.#..#.#......#\\n.#....####...#.\\n#.....###.####.\\n.....#..##.#...\\n#.#.....#.##.##\\n.###.#........#\\n\", \"raw\": \"Nonogram Solution:\\n\\n...##..#.##...#\\n#...#...#....#.\\n...##..#.#.###.\\n..##..######..#\\n##.#.#.........\\n.....##...###.#\\n##..#...#....#.\\n.#.#.#...#.##.#\\n.##.#..###...#.\\n#.#..#.#......#\\n.#....####...#.\\n#.....###.####.\\n.....#..##.#...\\n#.#.....#.##.##\\n.###.#........#\\n\"}, \"sections\": [\"default\", \"raw\"]}\n{\"type\": \"statistics\", \"statistics\": {\"nSolutions\": 1}}\n",
      "stderr": ""
    },
    "dfa": {
      "solver_id": "nl.tudelft.algorithmics.pumpkin-regular",