{
  "instance": "nonogram_15",
  "problem_type": "nonogram",
  "blowup_bin": "0_low_blowup",
  "blowup": 1.1923076923076923,
  "timeout_seconds": 600,
  "model": "models/nonogram.mzn",
  "construction": {
    "nfa_glushkov": {
      "ms": [
        1.7672999965725467,
        1.5998000017134473,
        0.21100000594742596,
        0.17220000154338777,
        0.25179999647662044,
        0.12510000669863075,
        0.16360000881832093,
        0.1736999984132126,
        0.6198000046424568,
        0.3760000108741224,
        0.42810000013560057,
        0.49849999777507037,
        0.12879999121651053,
        0.15580000763293356,
        0.2082999999402091
      ],
      "ms_total": 6.879800028400496,
      "states": [
        9,
        14,
        8,
        8,
        13,
        5,
        7,
        8,
        8,
        5,
        8,
        9,
        5,
        7,
        7
      ],
      "states_total": 121
    },
    "nfa_rbisim": {
      "ms": [
        0.5149000062374398,
        0.6345000001601875,
        0.08019999950192869,
        0.1019000046653673,
        0.19389999215491116,
        0.043100008042529225,
        0.06980000762268901,
        1.441300002625212,
        0.2601000014692545,
        0.10979999206028879,
        0.17300000763498247,
        0.12270000297576189,
        0.04339999577496201,
        0.06890000076964498,
        0.11819999781437218
      ],
      "ms_total": 3.9757000195095316,
      "states": [
        6,
        10,
        5,
        5,
        10,
        3,
        4,
        5,
        5,
        3,
        5,
        6,
        3,
        4,
        4
      ],
      "states_total": 78
    },
    "dfa_subset": {
      "ms": [
        0.4656000091927126,
        0.07539999205619097,
        0.04100000660400838,
        0.04100000660400838,
        0.05840000812895596,
        0.03029999788850546,
        0.03739999374374747,
        3.8830999983474612,
        0.11029999586753547,
        0.07480000203941017,
        0.08700000762473792,
        0.05200000305194408,
        0.030499999411404133,
        0.037699996028095484,
        0.08779999916441739
      ],
      "ms_total": 5.112300015753135,
      "states": [
        9,
        14,
        8,
        8,
        13,
        5,
        7,
        8,
        8,
        5,
        8,
        9,
        5,
        7,
        7
      ],
      "states_total": 121
    },
    "dfa_min": {
      "ms": [
        1.1138999980175868,
        0.3463000030023977,
        0.13190000026952475,
        0.14989999181125313,
        0.2888000017264858,
        0.07959999493323267,
        0.10570000449661165,
        0.5993000086164102,
        0.4287999909138307,
        0.17170001228805631,
        0.2769000129774213,
        0.18489999638404697,
        0.07959999493323267,
        0.1036000030580908,
        0.19039999460801482
      ],
      "ms_total": 4.251300008036196,
      "states": [
        7,
        11,
        6,
        6,
        11,
        4,
        5,
        6,
        6,
        4,
        6,
        7,
        4,
        5,
        5
      ],
      "states_total": 93
    }
  },
  "configs": {
    "nfa": {
      "solver_id": "nl.tudelft.algorithmics.pumpkin-regular",
      "dzn": "instances_dzn/nfa/0_low_blowup/nonogram_15.dzn",
      "status": "SATISFIED",
      "exit_code": 0,
      "stats": {
        "paths": 0,
        "flatIntVars": 50,
        "flatIntConstraints": 15,
        "method": "satisfy",
        "flatTime": 0.247701,
        "nodes": 2,
        "restarts": 0,
        "peakDepth": 2,
        "solveTime": 0.0004551,
        "variables": 51,
        "propagators": 16,
        "failures": 0,
        "propagations": 70,
        "nogoods": 0,
        "AverageConflictSize": 0,
        "NumUnitNogoodsLearned": 0,
        "AverageLearnedNogoodLength": 0,
        "AverageBacktrackAmount": 0,
        "AverageLbd": 0,
        "nSolutions": 1
      },
      "errors": [],
      "parse_errors": [],
      "stdout": "{\"type\": \"statistics\", \"statistics\": {\"paths\": 0, \"flatIntVars\": 50, \"flatIntConstraints\": 15, \"method\": \"satisfy\", \"flatTime\": 0.247701}}\n{\"type\": \"statistics\", \"statistics\": {\"nodes\": 2, \"restarts\": 0, \"peakDepth\": 2, \"solveTime\": 0.0004551, \"variables\": 51, \"propagators\": 16, \"failures\": 0, \"propagations\": 70, \"nogoods\": 0, \"AverageConflictSize\": 0, \"NumUnitNogoodsLearned\": 0, \"AverageLearnedNogoodLength\": 0, \"AverageBacktrackAmount\": 0, \"AverageLbd\": 0}}\n{\"type\": \"solution\", \"output\": {\"default\": \"Nonogram Solution:\\n\\n..#.###...\\n#.#####..#\\n##......#.\\n...#..##..\\n.###.#####\\n\", \"raw\": \"Nonogram Solution:\\n\\n..#.###...\\n#.#####..#\\n##......#.\\n...#..##..\\n.###.#####\\n\"}, \"sections\": [\"default\", \"raw\"]}\n{\"type\": \"statistics\", \"statistics\": {\"nSolutions\": 1}}\n",
      "stderr": ""
    },
    "dfa": {
      "solver_id": "nl.tudelft.algorithmics.pumpkin-regular",
      "dzn": "instances_dzn/dfa/0_low_blowup/nonogram_15.dzn",
      "status": "SATISFIED",
      "exit_code": 0,
      "stats": {
        "paths": 0,
        "flatIntVars": 50,
        "flatIntConstraints": 15,
        "method": "satisfy",
        "flatTime": 0.266924,
        "nodes": 2,
        "restarts": 0,
        "peakDepth": 2,
        "solveTime": 0.0004688,
        "variables": 51,
        "propagators": 16,
        "failures": 0,
        "propagations": 70,
        "nogoods": 0,
        "AverageConflictSize": 0,
        "NumUnitNogoodsLearned": 0,
        "AverageLearnedNogoodLength": 0,
        "AverageBacktrackAmount": 0,
        "AverageLbd": 0,
        "nSolutions": 1
      },
      "errors": [],
      "parse_errors": [],
      "stdout": "{\"type\": \"statistics\", \"statistics\": {\"paths\": 0, \"flatIntVars\": 50, \"flatIntConstraints\": 15, \"method\": \"satisfy\", \"flatTime\": 0.266924}}\n{\"type\": \"statistics\", \"statistics\": {\"nodes\": 2, \"restarts\": 0, \"peakDepth\": 2, \"solveTime\": 0.0004688, \"variables\": 51, \"propagators\": 16, \"failures\": 0, \"propagations\": 70, \"nogoods\": 0, \"AverageConflictSize\": 0, \"NumUnitNogoodsLearned\": 0, \"AverageLearnedNogoodLength\": 0, \"AverageBacktrackAmount\": 0, \"AverageLbd\": 0}}\n{\"type\": \"solution\", \"output\": {\"default\": \"Nonogram Solution:\\n\\n..#.###...\\n#.#####..#\\n##......#.\\n...#..##..\\n.###.#####\\n\", \"raw\": \"Nonogram Solution:\\n\\n..#.###...\\n#.#####..#\\n##......#.\\n...#..##..\\n.###.#####\\n\"}, \"sections\": [\"default\", \"raw\"]}\n{\"type\": \"statistics\", \"statistics\": {\"nSolutions\": 1}}\n",
      "stderr": ""
    },
    "decomposition": {
      "solver_id": "nl.tudelft.algorithmics.pumpkin-decomposition",
      "dzn": "instances_dzn/dfa/0_low_blowup/nonogram_15.dzn",
      "status": "SATISFIED",
      "exit_code": 0,
      "stats": {
        "paths": 0,
        "flatIntVars": 220,
        "flatIntConstraints": 185,
        "method": "satisfy",
        "flatTime": 0.246391,
        "nodes": 4,
        "restarts": 0,
        "peakDepth": 3,
        "solveTime": 0.000649,
        "variables": 233,
        "propagators": 271,
        "failures": 1,
        "propagations": 1591,
        "nogoods": 1,
        "AverageConflictSize": 3,
        "NumUnitNogoodsLearned": 0,
        "AverageLearnedNogoodLength": 2,
        "AverageBacktrackAmount": 0,
        "AverageLbd": 2,
        "nSolutions": 1
      },
      "errors": [],
      "parse_errors": [],