{
  "instance": "nonogram_42",
  "problem_type": "nonogram",
  "blowup_bin": "0_low_blowup",
  "blowup": 1.103305785123967,
  "timeout_seconds": 600,
  "model": "models/nonogram.mzn",
  "construction": {
    "nfa_glushkov": {
      "ms": [
        0.41989999590441585,
        0.3070999955525622,
        0.2756000030785799,
        0.3249000001233071,
        0.36610000825021416,
        0.3755000070668757,
        0.4225000011501834,
        0.3859999997075647,
        0.35579998802859336,
        0.38320000749081373,
        0.24709998979233205,
        0.22650000755675137,
        0.2125000028172508,
        0.20390001009218395,
        0.2821000089170411,
        0.2759000053629279,
        0.24750000739004463,
        0.18760000239126384,
        0.19700000120792538,
        0.2317000034963712,
        0.19540000357665122,
        0.2511000056983903,
        0.13309999485500157,
        0.24760000815149397,
        0.2192999963881448
      ],
      "ms_total": 6.974900054046884,
      "states": [
        17,
        15,
        15,
        19,
        19,
        21,
        13,
        20,
        18,
        20,
        12,
        12,
        11,
        11,
        16,
        15,
        13,
        10,
        10,
        13,
        11,
        14,
        4,
        14,
        12
      ],
      "states_total": 355
    },
    "nfa_rbisim": {
      "ms": [
        0.4023000074084848,
        0.2535999956307933,
        0.2784999960567802,
        0.41110000165645033,
        0.45560000580735505,
        0.6232000014279038,
        0.31200000375974923,
        0.9559000027365983,
        0.4212000058032572,
        0.5278000026009977,
        0.16530000721104443,
        0.1581999968038872,
        0.15419999544974416,
        0.1508999994257465,
        0.2734000008786097,
        0.23240000882651657,
        0.20599999697878957,
        0.1201999984914437,
        0.13819999003317207,
        0.1863000070443377,
        0.1269000058528036,
        0.22869999520480633,
        0.033199990866705775,
        0.24110000231303275,
        0.1593000051798299
      ],
      "ms_total": 7.21550002344884,
      "states": [
        13,
        10,
        10,
        15,
        13,
        14,
        8,
        13,
        12,
        14,
        8,
        8,
        7,
        7,
        11,
        10,
        9,
        7,
        6,
        9,
        8,
        10,
        2,
        10,
        8
      ],
      "states_total": 242
    },
    "dfa_subset": {
      "ms": [
        0.0805999879958108,
        0.06979999307077378,
        0.0661999947624281,
        0.07870000263210386,
        0.0872999953571707,
        0.09180000051856041,
        0.08090000483207405,
        0.09609998960513622,
        0.08680000610183924,
        0.08769999840296805,
        0.05709999823011458,
        0.05200000305194408,
        0.0523999915458262,
        0.05040000542066991,
        0.07219999679364264,
        0.06620000931434333,
        0.056899996707215905,
        0.04410000110510737,
        0.0484000047435984,
        0.056199991377070546,
        0.04939999780617654,
        0.06009999196976423,
        0.02780000795610249,
        0.05970000347588211,
        0.05390000296756625
      ],
      "ms_total": 1.6326999757438898,
      "states": [
        17,
        15,
        15,
        19,
        19,
        21,
        13,
        20,
        18,
        20,
        12,
        12,
        11,
        11,
        16,
        15,
        13,
        10,
        10,
        13,
        11,
        14,
        4,
        14,
        12
      ],
      "states_total": 355
    },
    "dfa_min": {
      "ms": [
        0.6044000037945807,
        0.35149999894201756,
        0.3625999961514026,
        0.5535000091185793,
        0.5874000053154305,
        0.7942000083858147,
        0.2860000095097348,
        0.6136000010883436,
        0.5024999991292134,
        0.7041000062599778,
        0.2466000005370006,
        0.2364999963901937,
        0.20300000323913991,
        0.2086000022245571,
        0.4327000060584396,
        0.33939999411813915,
        0.27689999842550606,
        0.18429999181535095,
        0.16899999172892421,
        0.2592000091681257,
        0.21269998978823423,
        0.3654000029200688,
        0.06409999332390726,
        0.33480000274721533,
        0.2314000012120232
      ],
      "ms_total": 9.12440002139192,
      "states": [
        14,
        11,
        11,
        16,
        14,
        15,
        9,
        14,
        13,
        15,
        9,
        9,
        8,
        8,
        12,
        11,
        10,
        8,
        7,
        10,
        9,
        11,
        3,
        11,
        9
      ],
      "states_total": 267
    }
  },
  "configs": {
    "nfa": {
      "solver_id": "nl.tudelft.algorithmics.pumpkin-regular",
      "dzn": "instances_dzn/nfa/0_low_blowup/nonogram_42.dzn",
      "status": "SATISFIED",
      "exit_code": 0,
      "stats": {
        "paths": 0,
        "flatIntVars": 150,
        "flatIntConstraints": 25,
        "method": "satisfy",
        "flatTime": 0.255371,
        "nodes": 1,
        "restarts": 0,
        "peakDepth": 1,
        "solveTime": 0.0022794,
        "variables": 151,
        "propagators": 26,
        "failures": 0,
        "propagations": 190,
        "nogoods": 0,
        "AverageConflictSize": 0,
        "NumUnitNogoodsLearned": 0,
        "AverageLearnedNogoodLength": 0,
        "AverageBacktrackAmount": 0,
        "AverageLbd": 0,
        "nSolutions": 1
      },
      "errors": [],
      "parse_errors": [],
      "stdout": "{\"type\": \"statistics\", \"statistics\": {\"paths\": 0, \"flatIntVars\": 150, \"flatIntConstraints\": 25, \"method\": \"satisfy\", \"flatTime\": 0.255371}}\n{\"type\": \"statistics\", \"statistics\": {\"nodes\": 1, \"restarts\": 0, \"peakDepth\": 1, \"solveTime\": 0.0022794, \"variables\": 151, \"propagators\": 26, \"failures\": 0, \"propagations\": 190, \"nogoods\": 0, \"AverageConflictSize\": 0, \"NumUnitNogoodsLearned\": 0, \"AverageLearnedNogoodLength\": 0, \"AverageBacktrackAmount\": 0, \"AverageLbd\": 0}}\n{\"type\": \"solution\", \"output\": {\"default\": \"Nonogram Solution:\\n\\n########.#.#...\\n#.....#..###.#.\\n..#.##.#..##...\\n###..#.########\\n.#..##.#.##..##\\n#..##.##.#.#..#\\n#....#.....#.#.\\n..#.#.#.#.#..##\\n.#.##.#..##..#.\\n.#.####.#..#.##\\n\", \"raw\": \"Nonogram Solution:\\n\\n########.#.#...\\n#.....#..###.#.\\n..#.##.#..##...\\n###..#.########\\n.#..##.#.##..##\\n#..##.##.#.#..#\\n#....#.....#.#.\\n..#.#.#.#.#..##\\n.#.##.#..##..#.\\n.#.####.#..#.##\\n\"}, \"sections\": [\"default\", \"raw\"]}\n{\"type\": \"statistics\", \"statistics\": {\"nSolutions\": 1}}\n",
      "stderr": ""
    },
    "dfa": {
      "solver_id": "nl.tudelft.algorithmics.pumpkin-regular",
      "dzn": "instances_dzn/dfa/0_low_blowup/nonogram_42.dzn",
      "status": "SATISFIED",
      "exit_code": 0,
      "stats": {
        "paths": 0,
        "flatIntVars": 150,
        "flatIntConstraints": 25,
        "method": "satisfy",
        "flatTime": 0.225669,
        "nodes": 1,
        "restarts": 0,
        "peakDepth": 1,
        "solveTime": 0.001579,
        "variables": 151,
        "propagators": 26,
        "failures": 0,
        "propagations": 190,
        "nogoods": 0,
        "AverageConflictSize": 0,
        "NumUnitNogoodsLearned": 0,
        "AverageLearnedNogoodLength": 0,
        "AverageBacktrackAmount": 0,
        "AverageLbd": 0,
        "nSolutions": 1
      },
      "errors": [],
      "parse_errors": [],