{
  "instance": "nonogram_7",
  "problem_type": "nonogram",
  "blowup_bin": "0_low_blowup",
  "blowup": 1.124223602484472,
  "timeout_seconds": 600,
  "model": "models/nonogram.mzn",
  "construction": {
    "nfa_glushkov": {
      "ms": [
        0.3282999969087541,
        0.2995999966515228,
        0.30949999927543104,
        0.26950000028591603,
        0.1790999958757311,
        0.1664000010350719,
        0.24500000290572643,
        0.17150001076515764,
        0.2074999938486144,
        0.2533000078983605,
        0.22319999698083848,
        0.2547999902162701,
        0.2099999983329326,
        0.29399999766610563,
        0.20939999376423657,
        0.28809999639634043,
        0.15979999443516135,
        0.18289999570697546,
        0.2710999979171902,
        0.14519999967887998
      ],
      "ms_total": 4.668199966545217,
      "states": [
        13,
        12,
        15,
        14,
        9,
        9,
        13,
        9,
        12,
        14,
        12,
        14,
        10,
        15,
        11,
        16,
        8,
        10,
        15,
        7
      ],
      "states_total": 238
    },
    "nfa_rbisim": {
      "ms": [
        0.2277000021422282,
        0.17279999156016856,
        0.2803999959724024,
        0.2796000044327229,
        0.10569998994469643,
        0.09399998816661537,
        0.2753000007942319,
        0.09220000356435776,
        0.16150000737980008,
        0.23169998894445598,
        0.1584999990882352,
        0.2266000083182007,
        0.1396999869029969,
        0.2502999996067956,
        0.14869999722577631,
        0.31969998963177204,
        0.07419999747071415,
        0.1306000049225986,
        0.24739999207668006,
        0.062000006437301636
      ],
      "ms_total": 3.678599954582751,
      "states": [
        9,
        8,
        10,
        9,
        6,
        6,
        8,
        6,
        9,
        10,
        8,
        10,
        6,
        11,
        7,
        11,
        5,
        7,
        11,
        4
      ],
      "states_total": 161
    },
    "dfa_subset": {
      "ms": [
        0.06979999307077378,
        0.06049999501556158,
        0.07310000364668667,
        0.06430000939872116,
        0.04169999738223851,
        0.04189999890513718,
        0.05979998968541622,
        0.0408000050811097,
        0.05149999924469739,
        0.06880000000819564,
        0.05469999450724572,
        0.05970000347588211,
        0.07300000288523734,
        0.06840001151431352,
        0.052499992307275534,
        0.069500005338341,
        0.039699996705166996,
        0.050099988584406674,
        0.06370000483002514,
        0.03499999002087861
      ],
      "ms_total": 1.1384999816073105,
      "states": [
        13,
        12,
        15,
        14,
        9,
        9,
        13,
        9,
        12,
        14,
        12,
        14,
        10,
        15,
        11,
        16,
        8,
        10,
        15,
        7
      ],
      "states_total": 238
    },
    "dfa_min": {
      "ms": [
        0.3139000036753714,
        0.3001000004587695,
        0.3437999985180795,
        0.30429998878389597,
        0.15259999781847,
        0.1444000081392005,
        0.26790000265464187,
        0.15140000323299319,
        0.2418000076431781,
        0.30949999927543104,
        0.2283000067109242,
        0.417799994465895,
        0.20870000298600644,
        0.33170000824611634,
        0.21769999875687063,
        0.3893999964930117,
        0.1210999907925725,
        0.18489999638404697,
        0.37379999412223697,
        0.0999000039882958
      ],
      "ms_total": 5.103000003146008,
      "states": [
        10,
        9,
        11,
        10,
        7,
        7,
        9,
        7,
        10,
        11,
        9,
        11,
        7,
        12,
        8,
        12,
        6,
        8,
        12,
        5
      ],
      "states_total": 181
    }
  },
  "configs": {
    "nfa": {
      "solver_id": "nl.tudelft.algorithmics.pumpkin-regular",
      "dzn": "instances_dzn/nfa/0_low_blowup/nonogram_7.dzn",
      "status": "SATISFIED",
      "exit_code": 0,
      "stats": {
        "paths": 0,
        "flatIntVars": 100,
        "flatIntConstraints": 20,
        "method": "satisfy",
        "flatTime": 0.262015,
        "nodes": 1,
        "restarts": 0,
        "peakDepth": 1,
        "solveTime": 0.0003802,
        "variables": 101,
        "propagators": 21,
        "failures": 0,
        "propagations": 116,
        "nogoods": 0,
        "AverageConflictSize": 0,
        "NumUnitNogoodsLearned": 0,
        "AverageLearnedNogoodLength": 0,
        "AverageBacktrackAmount": 0,
        "AverageLbd": 0,
        "nSolutions": 1
      },
      "errors": [],
      "parse_errors": [],
      "stdout": "{\"type\": \"statistics\", \"statistics\": {\"paths\": 0, \"flatIntVars\": 100, \"flatIntConstraints\": 20, \"method\": \"satisfy\", \"flatTime\": 0.262015}}\n{\"type\": \"statistics\", \"statistics\": {\"nodes\": 1, \"restarts\": 0, \"peakDepth\": 1, \"solveTime\": 0.0003802, \"variables\": 101, \"propagators\": 21, \"failures\": 0, \"propagations\": 116, \"nogoods\": 0, \"AverageConflictSize\": 0, \"NumUnitNogoodsLearned\": 0, \"AverageLearnedNogoodLength\": 0, \"AverageBacktrackAmount\": 0, \"AverageLbd\": 0}}\n{\"type\": \"solution\", \"output\": {\"default\": \"Nonogram Solution:\\n\\n.###.#..##\\n.#..##.##.\\n##.#.##.#.\\n##.#..#.#.\\n#..###....\\n.###....#.\\n#..#.#.#..\\n..##...##.\\n.#..######\\n##.###.##.\\n\", \"raw\": \"Nonogram Solution:\\n\\n.###.#..##\\n.#..##.##.\\n##.#.##.#.\\n##.#..#.#.\\n#..###....\\n.###....#.\\n#..#.#.#..\\n..##...##.\\n.#..######\\n##.###.##.\\n\"}, \"sections\": [\"default\", \"raw\"]}\n{\"type\": \"statistics\", \"statistics\": {\"nSolutions\": 1}}\n",
      "stderr": ""
    },
    "dfa": {
      "solver_id": "nl.tudelft.algorithmics.pumpkin-regular",
      "dzn": "instances_dzn/dfa/0_low_blowup/nonogram_7.dzn",
      "status": "SATISFIED",
      "exit_code": 0,
      "stats": {
        "paths": 0,
        "flatIntVars": 100,
        "flatIntConstraints": 20,
        "method": "satisfy",
        "flatTime": 0.233504,
        "nodes": 1,
        "restarts": 0,
        "peakDepth": 1,
        "solveTime": 0.0003512,
        "variables": 101,
        "propagators": 21,
        "failures": 0,
        "propagations": 116,
        "nogoods": 0,
        "AverageConflictSize": 0,
        "NumUnitNogoodsLearned": 0,
        "AverageLearnedNogoodLength": 0,
        "AverageBacktrackAmount": 0,
        "AverageLbd": 0,
        "nSolutions": 1
      },
      "errors": [],
      "parse_errors": [],
      "stdout": "{\"type\": \"statistics\", \"statistics\": {\"paths\": 0, \"flatIntVars\": 100, \"flatIntConstraints\": 20, \"method\": \"satisfy\", \"flatTime\": 0.233504}}\n{\"type\": \"statistics\", \"statistics\": {\"nodes\": 1, \"restarts\": 0, \"peakDepth\": 1, \"solveTime\": 0.0003512, \"variables\": 101, \"propagators\": 21, \"failures\": 0, \"propagations\": 116, \"nogoods\": 0, \"AverageConflictSize\": 0, \"NumUnitNogoodsLearned\": 0, \"AverageLearnedNogoodLength\": 0, \"AverageBacktrackAmount\": 0, \"AverageLbd\": 0}}\n{\"type\": \"solution\", \"output\": {\"default\": \"Nonogram Solution:\\n\\n.###.#..##\\n.#..##.##.\\n##.#.##.#.\\n##.#..#.#.\\n#..###....\\n.###....#.\\n#..#.#.#..\\n..##...##.\\n.#..######\\n##.###.##.\\n\", \"raw\": \"Nonogram Solution:\\n\\n.###.#..##\\n.#..##.##.\\n##.#.##.#.\\n##.#..#.#.\\n#..###....\\n.###....#.\\n#..#.#.#..\\n..##...##.\\n.#..######\\n##.###.##.\\n\"}, \"sections\": [\"default\", \"raw\"]}\n{\"type\": \"statistics\", \"statistics\": {\"nSolutions\": 1}}\n",
      "stderr": ""
    },
    "decomposition": {
      "solver_id": "nl.tudelft.algorithmics.pumpkin-decomposition",
      "dzn": "instances_dzn/dfa/0_low_blowup/nonogram_7.dzn",
      "status": "SATISFIED",
      "exit_code": 0,
      "stats": {
        "paths": 0,