{
  "instance": "nonogram_13",
  "problem_type": "nonogram",
  "blowup_bin": "0_low_blowup",
  "blowup": 1.135135135135135,
  "timeout_seconds": 600,
  "model": "models/nonogram.mzn",
  "construction": {
    "nfa_glushkov": {
      "ms": [
        0.410699998610653,
        0.1618000096641481,
        0.24720000510569662,
        0.23570000485051423,
        0.16889999096747488,
        0.23289999808184803,
        0.22289999469649047,
        0.23589999182149768,
        0.38469998980872333,
        0.1849999971454963,
        0.24249999842140824,
        0.2106000029016286,
        0.2317000034963712,
        0.21379999816417694,
        0.23480001254938543,
        0.2714000002015382,
        0.2843999973265454,
        0.2736000024015084,
        0.309199996991083,
        0.2049000031547621
      ],
      "ms_total": 4.96259999636095,
      "states": [
        13,
        7,
        10,
        10,
        8,
        13,
        12,
        13,
        10,
        9,
        13,
        11,
        13,
        11,
        13,
        13,
        13,
        11,
        12,
        7
      ],
      "states_total": 222
    },
    "nfa_rbisim": {
      "ms": [
        0.20290000247769058,
        0.06760000542271882,
        0.15379999240394682,
        0.1424999936716631,
        0.09849999332800508,
        0.22170000011101365,
        0.16029999824240804,
        0.1908999984152615,
        0.14790000568609685,
        0.10640000982675701,
        0.29399999766610563,
        0.14999999257270247,
        0.1644000003580004,
        0.14209999062586576,
        0.18470000941306353,
        0.3166999958921224,
        0.2629000082379207,
        0.20200001017656177,
        0.2158999996026978,
        0.09299999510403723
      ],
      "ms_total": 3.518199999234639,
      "states": [
        9,
        4,
        7,
        6,
        5,
        10,
        8,
        9,
        7,
        6,
        8,
        7,
        9,
        7,
        10,
        8,
        9,
        7,
        8,
        4
      ],
      "states_total": 148
    },
    "dfa_subset": {
      "ms": [
        0.06730000313837081,
        0.03919999289792031,
        0.058299992815591395,
        0.0501000031363219,
        0.03850000211969018,
        0.056200005928985775,
        0.05369998689275235,
        0.05709999823011458,
        0.056200005928985775,
        0.05849999433849007,
        0.06089999806135893,
        0.05190000229049474,
        0.05509999755304307,
        0.05089999467600137,
        0.05360000068321824,
        0.07109998841769993,
        0.0709999876562506,
        0.06790000770706683,
        0.07119998917914927,
        0.054499992984347045
      ],
      "ms_total": 1.1431999446358532,
      "states": [
        13,
        7,
        10,
        10,
        8,
        13,
        12,
        13,
        10,
        9,
        13,
        11,
        13,
        11,
        13,
        13,
        13,
        11,
        12,
        7
      ],
      "states_total": 222
    },
    "dfa_min": {
      "ms": [
        0.35089999437332153,
        0.10679999832063913,
        0.2339000056963414,
        0.17829998978413641,
        0.1303000026382506,
        0.28480000037234277,
        0.23710000095888972,
        0.2638000005390495,
        0.23079999664332718,
        0.1542999962111935,
        0.26980000257026404,
        0.20649998623412102,
        0.27879999834112823,
        0.2094000083161518,
        0.5055000074207783,
        0.28639999800361693,
        0.3434000100241974,
        0.2673999988473952,
        0.3093999985139817,
        0.1419000036548823
      ],
      "ms_total": 4.989499997464009,
      "states": [
        10,
        5,
        8,
        7,
        6,
        11,
        9,
        10,
        8,
        7,
        9,
        8,
        10,
        8,
        11,
        9,
        10,
        8,
        9,
        5
      ],
      "states_total": 168
    }
  },
  "configs": {
    "nfa": {
      "solver_id": "nl.tudelft.algorithmics.pumpkin-regular",
      "dzn": "instances_dzn/nfa/0_low_blowup/nonogram_13.dzn",
      "status": "SATISFIED",
      "exit_code": 0,
      "stats": {
        "paths": 0,
        "flatIntVars": 100,
        "flatIntConstraints": 20,
        "method": "satisfy",
        "flatTime": 0.233989,
        "nodes": 3,
        "restarts": 0,
        "peakDepth": 3,
        "solveTime": 0.0008532,
        "variables": 101,
        "propagators": 21,
        "failures": 0,
        "propagations": 128,
        "nogoods": 0,
        "AverageConflictSize": 0,
        "NumUnitNogoodsLearned": 0,
        "AverageLearnedNogoodLength": 0,
        "AverageBacktrackAmount": 0,
        "AverageLbd": 0,
        "nSolutions": 1
      },
      "errors": [],
      "parse_errors": [],
      "stdout": "{\"type\": \"statistics\", \"statistics\": {\"paths\": 0, \"flatIntVars\": 100, \"flatIntConstraints\": 20, \"method\": \"satisfy\", \"flatTime\": 0.233989}}\n{\"type\": \"statistics\", \"statistics\": {\"nodes\": 3, \"restarts\": 0, \"peakDepth\": 3, \"solveTime\": 0.0008532, \"variables\": 101, \"propagators\": 21, \"failures\": 0, \"propagations\": 128, \"nogoods\": 0, \"AverageConflictSize\": 0, \"NumUnitNogoodsLearned\": 0, \"AverageLearnedNogoodLength\": 0, \"AverageBacktrackAmount\": 0, \"AverageLbd\": 0}}\n{\"type\": \"solution\", \"output\": {\"default\": \"Nonogram Solution:\\n\\n#.#.####..\\n....#....#\\n.#.####...\\n#.....#.#.\\n..#.##....\\n#####.###.\\n..#.#.###.\\n.####.#.#.\\n##.###....\\n..#....###\\n\", \"raw\": \"Nonogram Solution:\\n\\n#.#.####..\\n....#....#\\n.#.####...\\n#.....#.#.\\n..#.##....\\n#####.###.\\n..#.#.###.\\n.####.#.#.\\n##.###....\\n..#....###\\n\"}, \"sections\": [\"default\", \"raw\"]}\n{\"type\": \"statistics\", \"statistics\": {\"nSolutions\": 1}}\n",
      "stderr": ""
    },
    "dfa": {
      "solver_id": "nl.tudelft.algorithmics.pumpkin-regular",
      "dzn": "instances_dzn/dfa/0_low_blowup/nonogram_13.dzn",
      "status": "SATISFIED",
      "exit_code": 0,
      "stats": {
        "paths": 0,
        "flatIntVars": 100,
        "flatIntConstraints": 20,
        "method": "satisfy",
        "flatTime": 0.241793,
        "nodes": 3,
        "restarts": 0,
        "peakDepth": 3,
        "solveTime": 0.0011488,
        "variables": 101,
        "propagators": 21,
        "failures": 0,
        "propagations": 128,
        "nogoods": 0,
        "AverageConflictSize": 0,
        "NumUnitNogoodsLearned": 0,
        "AverageLearnedNogoodLength": 0,
        "AverageBacktrackAmount": 0,
        "AverageLbd": 0,
        "nSolutions": 1
      },
      "errors": [],
      "parse_errors": [],
      "stdout": "{\"type\": \"statistics\", \"statistics\": {\"paths\": 0, \"flatIntVars\": 100, \"flatIntConstraints\": 20, \"method\": \"satisfy\", \"flatTime\": 0.241793}}\n{\"type\": \"statistics\", \"statistics\": {\"nodes\": 3, \"restarts\": 0, \"peakDepth\": 3, \"solveTime\": 0.0011488, \"variables\": 101, \"propagators\": 21, \"failures\": 0, \"propagations\": 128, \"nogoods\": 0, \"AverageConflictSize\": 0, \"NumUnitNogoodsLearned\": 0, \"AverageLearnedNogoodLength\": 0, \"AverageBacktrackAmount\": 0, \"AverageLbd\": 0}}\n{\"type\": \"solution\", \"output\": {\"default\": \"Nonogram Solution:\\n\\n#.#.####..\\n....#....#\\n.#.####...\\n#.....#.#.\\n..#.##....\\n#####.###.\\n..#.#.###.\\n.####.#.#.\\n##.###....\\n..#....###\\n\", \"raw\": \"Nonogram Solution:\\n\\n#.#.####..\\n....#....#\\n.#.####...\\n#.....#.#.\\n..#.##....\\n#####.###.\\n..#.#.###.\\n.####.#.#.\\n##.###....\\n..#....###\\n\"}, \"sections\": [\"default\", \"raw\"]}\n{\"type\": \"statistics\", \"statistics\": {\"nSolutions\": 1}}\n",
      "stderr": ""
    },
    "decomposition": {
      "solver_id": "nl.tudelft.algorithmics.pumpkin-decomposition",
      "dzn": "instances_dzn/dfa/0_low_blowup/nonogram_13.dzn",
      "status": "SATISFIED",
      "exit_code": 0,
      "stats": {
        "paths": 0,