{
  "instance": "polyominoes_95",
  "problem_type": "polyominoes",
  "blowup_bin": "0_low_blowup",
  "blowup": 0.6954887218045113,
  "timeout_seconds": 600,
  "model": "models/polyominoes.mzn",
  "construction": {
    "nfa_glushkov": {
      "ms": [
        14.181300008203834,
        6.147800013422966,
        6.194400004460476,
        6.350399999064393,
        50.63269998936448,
        6.330999996862374,
        10.484099999302998,
        35.97820000140928,
        0.7987999997567385,
        6.132700000307523,
        0.7273000082932413,
        32.03940000094008
      ],
      "ms_total": 175.99810002138838,
      "states": [
        457,
        223,
        223,
        223,
        1361,
        223,
        370,
        745,
        26,
        223,
        26,
        673
      ],
      "states_total": 4773
    },
    "nfa_rbisim": {
      "ms": [
        1056.2413000006927,
        234.02490001171827,
        231.9333000050392,
        208.4233000059612,
        9195.876700003282,
        213.6537999904249,
        504.1914000030374,
        3050.653500002227,
        3.523099992889911,
        216.9039000000339,
        3.3952999947359785,
        2168.643400000292
      ],
      "ms_total": 17087.463900010334,
      "states": [
        26,
        11,
        11,
        11,
        105,
        11,
        19,
        22,
        2,
        11,
        2,
        35
      ],
      "states_total": 266
    },
    "dfa_subset": {
      "ms": [
        16.28490000439342,
        5.471299999044277,
        5.353600005037151,
        5.277600008412264,
        171.90480000863317,
        5.376700006308965,
        13.326700005563907,
        19.791599988820963,
        0.6125000072643161,
        5.481600004713982,
        0.6838000117568299,
        29.756999996607192
      ],
      "ms_total": 279.32210004655644,
      "states": [
        215,
        112,
        112,
        112,
        861,
        112,
        186,
        213,
        26,
        112,
        26,
        336
      ],
      "states_total": 2423
    },
    "dfa_min": {
      "ms": [
        234.74319999513682,
        35.12610000325367,
        47.248999995645136,
        48.3721000055084,
        5141.90950000193,
        36.17149998899549,
        149.87310000287835,
        135.3055000072345,
        1.457599995774217,
        35.13470001053065,
        1.5903000021353364,
        471.6352999967057
      ],
      "ms_total": 6338.567900005728,
      "states": [
        23,
        10,
        10,
        10,
        53,
        10,
        17,
        17,
        3,
        10,
        3,
        19
      ],
      "states_total": 185
    }
  },
  "configs": {
    "nfa": {
      "solver_id": "nl.tudelft.algorithmics.pumpkin-regular",
      "dzn": "instances_dzn/nfa/0_low_blowup/polyominoes_95.dzn",
      "status": "SATISFIED",
      "exit_code": 0,
      "stats": {
        "paths": 0,
        "flatIntVars": 36,
        "flatIntConstraints": 12,
        "method": "satisfy",
        "flatTime": 0.281001,
        "nodes": 18,
        "restarts": 0,
        "peakDepth": 18,
        "solveTime": 1.2478279,
        "variables": 38,
        "propagators": 13,
        "failures": 0,
        "propagations": 349,
        "nogoods": 0,
        "AverageConflictSize": 0,
        "NumUnitNogoodsLearned": 0,
        "AverageLearnedNogoodLength": 0,
        "AverageBacktrackAmount": 0,
        "AverageLbd": 0,
        "nSolutions": 1
      },
      "errors": [],
      "parse_errors": [],
      "stdout": "{\"type\": \"statistics\", \"statistics\": {\"paths\": 0, \"flatIntVars\": 36, \"flatIntConstraints\": 12, \"method\": \"satisfy\", \"flatTime\": 0.281001}}\n{\"type\": \"statistics\", \"statistics\": {\"nodes\": 18, \"restarts\": 0, \"peakDepth\": 18, \"solveTime\": 1.2478279, \"variables\": 38, \"propagators\": 13, \"failures\": 0, \"propagations\": 349, \"nogoods\": 0, \"AverageConflictSize\": 0, \"NumUnitNogoodsLearned\": 0, \"AverageLearnedNogoodLength\": 0, \"AverageBacktrackAmount\": 0, \"AverageLbd\": 0}}\n{\"type\": \"solution\", \"output\": {\"default\": \"Polyominoes Solution:\\nA A A B B C\\nC A A A D D\\nE E E E F F\\nG E E E H H\\nI G K L E H\\nJ J G L L L\\n\\nSummary: Used 12 tiles on a 6x6 board.\\n\", \"raw\": \"Polyominoes Solution:\\nA A A B B C\\nC A A A D D\\nE E E E F F\\nG E E E H H\\nI G K L E H\\nJ J G L L L\\n\\nSummary: Used 12 tiles on a 6x6 board.\\n\"}, \"sections\": [\"default\", \"raw\"]}\n{\"type\": \"statistics\", \"statistics\": {\"nSolutions\": 1}}\n",
      "stderr": ""
    },
    "dfa": {
      "solver_id": "nl.tudelft.algorithmics.pumpkin-regular",
      "dzn": "instances_dzn/dfa/0_low_blowup/polyominoes_95.dzn",
      "status": "SATISFIED",
      "exit_code": 0,
      "stats": {
        "paths": 0,
        "flatIntVars": 36,
        "flatIntConstraints": 12,
        "method": "satisfy",
        "flatTime": 0.255451,
        "nodes": 18,
        "restarts": 0,
        "peakDepth": 18,
        "solveTime": 0.8936349,
        "variables": 38,
        "propagators": 13,
        "failures": 0,
        "propagations": 349,
        "nogoods": 0,
        "AverageConflictSize": 0,
        "NumUnitNogoodsLearned": 0,
        "AverageLearnedNogoodLength": 0,
        "AverageBacktrackAmount": 0,
        "AverageLbd": 0,
        "nSolutions": 1
      },
      "errors": [],
      "parse_errors": [],
      "stdout": "{\"type\": \"statistics\", \"statistics\": {\"paths\": 0, \"flatIntVars\": 36, \"flatIntConstraints\": 12, \"method\": \"satisfy\", \"flatTime\": 0.255451}}\n{\"type\": \"statistics\", \"statistics\": {\"nodes\": 18, \"restarts\": 0, \"peakDepth\": 18, \"solveTime\": 0.8936349, \"variables\": 38, \"propagators\": 13, \"failures\": 0, \"propagations\": 349, \"nogoods\": 0, \"AverageConflictSize\": 0, \"NumUnitNogoodsLearned\": 0, \"AverageLearnedNogoodLength\": 0, \"AverageBacktrackAmount\": 0, \"AverageLbd\": 0}}\n{\"type\": \"solution\", \"output\": {\"default\": \"Polyominoes Solution:\\nA A A B B C\\nC A A A D D\\nE E E E F F\\nG E E E H H\\nI G K L E H\\nJ J G L L L\\n\\nSummary: Used 12 tiles on a 6x6 board.\\n\", \"raw\": \"Polyominoes Solution:\\nA A A B B C\\nC A A A D D\\nE E E E F F\\nG E E E H H\\nI G K L E H\\nJ J G L L L\\n\\nSummary: Used 12 tiles on a 6x6 board.\\n\"}, \"sections\": [\"default\", \"raw\"]}\n{\"type\": \"statistics\", \"statistics\": {\"nSolutions\": 1}}\n",
      "stderr": ""
    },
    "decomposition": {
      "solver_id": "nl.tudelft.algorithmics.pumpkin-decomposition",
      "dzn": "instances_dzn/dfa/0_low_blowup/polyominoes_95.dzn",
      "status": "SATISFIED",
      "exit_code": 0,
      "stats": {
        "paths": 0,
        "flatIntVars": 1020,
        "flatIntConstraints": 996,
        "method": "satisfy",
        "flatTime": 0.367712,
        "nodes": 20,
        "restarts": 0,
        "peakDepth": 19,
        "solveTime": 0.0121212,
        "variables": 1075,
        "propagators": 1417,
        "failures": 1,
        "propagations": 15670,
        "nogoods": 1,
        "AverageConflictSize": 3,
        "NumUnitNogoodsLearned": 0,
        "AverageLearnedNogoodLength": 84,
        "AverageBacktrackAmount": 0,
        "AverageLbd": 5,
        "nSolutions": 1
      },
      "errors": [],
      "parse_errors": [],