{
  "instance": "polyominoes_61",
  "problem_type": "polyominoes",
  "blowup_bin": "0_low_blowup",
  "blowup": 0.7735191637630662,
  "timeout_seconds": 600,
  "model": "models/polyominoes.mzn",
  "construction": {
    "nfa_glushkov": {
      "ms": [
        0.7588000007672235,
        0.8423999970545992,
        5.987099997582845,
        10.832400002982467,
        0.8298000029753894,
        20.436599996173754,
        6.262299997615628,
        47.44510000455193,
        10.823500007973053,
        59.629499999573454,
        24.27590001025237,
        10.450100002344698
      ],
      "ms_total": 198.57350001984742,
      "states": [
        26,
        26,
        223,
        370,
        26,
        664,
        223,
        1045,
        370,
        1177,
        745,
        370
      ],
      "states_total": 5265
    },
    "nfa_rbisim": {
      "ms": [
        3.503700005239807,
        3.4992000000784174,
        227.356499992311,
        492.1202999976231,
        3.5168000031262636,
        2432.975899995654,
        210.7654999999795,
        5690.200900004129,
        508.04709999647457,
        5731.031400006032,
        2937.4580000003334,
        503.9727999974275
      ],
      "ms_total": 18744.448099998408,
      "states": [
        2,
        2,
        11,
        19,
        2,
        35,
        11,
        53,
        19,
        92,
        22,
        19
      ],
      "states_total": 287
    },
    "dfa_subset": {
      "ms": [
        0.6261999951675534,
        0.606699992204085,
        5.351900006644428,
        12.305700001888908,
        0.6087999936426058,
        38.9866999903461,
        5.197299993596971,
        61.637000006157905,
        12.459899997338653,
        166.0701000073459,
        19.120199998724274,
        12.477900003432296
      ],
      "ms_total": 335.4483999864897,
      "states": [
        26,
        26,
        112,
        186,
        26,
        334,
        112,
        464,
        186,
        804,
        213,
        186
      ],
      "states_total": 2675
    },
    "dfa_min": {
      "ms": [
        1.5282999956980348,
        1.4325000083772466,
        45.782300003338605,
        168.60669999732636,
        1.4214999973773956,
        633.7063999962993,
        43.75830000208225,
        1212.5473999913083,
        151.01980000326876,
        4114.862300004461,
        153.94629999354947,
        142.86330000322778
      ],
      "ms_total": 6671.475099996314,
      "states": [
        3,
        3,
        10,
        17,
        3,
        33,
        10,
        41,
        17,
        51,
        17,
        17
      ],
      "states_total": 222
    }
  },
  "configs": {
    "nfa": {
      "solver_id": "nl.tudelft.algorithmics.pumpkin-regular",
      "dzn": "instances_dzn/nfa/0_low_blowup/polyominoes_61.dzn",
      "status": "SATISFIED",
      "exit_code": 0,
      "stats": {
        "paths": 0,
        "flatIntVars": 36,
        "flatIntConstraints": 12,
        "method": "satisfy",
        "flatTime": 0.275274,
        "nodes": 15,
        "restarts": 0,
        "peakDepth": 15,
        "solveTime": 1.0084755,
        "variables": 38,
        "propagators": 13,
        "failures": 0,
        "propagations": 296,
        "nogoods": 0,
        "AverageConflictSize": 0,
        "NumUnitNogoodsLearned": 0,
        "AverageLearnedNogoodLength": 0,
        "AverageBacktrackAmount": 0,
        "AverageLbd": 0,
        "nSolutions": 1
      },
      "errors": [],
      "parse_errors": [],
      "stdout": "{\"type\": \"statistics\", \"statistics\": {\"paths\": 0, \"flatIntVars\": 36, \"flatIntConstraints\": 12, \"method\": \"satisfy\", \"flatTime\": 0.275274}}\n{\"type\": \"statistics\", \"statistics\": {\"nodes\": 15, \"restarts\": 0, \"peakDepth\": 15, \"solveTime\": 1.0084755, \"variables\": 38, \"propagators\": 13, \"failures\": 0, \"propagations\": 296, \"nogoods\": 0, \"AverageConflictSize\": 0, \"NumUnitNogoodsLearned\": 0, \"AverageLearnedNogoodLength\": 0, \"AverageBacktrackAmount\": 0, \"AverageLbd\": 0}}\n{\"type\": \"solution\", \"output\": {\"default\": \"Polyominoes Solution:\\nA B C C D D\\nD E F F F F\\nF G G H H H\\nI I I J J H\\nH H K K J J\\nJ L L L K J\\n\\nSummary: Used 12 tiles on a 6x6 board.\\n\", \"raw\": \"Polyominoes Solution:\\nA B C C D D\\nD E F F F F\\nF G G H H H\\nI I I J J H\\nH H K K J J\\nJ L L L K J\\n\\nSummary: Used 12 tiles on a 6x6 board.\\n\"}, \"sections\": [\"default\", \"raw\"]}\n{\"type\": \"statistics\", \"statistics\": {\"nSolutions\": 1}}\n",
      "stderr": ""
    },
    "dfa": {
      "solver_id": "nl.tudelft.algorithmics.pumpkin-regular",
      "dzn": "instances_dzn/dfa/0_low_blowup/polyominoes_61.dzn",
      "status": "SATISFIED",
      "exit_code": 0,
      "stats": {
        "paths": 0,
        "flatIntVars": 36,
        "flatIntConstraints": 12,
        "method": "satisfy",
        "flatTime": 0.258014,
        "nodes": 15,
        "restarts": 0,
        "peakDepth": 15,
        "solveTime": 0.7429012,
        "variables": 38,
        "propagators": 13,
        "failures": 0,
        "propagations": 296,
        "nogoods": 0,
        "AverageConflictSize": 0,
        "NumUnitNogoodsLearned": 0,
        "AverageLearnedNogoodLength": 0,
        "AverageBacktrackAmount": 0,
        "AverageLbd": 0,
        "nSolutions": 1
      },
      "errors": [],
      "parse_errors": [],
      "stdout": "{\"type\": \"statistics\", \"statistics\": {\"paths\": 0, \"flatIntVars\": 36, \"flatIntConstraints\": 12, \"method\": \"satisfy\", \"flatTime\": 0.258014}}\n{\"type\": \"statistics\", \"statistics\": {\"nodes\": 15, \"restarts\": 0, \"peakDepth\": 15, \"solveTime\": 0.7429012, \"variables\": 38, \"propagators\": 13, \"failures\": 0, \"propagations\": 296, \"nogoods\": 0, \"AverageConflictSize\": 0, \"NumUnitNogoodsLearned\": 0, \"AverageLearnedNogoodLength\": 0, \"AverageBacktrackAmount\": 0, \"AverageLbd\": 0}}\n{\"type\": \"solution\", \"output\": {\"default\": \"Polyominoes Solution:\\nA B C C D D\\nD E F F F F\\nF G G H H H\\nI I I J J H\\nH H K K J J\\nJ L L L K J\\n\\nSummary: Used 12 tiles on a 6x6 board.\\n\", \"raw\": \"Polyominoes Solution:\\nA B C C D D\\nD E F F F F\\nF G G H H H\\nI I I J J H\\nH H K K J J\\nJ L L L K J\\n\\nSummary: Used 12 tiles on a 6x6 board.\\n\"}, \"sections\": [\"default\", \"raw\"]}\n{\"type\": \"statistics\", \"statistics\": {\"nSolutions\": 1}}\n",
      "stderr": ""
    },
    "decomposition": {
      "solver_id": "nl.tudelft.algorithmics.pumpkin-decomposition",
      "dzn": "instances_dzn/dfa/0_low_blowup/polyominoes_61.dzn",
      "status": "SATISFIED",
      "exit_code": 0,
      "stats": {
        "paths": 0,
        "flatIntVars": 1020,
        "flatIntConstraints": 996,
        "method": "satisfy",
        "flatTime": 0.346518,
        "nodes": 15,
        "restarts": 0,
        "peakDepth": 15,
        "solveTime": 0.0172652,
        "variables": 1073,
        "propagators": 1417,
        "failures": 0,
        "propagations": 19113,
        "nogoods": 0,
        "AverageConflictSize": 0,
        "NumUnitNogoodsLearned": 0,
        "AverageLearnedNogoodLength": 0,
        "AverageBacktrackAmount": 0,
        "AverageLbd": 0,
        "nSolutions": 1
      },
      "errors": [],
      "parse_errors": [],