{
  "instance": "polyominoes_4",
  "problem_type": "polyominoes",
  "blowup_bin": "0_low_blowup",
  "blowup": 0.6818604651162791,
  "timeout_seconds": 600,
  "model": "models/polyominoes.mzn",
  "construction": {
    "nfa_glushkov": {
      "ms": [
        74.3642000015825,
        96.9764000037685,
        11.475900013465434,
        1.4448000001721084,
        93.80499995313585,
        35.42700002435595,
        82.84280000953004,
        84.84470000257716
      ],
      "ms_total": 481.18080000858754,
      "states": [
        1417,
        1785,
        305,
        18,
        1657,
        821,
        1569,
        1633
      ],
      "states_total": 9205
    },
    "nfa_rbisim": {
      "ms": [
        12085.501399997156,
        19396.553099970333,
        545.652600005269,
        1.451499992981553,
        17229.930699977558,
        3544.1201999783516,
        14803.023199958261,
        16174.54470001394
      ],
      "ms_total": 83780.77739989385,
      "states": [
        192,
        233,
        12,
        2,
        192,
        75,
        175,
        194
      ],
      "states_total": 1075
    },
    "dfa_subset": {
      "ms": [
        304.11059997277334,
        507.7229000162333,
        5.856700008735061,
        0.38700003642588854,
        333.8924999698065,
        51.8714000354521,
        290.0413000024855,
        277.95429999241605
      ],
      "ms_total": 1771.8367000343278,
      "states": [
        1117,
        1452,
        77,
        18,
        1117,
        485,
        1128,
        1126
      ],
      "states_total": 6520
    },
    "dfa_min": {
      "ms": [
        10394.311900017783,
        18670.899500022642,
        27.476699964608997,
        0.757400004658848,
        10268.13189999666,
        1748.883599997498,
        10598.02380000474,
        11218.468800012488
      ],
      "ms_total": 62926.95360002108,
      "states": [
        137,
        173,
        13,
        3,
        126,
        47,
        115,
        119
      ],
      "states_total": 733
    }
  },
  "configs": {
    "nfa": {
      "solver_id": "nl.tudelft.algorithmics.pumpkin-regular",
      "dzn": "instances_dzn/nfa/0_low_blowup/polyominoes_4.dzn",
      "status": "SATISFIED",
      "exit_code": 0,
      "stats": {
        "paths": 0,
        "flatIntVars": 64,
        "flatIntConstraints": 8,
        "method": "satisfy",
        "flatTime": 0.290999,
        "nodes": 812,
        "restarts": 0,
        "peakDepth": 13,
        "solveTime": 459.0006394,
        "variables": 66,
        "propagators": 9,
        "failures": 801,
        "propagations": 21865,
        "nogoods": 801,
        "numAtomicConstraintsPropagated": 0,
        "regularNfaPropagatorNumber1LayeredMultigraphSyncTimeNs": 66038668600,
        "regularNfaPropagatorNumber2LayeredMultigraphSyncTimeNs": 54075900100,
        "regularNfaPropagatorNumber3LayeredMultigraphSyncTimeNs": 5478383400,
        "regularNfaPropagatorNumber4LayeredMultigraphSyncTimeNs": 1581047100,
        "regularNfaPropagatorNumber5LayeredMultigraphSyncTimeNs": 62847508600,
        "regularNfaPropagatorNumber6LayeredMultigraphSyncTimeNs": 23727559800,
        "regularNfaPropagatorNumber7LayeredMultigraphSyncTimeNs": 42302814900,
        "regularNfaPropagatorNumber8LayeredMultigraphSyncTimeNs": 48489765500,
        "AverageConflictSize": 240.7578027465668,
        "NumUnitNogoodsLearned": 1,
        "AverageLearnedNogoodLength": 7.157303370786517,
        "AverageBacktrackAmount": 0,
        "AverageLbd": 6.6541822721598,
        "1AutonomousSearchNumBackupCalled": 0,
        "1AutonomousSearchNumPredicatesRemoved": 0,
        "1AutonomousSearchNumCalls": 1,
        "1AutonomousSearchNumPredicatesAdded": 876,
        "1AutonomousSearchAverageSizeOfHeap": 876,
        "1AutonomousSearchNumAssignedPredicatesEncountered": 876,
        "nSolutions": 1
      },
      "layered_multigraph_sync_ms": 304541.648,
      "errors": [],
      "stdout": "% Generated FlatZinc statistics:\r\n%%%mzn-stat: paths=0\r\n%%%mzn-stat: flatIntVars=64\r\n%%%mzn-stat: flatIntConstraints=8\r\n%%%mzn-stat: method=\"satisfy\"\r\n%%%mzn-stat: flatTime=0.290999\r\n%%%mzn-stat-end\r\n% Logging successfully configured\r\n%%%mzn-stat: nodes=812\r\n%%%mzn-stat: restarts=0\r\n%%%mzn-stat: peakDepth=13\r\n%%%mzn-stat: solveTime=459.0006394\r\n%%%mzn-stat: variables=66\r\n%%%mzn-stat: propagators=9\r\n%%%mzn-stat: failures=801\r\n%%%mzn-stat: propagations=21865\r\n%%%mzn-stat: nogoods=801\r\n%%%mzn-stat: numAtomicConstraintsPropagated=0\r\n%%%mzn-stat: regularNfaPropagatorNumber1LayeredMultigraphSyncTimeNs=66038668600\r\n%%%mzn-stat: regularNfaPropagatorNumber2LayeredMultigraphSyncTimeNs=54075900100\r\n%%%mzn-stat: regularNfaPropagatorNumber3LayeredMultigraphSyncTimeNs=5478383400\r\n%%%mzn-stat: regularNfaPropagatorNumber4LayeredMultigraphSyncTimeNs=1581047100\r\n%%%mzn-stat: regularNfaPropagatorNumber5LayeredMultigraphSyncTimeNs=62847508600\r\n%%%mzn-stat: regularNfaPropagatorNumber6LayeredMultigraphSyncTimeNs=23727559800\r\n%%%mzn-stat: regularNfaPropagatorNumber7LayeredMultigraphSyncTimeNs=42302814900\r\n%%%mzn-stat: regularNfaPropagatorNumber8LayeredMultigraphSyncTimeNs=48489765500\r\n%%%mzn-stat: AverageConflictSize=240.7578027465668\r\n%%%mzn-stat: NumUnitNogoodsLearned=1\r\n%%%mzn-stat: AverageLearnedNogoodLength=7.157303370786517\r\n%%%mzn-stat: AverageBacktrackAmount=0\r\n%%%mzn-stat: AverageLbd=6.6541822721598\r\n%%%mzn-stat: 1AutonomousSearchNumBackupCalled=0\r\n%%%mzn-stat: 1AutonomousSearchNumPredicatesRemoved=0\r\n%%%mzn-stat: 1AutonomousSearchNumCalls=1\r\n%%%mzn-stat: 1AutonomousSearchNumPredicatesAdded=876\r\n%%%mzn-stat: 1AutonomousSearchAverageSizeOfHeap=876\r\n%%%mzn-stat: 1AutonomousSearchNumAssignedPredicatesEncountered=876\r\n%%%mzn-stat-end\r\nPolyominoes Solution:\r\nB B B B B B B D\r\nB B B G G B C C\r\nG G G G G G C C\r\nE A A A A A H H\r\nE E A A A A H H\r\nE E E E A A H H\r\nE E E F H H H H\r\nE F F F F F H H\r\n\r\nSummary: Used 8 tiles on a 8x8 board.\r\n----------\r\n%%%mzn-stat: nSolutions=1\r\n%%%mzn-stat-end\r\n",
      "stderr": ""
    },
    "dfa": {
      "solver_id": "nl.tudelft.algorithmics.pumpkin-regular",
      "dzn": "instances_dzn/dfa/0_low_blowup/polyominoes_4.dzn",
      "status": "SATISFIED",
      "exit_code": 0,
      "stats": {
        "paths": 0,
        "flatIntVars": 64,
        "flatIntConstraints": 8,
        "method": "satisfy",
        "flatTime": 0.375665,
        "nodes": 812,
        "restarts": 0,
        "peakDepth": 13,
        "solveTime": 306.5432065,
        "variables": 66,
        "propagators": 9,
        "failures": 801,
        "propagations": 21941,
        "nogoods": 801,
        "numAtomicConstraintsPropagated": 0,
        "regularDfaPropagatorNumber1LayeredMultigraphSyncTimeNs": 48047674800,
        "regularDfaPropagatorNumber2LayeredMultigraphSyncTimeNs": 40404697700,
        "regularDfaPropagatorNumber3LayeredMultigraphSyncTimeNs": 5619699400,
        "regularDfaPropagatorNumber4LayeredMultigraphSyncTimeNs": 1575395300,
        "regularDfaPropagatorNumber5LayeredMultigraphSyncTimeNs": 37458582500,
        "regularDfaPropagatorNumber6LayeredMultigraphSyncTimeNs": 14036642500,
        "regularDfaPropagatorNumber7LayeredMultigraphSyncTimeNs": 24782898500,
        "regularDfaPropagatorNumber8LayeredMultigraphSyncTimeNs": 27905151000,
        "AverageConflictSize": 240.7578027465668,
        "NumUnitNogoodsLearned": 1,
        "AverageLearnedNogoodLength": 7.157303370786517,
        "AverageBacktrackAmount": 0,
        "AverageLbd": 6.6541822721598,
        "1AutonomousSearchNumBackupCalled": 0,
        "1AutonomousSearchNumPredicatesRemoved": 0,
        "1AutonomousSearchNumCalls": 1,
        "1AutonomousSearchNumPredicatesAdded": 876,
        "1AutonomousSearchAverageSizeOfHeap": 876,
        "1AutonomousSearchNumAssignedPredicatesEncountered": 876,
        "nSolutions": 1
      },
      "layered_multigraph_sync_ms": 199830.7417,