{
  "instance": "polyominoes_58",
  "problem_type": "polyominoes",
  "blowup_bin": "0_low_blowup",
  "blowup": 0.8142857142857143,
  "timeout_seconds": 600,
  "model": "models/polyominoes.mzn",
  "construction": {
    "nfa_glushkov": {
      "ms": [
        79.11649999732617,
        16.125099999044323,
        48.879800000577234,
        48.262399999657646
      ],
      "ms_total": 192.38379999660538,
      "states": [
        1673,
        537,
        1289,
        1393
      ],
      "states_total": 4892
    },
    "nfa_rbisim": {
      "ms": [
        10029.324999999517,
        941.5628999995533,
        6427.533199999743,
        7758.621900000435
      ],
      "ms_total": 25157.04299999925,
      "states": [
        523,
        81,
        334,
        532
      ],
      "states_total": 1470
    },
    "dfa_subset": {
      "ms": [
        250.5585999970208,
        8.261399998445995,
        91.62560000186204,
        139.8966000015207
      ],
      "ms_total": 490.34219999884954,
      "states": [
        1521,
        284,
        993,
        1194
      ],
      "states_total": 3992
    },
    "dfa_min": {
      "ms": [
        11474.028099997668,
        164.66140000193263,
        4382.698100002017,
        6784.152399999584
      ],
      "ms_total": 22805.5400000012,
      "states": [
        461,
        56,
        239,
        441
      ],
      "states_total": 1197
    }
  },
  "configs": {
    "nfa": {
      "solver_id": "nl.tudelft.algorithmics.pumpkin-regular",
      "dzn": "instances_dzn/nfa/0_low_blowup/polyominoes_58.dzn",
      "status": "SATISFIED",
      "exit_code": 0,
      "stats": {
        "paths": 0,
        "flatIntVars": 101,
        "flatIntConstraints": 5,
        "method": "maximize",
        "flatTime": 0.271001,
        "initTime": 0.6445835,
        "objective": 1607,
        "nodes": 28,
        "restarts": 0,
        "peakDepth": 6,
        "solveTime": 42.1676009,
        "variables": 103,
        "propagators": 7,
        "failures": 20,
        "propagations": 620,
        "nogoods": 20,
        "numAtomicConstraintsPropagated": 0,
        "regularNfaPropagatorNumber1LayeredMultigraphSyncTimeNs": 4546761500,
        "regularNfaPropagatorNumber2LayeredMultigraphSyncTimeNs": 2158205800,
        "regularNfaPropagatorNumber3LayeredMultigraphSyncTimeNs": 5449493100,
        "regularNfaPropagatorNumber4LayeredMultigraphSyncTimeNs": 3324305100,
        "AverageConflictSize": 58.65,
        "NumUnitNogoodsLearned": 1,
        "AverageLearnedNogoodLength": 4.85,
        "AverageBacktrackAmount": 0,
        "AverageLbd": 2.95,
        "2AutonomousSearchNumBackupCalled": 0,
        "2AutonomousSearchNumPredicatesRemoved": 0,
        "2AutonomousSearchNumCalls": 2,
        "2AutonomousSearchNumPredicatesAdded": 766,
        "2AutonomousSearchAverageSizeOfHeap": 44.5,
        "2AutonomousSearchNumAssignedPredicatesEncountered": 89,
        "nSolutions": 1
      },
      "layered_multigraph_sync_ms": 15478.7655,
      "errors": [],
      "stdout": "% Generated FlatZinc statistics:\n%%%mzn-stat: paths=0\n%%%mzn-stat: flatIntVars=101\n%%%mzn-stat: flatIntConstraints=5\n%%%mzn-stat: method=\"maximize\"\n%%%mzn-stat: flatTime=0.271001\n%%%mzn-stat-end\n% Logging successfully configured\n%%%mzn-stat: initTime=0.6445835\n%%%mzn-stat: objective=1607\n%%%mzn-stat: nodes=28\n%%%mzn-stat: restarts=0\n%%%mzn-stat: peakDepth=6\n%%%mzn-stat: solveTime=42.1676009\n%%%mzn-stat: variables=103\n%%%mzn-stat: propagators=7\n%%%mzn-stat: failures=20\n%%%mzn-stat: propagations=620\n%%%mzn-stat: nogoods=20\n%%%mzn-stat: numAtomicConstraintsPropagated=0\n%%%mzn-stat: regularNfaPropagatorNumber1LayeredMultigraphSyncTimeNs=4546761500\n%%%mzn-stat: regularNfaPropagatorNumber2LayeredMultigraphSyncTimeNs=2158205800\n%%%mzn-stat: regularNfaPropagatorNumber3LayeredMultigraphSyncTimeNs=5449493100\n%%%mzn-stat: regularNfaPropagatorNumber4LayeredMultigraphSyncTimeNs=3324305100\n%%%mzn-stat: AverageConflictSize=58.65\n%%%mzn-stat: NumUnitNogoodsLearned=1\n%%%mzn-stat: AverageLearnedNogoodLength=4.85\n%%%mzn-stat: AverageBacktrackAmount=0\n%%%mzn-stat: AverageLbd=2.95\n%%%mzn-stat: 2AutonomousSearchNumBackupCalled=0\n%%%mzn-stat: 2AutonomousSearchNumPredicatesRemoved=0\n%%%mzn-stat: 2AutonomousSearchNumCalls=2\n%%%mzn-stat: 2AutonomousSearchNumPredicatesAdded=766\n%%%mzn-stat: 2AutonomousSearchAverageSizeOfHeap=44.5\n%%%mzn-stat: 2AutonomousSearchNumAssignedPredicatesEncountered=89\n%%%mzn-stat-end\nPolyominoes Solution:\nA A A A A A A A A A\nA B B A A A A A A A\nA B B A A A A A A A\nC B D A D D D D A A\nC C D D D D D D D D\nC C C C D D D D D D\nC C C D D D D D D D\nC C C D D D D D D D\nC C C D D D D D D D\nC C C D D D D D D D\n\nSummary: Used 4 tiles on a 10x10 board.\n----------\n==========\n%%%mzn-stat: initTime=0.6445835\n%%%mzn-stat: objective=1607\n%%%mzn-stat: nodes=28\n%%%mzn-stat: restarts=0\n%%%mzn-stat: peakDepth=6\n%%%mzn-stat: solveTime=42.1676009\n%%%mzn-stat: variables=103\n%%%mzn-stat: propagators=7\n%%%mzn-stat: failures=20\n%%%mzn-stat: propagations=620\n%%%mzn-stat: nogoods=20\n%%%mzn-stat: numAtomicConstraintsPropagated=0\n%%%mzn-stat: regularNfaPropagatorNumber1LayeredMultigraphSyncTimeNs=4546761500\n%%%mzn-stat: regularNfaPropagatorNumber2LayeredMultigraphSyncTimeNs=2158205800\n%%%mzn-stat: regularNfaPropagatorNumber3LayeredMultigraphSyncTimeNs=5449493100\n%%%mzn-stat: regularNfaPropagatorNumber4LayeredMultigraphSyncTimeNs=3324305100\n%%%mzn-stat: AverageConflictSize=58.65\n%%%mzn-stat: NumUnitNogoodsLearned=1\n%%%mzn-stat: AverageLearnedNogoodLength=4.85\n%%%mzn-stat: AverageBacktrackAmount=0\n%%%mzn-stat: AverageLbd=2.95\n%%%mzn-stat: 2AutonomousSearchNumBackupCalled=0\n%%%mzn-stat: 2AutonomousSearchNumPredicatesRemoved=0\n%%%mzn-stat: 2AutonomousSearchNumCalls=2\n%%%mzn-stat: 2AutonomousSearchNumPredicatesAdded=766\n%%%mzn-stat: 2AutonomousSearchAverageSizeOfHeap=44.5\n%%%mzn-stat: 2AutonomousSearchNumAssignedPredicatesEncountered=89\n%%%mzn-stat-end\n%%%mzn-stat: nSolutions=1\n%%%mzn-stat-end\n",
      "stderr": ""
    },
    "dfa": {
      "solver_id": "nl.tudelft.algorithmics.pumpkin-regular",
      "dzn": "instances_dzn/dfa/0_low_blowup/polyominoes_58.dzn",
      "status": "SATISFIED",
      "exit_code": 0,
      "stats": {
        "paths": 0,
        "flatIntVars": 101,
        "flatIntConstraints": 5,
        "method": "maximize",
        "flatTime": 0.286072,
        "initTime": 0.5982312,
        "objective": 1607,
        "nodes": 28,
        "restarts": 0,
        "peakDepth": 6,
        "solveTime": 41.6719021,
        "variables": 103,
        "propagators": 7,
        "failures": 20,
        "propagations": 624,
        "nogoods": 20,
        "numAtomicConstraintsPropagated": 0,
        "regularDfaPropagatorNumber1LayeredMultigraphSyncTimeNs": 4843973100,
        "regularDfaPropagatorNumber2LayeredMultigraphSyncTimeNs": 1553854100,
        "regularDfaPropagatorNumber3LayeredMultigraphSyncTimeNs": 4024329000,
        "regularDfaPropagatorNumber4LayeredMultigraphSyncTimeNs": 3339519400,
        "AverageConflictSize": 58.65,
        "NumUnitNogoodsLearned": 1,
        "AverageLearnedNogoodLength": 4.85,
        "AverageBacktrackAmount": 0,
        "AverageLbd": 2.95,
        "2AutonomousSearchNumBackupCalled": 0,
        "2AutonomousSearchNumPredicatesRemoved": 0,
        "2AutonomousSearchNumCalls": 2,
        "2AutonomousSearchNumPredicatesAdded": 766,
        "2AutonomousSearchAverageSizeOfHeap": 44.5,
        "2AutonomousSearchNumAssignedPredicatesEncountered": 89,
        "nSolutions": 1
      },
      "layered_multigraph_sync_ms": 13761.6756,
      "errors": [],