{
  "instance": "polyominoes_97",
  "problem_type": "polyominoes",
  "blowup_bin": "0_low_blowup",
  "blowup": 0.7025703794369645,
  "timeout_seconds": 600,
  "model": "models/polyominoes.mzn",
  "construction": {
    "nfa_glushkov": {
      "ms": [
        56.24509998597205,
        48.330599965993315,
        127.24499998148531,
        40.931600029580295,
        0.6075000273995101,
        0.534699996933341,
        11.235499987378716,
        14.675699989311397
      ],
      "ms_total": 299.80569996405393,
      "states": [
        1249,
        1337,
        2057,
        1105,
        18,
        18,
        409,
        513
      ],
      "states_total": 6706
    },
    "nfa_rbisim": {
      "ms": [
        6459.544099983759,
        8718.184199999087,
        20223.557799996343,
        4293.009099957999,
        1.1684999917633832,
        1.1232999968342483,
        616.4280999801122,
        1051.4444999862462
      ],
      "ms_total": 41364.45959989214,
      "states": [
        129,
        167,
        316,
        127,
        2,
        2,
        32,
        42
      ],
      "states_total": 817
    },
    "dfa_subset": {
      "ms": [
        95.04639997612685,
        116.50930001633242,
        455.68610000191256,
        128.20939999073744,
        0.28739997651427984,
        0.2706999657675624,
        9.604200022295117,
        17.49190001282841
      ],
      "ms_total": 823.1053999625146,
      "states": [
        781,
        903,
        1612,
        828,
        18,
        18,
        195,
        247
      ],
      "states_total": 4602
    },
    "dfa_min": {
      "ms": [
        3197.580999985803,
        4638.6729999794625,
        18114.000400004443,
        3591.4338000002317,
        0.6120000034570694,
        0.5610000225715339,
        159.26789998775348,
        240.2188999694772
      ],
      "ms_total": 29942.3479999532,
      "states": [
        65,
        107,
        235,
        93,
        3,
        3,
        29,
        39
      ],
      "states_total": 574
    }
  },
  "configs": {
    "nfa": {
      "solver_id": "nl.tudelft.algorithmics.pumpkin-regular",
      "dzn": "instances_dzn/nfa/0_low_blowup/polyominoes_97.dzn",
      "status": "TIMEOUT",
      "exit_code": 0,
      "stats": {
        "paths": 0,
        "flatIntVars": 64,
        "flatIntConstraints": 8,
        "method": "satisfy",
        "flatTime": 0.311538,
        "initTime": 0.2582954,
        "nodes": 1380,
        "restarts": 0,
        "peakDepth": 14,
        "solveTime": 599.4537892,
        "variables": 66,
        "propagators": 9,
        "failures": 1373,
        "propagations": 35467,
        "nogoods": 1373,
        "numAtomicConstraintsPropagated": 0,
        "regularNfaPropagatorNumber1LayeredMultigraphSyncTimeNs": 97312692400,
        "regularNfaPropagatorNumber2LayeredMultigraphSyncTimeNs": 95538530700,
        "regularNfaPropagatorNumber3LayeredMultigraphSyncTimeNs": 78714376200,
        "regularNfaPropagatorNumber4LayeredMultigraphSyncTimeNs": 83918317900,
        "regularNfaPropagatorNumber5LayeredMultigraphSyncTimeNs": 2355281500,
        "regularNfaPropagatorNumber6LayeredMultigraphSyncTimeNs": 2205429300,
        "regularNfaPropagatorNumber7LayeredMultigraphSyncTimeNs": 16634472400,
        "regularNfaPropagatorNumber8LayeredMultigraphSyncTimeNs": 17416342800,
        "AverageConflictSize": 239.11070648215588,
        "NumUnitNogoodsLearned": 1,
        "AverageLearnedNogoodLength": 6.710852148579752,
        "AverageBacktrackAmount": 0,
        "AverageLbd": 6.669337217771304,
        "1AutonomousSearchNumBackupCalled": 0,
        "1AutonomousSearchNumPredicatesRemoved": 0,
        "1AutonomousSearchNumCalls": 0,
        "1AutonomousSearchNumPredicatesAdded": 811,
        "1AutonomousSearchAverageSizeOfHeap": 0,
        "1AutonomousSearchNumAssignedPredicatesEncountered": 0,
        "nSolutions": 0
      },
      "layered_multigraph_sync_ms": 394095.4432,
      "errors": [],
      "stdout": "% Generated FlatZinc statistics:\r\n%%%mzn-stat: paths=0\r\n%%%mzn-stat: flatIntVars=64\r\n%%%mzn-stat: flatIntConstraints=8\r\n%%%mzn-stat: method=\"satisfy\"\r\n%%%mzn-stat: flatTime=0.311538\r\n%%%mzn-stat-end\r\n% Logging successfully configured\r\n=====UNKNOWN=====\r\n%%%mzn-stat: initTime=0.2582954\r\n%%%mzn-stat: nodes=1380\r\n%%%mzn-stat: restarts=0\r\n%%%mzn-stat: peakDepth=14\r\n%%%mzn-stat: solveTime=599.4537892\r\n%%%mzn-stat: variables=66\r\n%%%mzn-stat: propagators=9\r\n%%%mzn-stat: failures=1373\r\n%%%mzn-stat: propagations=35467\r\n%%%mzn-stat: nogoods=1373\r\n%%%mzn-stat: numAtomicConstraintsPropagated=0\r\n%%%mzn-stat: regularNfaPropagatorNumber1LayeredMultigraphSyncTimeNs=97312692400\r\n%%%mzn-stat: regularNfaPropagatorNumber2LayeredMultigraphSyncTimeNs=95538530700\r\n%%%mzn-stat: regularNfaPropagatorNumber3LayeredMultigraphSyncTimeNs=78714376200\r\n%%%mzn-stat: regularNfaPropagatorNumber4LayeredMultigraphSyncTimeNs=83918317900\r\n%%%mzn-stat: regularNfaPropagatorNumber5LayeredMultigraphSyncTimeNs=2355281500\r\n%%%mzn-stat: regularNfaPropagatorNumber6LayeredMultigraphSyncTimeNs=2205429300\r\n%%%mzn-stat: regularNfaPropagatorNumber7LayeredMultigraphSyncTimeNs=16634472400\r\n%%%mzn-stat: regularNfaPropagatorNumber8LayeredMultigraphSyncTimeNs=17416342800\r\n%%%mzn-stat: AverageConflictSize=239.11070648215588\r\n%%%mzn-stat: NumUnitNogoodsLearned=1\r\n%%%mzn-stat: AverageLearnedNogoodLength=6.710852148579752\r\n%%%mzn-stat: AverageBacktrackAmount=0\r\n%%%mzn-stat: AverageLbd=6.669337217771304\r\n%%%mzn-stat: 1AutonomousSearchNumBackupCalled=0\r\n%%%mzn-stat: 1AutonomousSearchNumPredicatesRemoved=0\r\n%%%mzn-stat: 1AutonomousSearchNumCalls=0\r\n%%%mzn-stat: 1AutonomousSearchNumPredicatesAdded=811\r\n%%%mzn-stat: 1AutonomousSearchAverageSizeOfHeap=0\r\n%%%mzn-stat: 1AutonomousSearchNumAssignedPredicatesEncountered=0\r\n%%%mzn-stat-end\r\n%%%mzn-stat: nSolutions=0\r\n%%%mzn-stat-end\r\n",
      "stderr": ""
    },
    "dfa": {
      "solver_id": "nl.tudelft.algorithmics.pumpkin-regular",
      "dzn": "instances_dzn/dfa/0_low_blowup/polyominoes_97.dzn",
      "status": "TIMEOUT",
      "exit_code": 0,
      "stats": {
        "paths": 0,
        "flatIntVars": 64,
        "flatIntConstraints": 8,
        "method": "satisfy",
        "flatTime": 0.29941,
        "initTime": 0.2234862,
        "nodes": 2021,
        "restarts": 0,
        "peakDepth": 14,
        "solveTime": 599.5201577,
        "variables": 66,
        "propagators": 9,
        "failures": 2014,
        "propagations": 52975,
        "nogoods": 2014,
        "numAtomicConstraintsPropagated": 0,
        "regularDfaPropagatorNumber1LayeredMultigraphSyncTimeNs": 73219000800,
        "regularDfaPropagatorNumber2LayeredMultigraphSyncTimeNs": 88039495300,
        "regularDfaPropagatorNumber3LayeredMultigraphSyncTimeNs": 86652226500,
        "regularDfaPropagatorNumber4LayeredMultigraphSyncTimeNs": 89726431400,
        "regularDfaPropagatorNumber5LayeredMultigraphSyncTimeNs": 3633619000,
        "regularDfaPropagatorNumber6LayeredMultigraphSyncTimeNs": 3268488400,
        "regularDfaPropagatorNumber7LayeredMultigraphSyncTimeNs": 23950217000,
        "regularDfaPropagatorNumber8LayeredMultigraphSyncTimeNs": 24533042000,
        "AverageConflictSize": 240.74428997020854,
        "NumUnitNogoodsLearned": 1,
        "AverageLearnedNogoodLength": 6.6737835153922545,
        "AverageBacktrackAmount": 0,
        "AverageLbd": 6.46077457795432,
        "1AutonomousSearchNumBackupCalled": 0,
        "1AutonomousSearchNumPredicatesRemoved": 0,
        "1AutonomousSearchNumCalls": 0,
        "1AutonomousSearchNumPredicatesAdded": 894,
        "1AutonomousSearchAverageSizeOfHeap": 0,
        "1AutonomousSearchNumAssignedPredicatesEncountered": 0,
        "nSolutions": 0
      },
      "layered_multigraph_sync_ms": 393022.5204,
      "errors": [],