{
  "instance": "polyominoes_53",
  "problem_type": "polyominoes",
  "blowup_bin": "0_low_blowup",
  "blowup": 0.6799242424242424,
  "timeout_seconds": 600,
  "model": "models/polyominoes.mzn",
  "construction": {
    "nfa_glushkov": {
      "ms": [
        56.95459997514263,
        17.14069995796308,
        64.17339999461547,
        76.3878999860026,
        8.88520001899451,
        76.11749996431172,
        55.64610002329573,
        5.382000003010035
      ],
      "ms_total": 360.68739992333576,
      "states": [
        1505,
        565,
        1265,
        1873,
        314,
        1865,
        1481,
        183
      ],
      "states_total": 9051
    },
    "nfa_rbisim": {
      "ms": [
        10725.724899966735,
        1211.502299993299,
        6201.156799972523,
        19433.26680001337,
        329.73189995391294,
        15606.985400023405,
        9654.80119996937,
        105.32109998166561
      ],
      "ms_total": 63268.49039987428,
      "states": [
        168,
        56,
        154,
        189,
        23,
        249,
        204,
        13
      ],
      "states_total": 1056
    },
    "dfa_subset": {
      "ms": [
        166.61969997221604,
        24.384699994698167,
        160.77100002439693,
        238.17700002109632,
        6.8654000060632825,
        390.08590002777055,
        204.86160001019016,
        2.8442000038921833
      ],
      "ms_total": 1194.6095000603236,
      "states": [
        1030,
        375,
        953,
        1268,
        158,
        1475,
        1080,
        92
      ],
      "states_total": 6431
    },
    "dfa_min": {
      "ms": [
        6388.65540002007,
        607.206899963785,
        5793.95579994889,
        9337.166299985256,
        77.08969997474924,
        14261.468299955595,
        7165.513499989174,
        19.438299990724772
      ],
      "ms_total": 43650.494199828245,
      "states": [
        109,
        41,
        101,
        122,
        21,
        187,
        125,
        12
      ],
      "states_total": 718
    }
  },
  "configs": {
    "nfa": {
      "solver_id": "nl.tudelft.algorithmics.pumpkin-regular",
      "dzn": "instances_dzn/nfa/0_low_blowup/polyominoes_53.dzn",
      "status": "SATISFIED",
      "exit_code": 0,
      "stats": {
        "paths": 0,
        "flatIntVars": 64,
        "flatIntConstraints": 8,
        "method": "satisfy",
        "flatTime": 0.28619,
        "nodes": 397,
        "restarts": 0,
        "peakDepth": 12,
        "solveTime": 211.8696708,
        "variables": 66,
        "propagators": 9,
        "failures": 391,
        "propagations": 9707,
        "nogoods": 391,
        "numAtomicConstraintsPropagated": 0,
        "regularNfaPropagatorNumber1LayeredMultigraphSyncTimeNs": 20589068700,
        "regularNfaPropagatorNumber2LayeredMultigraphSyncTimeNs": 12709402900,
        "regularNfaPropagatorNumber3LayeredMultigraphSyncTimeNs": 32089600300,
        "regularNfaPropagatorNumber4LayeredMultigraphSyncTimeNs": 18532405800,
        "regularNfaPropagatorNumber5LayeredMultigraphSyncTimeNs": 4168715100,
        "regularNfaPropagatorNumber6LayeredMultigraphSyncTimeNs": 22415403200,
        "regularNfaPropagatorNumber7LayeredMultigraphSyncTimeNs": 23064371000,
        "regularNfaPropagatorNumber8LayeredMultigraphSyncTimeNs": 1860849700,
        "AverageConflictSize": 247.5319693094629,
        "NumUnitNogoodsLearned": 0,
        "AverageLearnedNogoodLength": 8.948849104859335,
        "AverageBacktrackAmount": 0,
        "AverageLbd": 8.176470588235293,
        "1AutonomousSearchNumBackupCalled": 0,
        "1AutonomousSearchNumPredicatesRemoved": 0,
        "1AutonomousSearchNumCalls": 1,
        "1AutonomousSearchNumPredicatesAdded": 567,
        "1AutonomousSearchAverageSizeOfHeap": 567,
        "1AutonomousSearchNumAssignedPredicatesEncountered": 567,
        "nSolutions": 1
      },
      "layered_multigraph_sync_ms": 135429.8167,
      "errors": [],
      "stdout": "% Generated FlatZinc statistics:\r\n%%%mzn-stat: paths=0\r\n%%%mzn-stat: flatIntVars=64\r\n%%%mzn-stat: flatIntConstraints=8\r\n%%%mzn-stat: method=\"satisfy\"\r\n%%%mzn-stat: flatTime=0.28619\r\n%%%mzn-stat-end\r\n% Logging successfully configured\r\n%%%mzn-stat: nodes=397\r\n%%%mzn-stat: restarts=0\r\n%%%mzn-stat: peakDepth=12\r\n%%%mzn-stat: solveTime=211.8696708\r\n%%%mzn-stat: variables=66\r\n%%%mzn-stat: propagators=9\r\n%%%mzn-stat: failures=391\r\n%%%mzn-stat: propagations=9707\r\n%%%mzn-stat: nogoods=391\r\n%%%mzn-stat: numAtomicConstraintsPropagated=0\r\n%%%mzn-stat: regularNfaPropagatorNumber1LayeredMultigraphSyncTimeNs=20589068700\r\n%%%mzn-stat: regularNfaPropagatorNumber2LayeredMultigraphSyncTimeNs=12709402900\r\n%%%mzn-stat: regularNfaPropagatorNumber3LayeredMultigraphSyncTimeNs=32089600300\r\n%%%mzn-stat: regularNfaPropagatorNumber4LayeredMultigraphSyncTimeNs=18532405800\r\n%%%mzn-stat: regularNfaPropagatorNumber5LayeredMultigraphSyncTimeNs=4168715100\r\n%%%mzn-stat: regularNfaPropagatorNumber6LayeredMultigraphSyncTimeNs=22415403200\r\n%%%mzn-stat: regularNfaPropagatorNumber7LayeredMultigraphSyncTimeNs=23064371000\r\n%%%mzn-stat: regularNfaPropagatorNumber8LayeredMultigraphSyncTimeNs=1860849700\r\n%%%mzn-stat: AverageConflictSize=247.5319693094629\r\n%%%mzn-stat: NumUnitNogoodsLearned=0\r\n%%%mzn-stat: AverageLearnedNogoodLength=8.948849104859335\r\n%%%mzn-stat: AverageBacktrackAmount=0\r\n%%%mzn-stat: AverageLbd=8.176470588235293\r\n%%%mzn-stat: 1AutonomousSearchNumBackupCalled=0\r\n%%%mzn-stat: 1AutonomousSearchNumPredicatesRemoved=0\r\n%%%mzn-stat: 1AutonomousSearchNumCalls=1\r\n%%%mzn-stat: 1AutonomousSearchNumPredicatesAdded=567\r\n%%%mzn-stat: 1AutonomousSearchAverageSizeOfHeap=567\r\n%%%mzn-stat: 1AutonomousSearchNumAssignedPredicatesEncountered=567\r\n%%%mzn-stat-end\r\nPolyominoes Solution:\r\nA A A A A A H D\r\nC C A A A A H D\r\nC C C G G G G D\r\nC E C G G G G D\r\nC E G G G G G D\r\nB E F F F G G D\r\nB F F F F F D D\r\nB B B F F F F F\r\n\r\nSummary: Used 8 tiles on a 8x8 board.\r\n----------\r\n%%%mzn-stat: nSolutions=1\r\n%%%mzn-stat-end\r\n",
      "stderr": ""
    },
    "dfa": {
      "solver_id": "nl.tudelft.algorithmics.pumpkin-regular",
      "dzn": "instances_dzn/dfa/0_low_blowup/polyominoes_53.dzn",
      "status": "SATISFIED",
      "exit_code": 0,
      "stats": {
        "paths": 0,
        "flatIntVars": 64,
        "flatIntConstraints": 8,
        "method": "satisfy",
        "flatTime": 0.295017,
        "nodes": 397,
        "restarts": 0,
        "peakDepth": 12,
        "solveTime": 140.5854597,
        "variables": 66,
        "propagators": 9,
        "failures": 391,
        "propagations": 9717,
        "nogoods": 391,
        "numAtomicConstraintsPropagated": 0,
        "regularDfaPropagatorNumber1LayeredMultigraphSyncTimeNs": 13867633800,
        "regularDfaPropagatorNumber2LayeredMultigraphSyncTimeNs": 9075610000,
        "regularDfaPropagatorNumber3LayeredMultigraphSyncTimeNs": 18920872700,
        "regularDfaPropagatorNumber4LayeredMultigraphSyncTimeNs": 11574788200,
        "regularDfaPropagatorNumber5LayeredMultigraphSyncTimeNs": 3844555200,
        "regularDfaPropagatorNumber6LayeredMultigraphSyncTimeNs": 16140621700,
        "regularDfaPropagatorNumber7LayeredMultigraphSyncTimeNs": 13734870800,
        "regularDfaPropagatorNumber8LayeredMultigraphSyncTimeNs": 1695686600,
        "AverageConflictSize": 247.5319693094629,
        "NumUnitNogoodsLearned": 0,
        "AverageLearnedNogoodLength": 8.948849104859335,
        "AverageBacktrackAmount": 0,
        "AverageLbd": 8.176470588235293,
        "1AutonomousSearchNumBackupCalled": 0,
        "1AutonomousSearchNumPredicatesRemoved": 0,
        "1AutonomousSearchNumCalls": 1,
        "1AutonomousSearchNumPredicatesAdded": 567,
        "1AutonomousSearchAverageSizeOfHeap": 567,
        "1AutonomousSearchNumAssignedPredicatesEncountered": 567,
        "nSolutions": 1
      },
      "layered_multigraph_sync_ms": 88854.639,