{
  "instance": "polyominoes_66",
  "problem_type": "polyominoes",
  "blowup_bin": "0_low_blowup",
  "blowup": 0.6638418079096046,
  "timeout_seconds": 600,
  "model": "models/polyominoes.mzn",
  "construction": {
    "nfa_glushkov": {
      "ms": [
        9.919299998728093,
        30.511200002365513,
        3.8458000017271843,
        2.873800000088522,
        23.934799999551615,
        2.547500000218861
      ],
      "ms_total": 73.63240000267979,
      "states": [
        349,
        945,
        139,
        115,
        805,
        93
      ],
      "states_total": 2446
    },
    "nfa_rbisim": {
      "ms": [
        368.4222999982012,
        3807.42040000041,
        51.06869999872288,
        36.89640000084182,
        2356.318200003443,
        22.998000000370666
      ],
      "ms_total": 6643.12400000199,
      "states": [
        35,
        129,
        10,
        11,
        159,
        10
      ],
      "states_total": 354
    },
    "dfa_subset": {
      "ms": [
        5.141199999343371,
        50.382299999910174,
        1.3254000004963018,
        1.1837999991257675,
        37.64219999720808,
        0.8978000005299691
      ],
      "ms_total": 96.57269999661366,
      "states": [
        174,
        632,
        47,
        58,
        557,
        47
      ],
      "states_total": 1515
    },
    "dfa_min": {
      "ms": [
        84.35110000209534,
        1764.2151999971247,
        5.658699999912642,
        6.323600002360763,
        1359.3440000004193,
        5.697399999917252
      ],
      "ms_total": 3225.59000000183,
      "states": [
        19,
        81,
        11,
        10,
        103,
        11
      ],
      "states_total": 235
    }
  },
  "configs": {
    "nfa": {
      "solver_id": "nl.tudelft.algorithmics.pumpkin-regular",
      "dzn": "instances_dzn/nfa/0_low_blowup/polyominoes_66.dzn",
      "status": "SATISFIED",
      "exit_code": 0,
      "stats": {
        "paths": 0,
        "flatIntVars": 37,
        "flatIntConstraints": 7,
        "method": "maximize",
        "flatTime": 0.287644,
        "initTime": 0.073091,
        "objective": 859,
        "nodes": 269,
        "restarts": 0,
        "peakDepth": 8,
        "solveTime": 14.598196,
        "variables": 39,
        "propagators": 9,
        "failures": 257,
        "propagations": 8271,
        "nogoods": 257,
        "numAtomicConstraintsPropagated": 0,
        "regularNfaPropagatorNumber1LayeredMultigraphSyncTimeNs": 2048797900,
        "regularNfaPropagatorNumber2LayeredMultigraphSyncTimeNs": 2824675300,
        "regularNfaPropagatorNumber3LayeredMultigraphSyncTimeNs": 476934600,
        "regularNfaPropagatorNumber4LayeredMultigraphSyncTimeNs": 513169900,
        "regularNfaPropagatorNumber5LayeredMultigraphSyncTimeNs": 2508483600,
        "regularNfaPropagatorNumber6LayeredMultigraphSyncTimeNs": 337893800,
        "AverageConflictSize": 78.48249027237354,
        "NumUnitNogoodsLearned": 2,
        "AverageLearnedNogoodLength": 8.879377431906615,
        "AverageBacktrackAmount": 0,
        "AverageLbd": 4.182879377431907,
        "2AutonomousSearchNumBackupCalled": 0,
        "2AutonomousSearchNumPredicatesRemoved": 0,
        "2AutonomousSearchNumCalls": 2,
        "2AutonomousSearchNumPredicatesAdded": 829,
        "2AutonomousSearchAverageSizeOfHeap": 224.5,
        "2AutonomousSearchNumAssignedPredicatesEncountered": 449,
        "nSolutions": 1
      },
      "layered_multigraph_sync_ms": 8709.9551,
      "errors": [],
      "stdout": "% Generated FlatZinc statistics:\n%%%mzn-stat: paths=0\n%%%mzn-stat: flatIntVars=37\n%%%mzn-stat: flatIntConstraints=7\n%%%mzn-stat: method=\"maximize\"\n%%%mzn-stat: flatTime=0.287644\n%%%mzn-stat-end\n% Logging successfully configured\n%%%mzn-stat: initTime=0.073091\n%%%mzn-stat: objective=859\n%%%mzn-stat: nodes=269\n%%%mzn-stat: restarts=0\n%%%mzn-stat: peakDepth=8\n%%%mzn-stat: solveTime=14.598196\n%%%mzn-stat: variables=39\n%%%mzn-stat: propagators=9\n%%%mzn-stat: failures=257\n%%%mzn-stat: propagations=8271\n%%%mzn-stat: nogoods=257\n%%%mzn-stat: numAtomicConstraintsPropagated=0\n%%%mzn-stat: regularNfaPropagatorNumber1LayeredMultigraphSyncTimeNs=2048797900\n%%%mzn-stat: regularNfaPropagatorNumber2LayeredMultigraphSyncTimeNs=2824675300\n%%%mzn-stat: regularNfaPropagatorNumber3LayeredMultigraphSyncTimeNs=476934600\n%%%mzn-stat: regularNfaPropagatorNumber4LayeredMultigraphSyncTimeNs=513169900\n%%%mzn-stat: regularNfaPropagatorNumber5LayeredMultigraphSyncTimeNs=2508483600\n%%%mzn-stat: regularNfaPropagatorNumber6LayeredMultigraphSyncTimeNs=337893800\n%%%mzn-stat: AverageConflictSize=78.48249027237354\n%%%mzn-stat: NumUnitNogoodsLearned=2\n%%%mzn-stat: AverageLearnedNogoodLength=8.879377431906615\n%%%mzn-stat: AverageBacktrackAmount=0\n%%%mzn-stat: AverageLbd=4.182879377431907\n%%%mzn-stat: 2AutonomousSearchNumBackupCalled=0\n%%%mzn-stat: 2AutonomousSearchNumPredicatesRemoved=0\n%%%mzn-stat: 2AutonomousSearchNumCalls=2\n%%%mzn-stat: 2AutonomousSearchNumPredicatesAdded=829\n%%%mzn-stat: 2AutonomousSearchAverageSizeOfHeap=224.5\n%%%mzn-stat: 2AutonomousSearchNumAssignedPredicatesEncountered=449\n%%%mzn-stat-end\nPolyominoes Solution:\nB B B B B B\nB A A A E D\nF F A E E D\nF F E E E E\nC C E E E E\nC C E E E E\n\nSummary: Used 6 tiles on a 6x6 board.\n----------\n==========\n%%%mzn-stat: initTime=0.073091\n%%%mzn-stat: objective=859\n%%%mzn-stat: nodes=269\n%%%mzn-stat: restarts=0\n%%%mzn-stat: peakDepth=8\n%%%mzn-stat: solveTime=14.598196\n%%%mzn-stat: variables=39\n%%%mzn-stat: propagators=9\n%%%mzn-stat: failures=257\n%%%mzn-stat: propagations=8271\n%%%mzn-stat: nogoods=257\n%%%mzn-stat: numAtomicConstraintsPropagated=0\n%%%mzn-stat: regularNfaPropagatorNumber1LayeredMultigraphSyncTimeNs=2048797900\n%%%mzn-stat: regularNfaPropagatorNumber2LayeredMultigraphSyncTimeNs=2824675300\n%%%mzn-stat: regularNfaPropagatorNumber3LayeredMultigraphSyncTimeNs=476934600\n%%%mzn-stat: regularNfaPropagatorNumber4LayeredMultigraphSyncTimeNs=513169900\n%%%mzn-stat: regularNfaPropagatorNumber5LayeredMultigraphSyncTimeNs=2508483600\n%%%mzn-stat: regularNfaPropagatorNumber6LayeredMultigraphSyncTimeNs=337893800\n%%%mzn-stat: AverageConflictSize=78.48249027237354\n%%%mzn-stat: NumUnitNogoodsLearned=2\n%%%mzn-stat: AverageLearnedNogoodLength=8.879377431906615\n%%%mzn-stat: AverageBacktrackAmount=0\n%%%mzn-stat: AverageLbd=4.182879377431907\n%%%mzn-stat: 2AutonomousSearchNumBackupCalled=0\n%%%mzn-stat: 2AutonomousSearchNumPredicatesRemoved=0\n%%%mzn-stat: 2AutonomousSearchNumCalls=2\n%%%mzn-stat: 2AutonomousSearchNumPredicatesAdded=829\n%%%mzn-stat: 2AutonomousSearchAverageSizeOfHeap=224.5\n%%%mzn-stat: 2AutonomousSearchNumAssignedPredicatesEncountered=449\n%%%mzn-stat-end\n%%%mzn-stat: nSolutions=1\n%%%mzn-stat-end\n",
      "stderr": ""
    },
    "dfa": {
      "solver_id": "nl.tudelft.algorithmics.pumpkin-regular",
      "dzn": "instances_dzn/dfa/0_low_blowup/polyominoes_66.dzn",
      "status": "SATISFIED",
      "exit_code": 0,
      "stats": {
        "paths": 0,
        "flatIntVars": 37,
        "flatIntConstraints": 7,
        "method": "maximize",
        "flatTime": 0.283368,
        "initTime": 0.05936,
        "objective": 859,
        "nodes": 269,
        "restarts": 0,
        "peakDepth": 8,
        "solveTime": 10.1735957,
        "variables": 39,
        "propagators": 9,
        "failures": 257,
        "propagations": 8234,
        "nogoods": 257,
        "numAtomicConstraintsPropagated": 0,
        "regularDfaPropagatorNumber1LayeredMultigraphSyncTimeNs": 1091859300,
        "regularDfaPropagatorNumber2LayeredMultigraphSyncTimeNs": 1962447300,
        "regularDfaPropagatorNumber3LayeredMultigraphSyncTimeNs": 485229600,
        "regularDfaPropagatorNumber4LayeredMultigraphSyncTimeNs": 457638400,
        "regularDfaPropagatorNumber5LayeredMultigraphSyncTimeNs": 1573343600,
        "regularDfaPropagatorNumber6LayeredMultigraphSyncTimeNs": 339752400,