{
  "instance": "polyominoes_59",
  "problem_type": "polyominoes",
  "blowup_bin": "0_low_blowup",
  "blowup": 0.6456876456876457,
  "timeout_seconds": 600,
  "model": "models/polyominoes.mzn",
  "construction": {
    "nfa_glushkov": {
      "ms": [
        0.5108000004838686,
        18.064699997921707,
        5.267399999866029,
        18.162299998948583,
        19.217099998058984,
        25.335099999210797
      ],
      "ms_total": 86.55739999448997,
      "states": [
        14,
        525,
        190,
        633,
        637,
        805
      ],
      "states_total": 2804
    },
    "nfa_rbisim": {
      "ms": [
        0.5837999997311272,
        819.8439000007056,
        93.82259999983944,
        1248.2265999969968,
        1286.115200000495,
        2247.728999998799
      ],
      "ms_total": 5696.321099996567,
      "states": [
        2,
        57,
        19,
        95,
        81,
        175
      ],
      "states_total": 429
    },
    "dfa_subset": {
      "ms": [
        0.17690000095171854,
        12.410100000124658,
        2.3285999996005557,
        27.04539999831468,
        22.143800000776537,
        53.94879999948898
      ],
      "ms_total": 118.05359999925713,
      "states": [
        14,
        290,
        96,
        428,
        384,
        618
      ],
      "states_total": 1830
    },
    "dfa_min": {
      "ms": [
        0.3660000002128072,
        241.55949999840232,
        20.64310000059777,
        750.0651000009384,
        607.0687000028556,
        1748.794999999518
      ],
      "ms_total": 3368.497400002525,
      "states": [
        3,
        36,
        17,
        47,
        51,
        123
      ],
      "states_total": 277
    }
  },
  "configs": {
    "nfa": {
      "solver_id": "nl.tudelft.algorithmics.pumpkin-regular",
      "dzn": "instances_dzn/nfa/0_low_blowup/polyominoes_59.dzn",
      "status": "SATISFIED",
      "exit_code": 0,
      "stats": {
        "paths": 0,
        "flatIntVars": 37,
        "flatIntConstraints": 7,
        "method": "maximize",
        "flatTime": 0.297175,
        "initTime": 0.096637,
        "objective": 916,
        "nodes": 694,
        "restarts": 0,
        "peakDepth": 10,
        "solveTime": 149.5464011,
        "variables": 39,
        "propagators": 9,
        "failures": 674,
        "propagations": 22350,
        "nogoods": 674,
        "numAtomicConstraintsPropagated": 0,
        "regularNfaPropagatorNumber1LayeredMultigraphSyncTimeNs": 1454130500,
        "regularNfaPropagatorNumber2LayeredMultigraphSyncTimeNs": 22805998400,
        "regularNfaPropagatorNumber3LayeredMultigraphSyncTimeNs": 6159386200,
        "regularNfaPropagatorNumber4LayeredMultigraphSyncTimeNs": 26207568200,
        "regularNfaPropagatorNumber5LayeredMultigraphSyncTimeNs": 20406686700,
        "regularNfaPropagatorNumber6LayeredMultigraphSyncTimeNs": 21033011600,
        "AverageConflictSize": 70.12017804154303,
        "NumUnitNogoodsLearned": 2,
        "AverageLearnedNogoodLength": 9.762611275964392,
        "AverageBacktrackAmount": 0,
        "AverageLbd": 5.728486646884273,
        "2AutonomousSearchNumBackupCalled": 0,
        "2AutonomousSearchNumPredicatesRemoved": 0,
        "2AutonomousSearchNumCalls": 4,
        "2AutonomousSearchNumPredicatesAdded": 2031,
        "2AutonomousSearchAverageSizeOfHeap": 466.75,
        "2AutonomousSearchNumAssignedPredicatesEncountered": 1867,
        "nSolutions": 1
      },
      "layered_multigraph_sync_ms": 98066.7816,
      "errors": [],
      "stdout": "% Generated FlatZinc statistics:\n%%%mzn-stat: paths=0\n%%%mzn-stat: flatIntVars=37\n%%%mzn-stat: flatIntConstraints=7\n%%%mzn-stat: method=\"maximize\"\n%%%mzn-stat: flatTime=0.297175\n%%%mzn-stat-end\n% Logging successfully configured\n%%%mzn-stat: initTime=0.096637\n%%%mzn-stat: objective=916\n%%%mzn-stat: nodes=694\n%%%mzn-stat: restarts=0\n%%%mzn-stat: peakDepth=10\n%%%mzn-stat: solveTime=149.5464011\n%%%mzn-stat: variables=39\n%%%mzn-stat: propagators=9\n%%%mzn-stat: failures=674\n%%%mzn-stat: propagations=22350\n%%%mzn-stat: nogoods=674\n%%%mzn-stat: numAtomicConstraintsPropagated=0\n%%%mzn-stat: regularNfaPropagatorNumber1LayeredMultigraphSyncTimeNs=1454130500\n%%%mzn-stat: regularNfaPropagatorNumber2LayeredMultigraphSyncTimeNs=22805998400\n%%%mzn-stat: regularNfaPropagatorNumber3LayeredMultigraphSyncTimeNs=6159386200\n%%%mzn-stat: regularNfaPropagatorNumber4LayeredMultigraphSyncTimeNs=26207568200\n%%%mzn-stat: regularNfaPropagatorNumber5LayeredMultigraphSyncTimeNs=20406686700\n%%%mzn-stat: regularNfaPropagatorNumber6LayeredMultigraphSyncTimeNs=21033011600\n%%%mzn-stat: AverageConflictSize=70.12017804154303\n%%%mzn-stat: NumUnitNogoodsLearned=2\n%%%mzn-stat: AverageLearnedNogoodLength=9.762611275964392\n%%%mzn-stat: AverageBacktrackAmount=0\n%%%mzn-stat: AverageLbd=5.728486646884273\n%%%mzn-stat: 2AutonomousSearchNumBackupCalled=0\n%%%mzn-stat: 2AutonomousSearchNumPredicatesRemoved=0\n%%%mzn-stat: 2AutonomousSearchNumCalls=4\n%%%mzn-stat: 2AutonomousSearchNumPredicatesAdded=2031\n%%%mzn-stat: 2AutonomousSearchAverageSizeOfHeap=466.75\n%%%mzn-stat: 2AutonomousSearchNumAssignedPredicatesEncountered=1867\n%%%mzn-stat-end\nPolyominoes Solution:\nE E E E D D\nE E F F D A\nF F F F D D\nF F F F D D\nF F F B B B\nF F C C C B\n\nSummary: Used 6 tiles on a 6x6 board.\n----------\n==========\n%%%mzn-stat: initTime=0.096637\n%%%mzn-stat: objective=916\n%%%mzn-stat: nodes=694\n%%%mzn-stat: restarts=0\n%%%mzn-stat: peakDepth=10\n%%%mzn-stat: solveTime=149.5464011\n%%%mzn-stat: variables=39\n%%%mzn-stat: propagators=9\n%%%mzn-stat: failures=674\n%%%mzn-stat: propagations=22350\n%%%mzn-stat: nogoods=674\n%%%mzn-stat: numAtomicConstraintsPropagated=0\n%%%mzn-stat: regularNfaPropagatorNumber1LayeredMultigraphSyncTimeNs=1454130500\n%%%mzn-stat: regularNfaPropagatorNumber2LayeredMultigraphSyncTimeNs=22805998400\n%%%mzn-stat: regularNfaPropagatorNumber3LayeredMultigraphSyncTimeNs=6159386200\n%%%mzn-stat: regularNfaPropagatorNumber4LayeredMultigraphSyncTimeNs=26207568200\n%%%mzn-stat: regularNfaPropagatorNumber5LayeredMultigraphSyncTimeNs=20406686700\n%%%mzn-stat: regularNfaPropagatorNumber6LayeredMultigraphSyncTimeNs=21033011600\n%%%mzn-stat: AverageConflictSize=70.12017804154303\n%%%mzn-stat: NumUnitNogoodsLearned=2\n%%%mzn-stat: AverageLearnedNogoodLength=9.762611275964392\n%%%mzn-stat: AverageBacktrackAmount=0\n%%%mzn-stat: AverageLbd=5.728486646884273\n%%%mzn-stat: 2AutonomousSearchNumBackupCalled=0\n%%%mzn-stat: 2AutonomousSearchNumPredicatesRemoved=0\n%%%mzn-stat: 2AutonomousSearchNumCalls=4\n%%%mzn-stat: 2AutonomousSearchNumPredicatesAdded=2031\n%%%mzn-stat: 2AutonomousSearchAverageSizeOfHeap=466.75\n%%%mzn-stat: 2AutonomousSearchNumAssignedPredicatesEncountered=1867\n%%%mzn-stat-end\n%%%mzn-stat: nSolutions=1\n%%%mzn-stat-end\n",
      "stderr": ""
    },
    "dfa": {
      "solver_id": "nl.tudelft.algorithmics.pumpkin-regular",
      "dzn": "instances_dzn/dfa/0_low_blowup/polyominoes_59.dzn",
      "status": "SATISFIED",
      "exit_code": 0,
      "stats": {
        "paths": 0,
        "flatIntVars": 37,
        "flatIntConstraints": 7,
        "method": "maximize",
        "flatTime": 0.275172,
        "initTime": 0.0687115,
        "objective": 916,
        "nodes": 694,
        "restarts": 0,
        "peakDepth": 10,
        "solveTime": 34.9731395,
        "variables": 39,
        "propagators": 9,
        "failures": 674,
        "propagations": 22242,
        "nogoods": 674,
        "numAtomicConstraintsPropagated": 0,
        "regularDfaPropagatorNumber1LayeredMultigraphSyncTimeNs": 608049600,
        "regularDfaPropagatorNumber2LayeredMultigraphSyncTimeNs": 5498561300,
        "regularDfaPropagatorNumber3LayeredMultigraphSyncTimeNs": 2231217300,
        "regularDfaPropagatorNumber4LayeredMultigraphSyncTimeNs": 4741304900,
        "regularDfaPropagatorNumber5LayeredMultigraphSyncTimeNs": 4669942200,