{
  "instance": "polyominoes_61",
  "problem_type": "polyominoes",
  "blowup_bin": "0_low_blowup",
  "blowup": 0.6417624521072797,
  "timeout_seconds": 600,
  "model": "models/polyominoes.mzn",
  "construction": {
    "nfa_glushkov": {
      "ms": [
        58.98410000372678,
        26.818799960892648,
        29.509600019082427,
        19.476299989037216,
        53.45020000822842,
        51.03069997858256,
        63.890599994920194,
        47.24280000664294
      ],
      "ms_total": 350.4030999611132,
      "states": [
        1561,
        841,
        881,
        633,
        1209,
        1369,
        1633,
        1289
      ],
      "states_total": 9416
    },
    "nfa_rbisim": {
      "ms": [
        10733.650300011504,
        2873.444400029257,
        3065.803400008008,
        1665.7634999719448,
        6430.152799992356,
        8668.471099983435,
        12610.551899997517,
        6872.989499999676
      ],
      "ms_total": 52920.8268999937,
      "states": [
        178,
        69,
        69,
        26,
        135,
        171,
        245,
        151
      ],
      "states_total": 1044
    },
    "dfa_subset": {
      "ms": [
        282.22479997202754,
        31.241699995007366,
        38.38520002318546,
        9.34160000178963,
        106.99689999455586,
        162.25890000350773,
        257.6964000472799,
        167.29750001104549
      ],
      "ms_total": 1055.443000048399,
      "states": [
        1180,
        448,
        476,
        177,
        787,
        963,
        1233,
        964
      ],
      "states_total": 6228
    },
    "dfa_min": {
      "ms": [
        8619.190900004469,
        900.3030000021681,
        1011.0814999789,
        89.59399996092543,
        3525.157299998682,
        5138.130199979059,
        9747.505500039551,
        4993.493299989495
      ],
      "ms_total": 34024.45569995325,
      "states": [
        119,
        46,
        46,
        21,
        63,
        101,
        175,
        99
      ],
      "states_total": 670
    }
  },
  "configs": {
    "nfa": {
      "solver_id": "nl.tudelft.algorithmics.pumpkin-regular",
      "dzn": "instances_dzn/nfa/0_low_blowup/polyominoes_61.dzn",
      "status": "TIMEOUT",
      "exit_code": 0,
      "stats": {
        "paths": 0,
        "flatIntVars": 64,
        "flatIntConstraints": 8,
        "method": "satisfy",
        "flatTime": 0.299649,
        "initTime": 0.3677206,
        "nodes": 857,
        "restarts": 0,
        "peakDepth": 13,
        "solveTime": 599.3927556,
        "variables": 66,
        "propagators": 9,
        "failures": 847,
        "propagations": 24403,
        "nogoods": 847,
        "numAtomicConstraintsPropagated": 0,
        "regularNfaPropagatorNumber1LayeredMultigraphSyncTimeNs": 81842127400,
        "regularNfaPropagatorNumber2LayeredMultigraphSyncTimeNs": 35428085400,
        "regularNfaPropagatorNumber3LayeredMultigraphSyncTimeNs": 37247343500,
        "regularNfaPropagatorNumber4LayeredMultigraphSyncTimeNs": 13727316300,
        "regularNfaPropagatorNumber5LayeredMultigraphSyncTimeNs": 55773235600,
        "regularNfaPropagatorNumber6LayeredMultigraphSyncTimeNs": 65461689500,
        "regularNfaPropagatorNumber7LayeredMultigraphSyncTimeNs": 53727952500,
        "regularNfaPropagatorNumber8LayeredMultigraphSyncTimeNs": 52150960400,
        "AverageConflictSize": 169.7792207792208,
        "NumUnitNogoodsLearned": 1,
        "AverageLearnedNogoodLength": 8.061393152302243,
        "AverageBacktrackAmount": 0,
        "AverageLbd": 7.770956316410862,
        "1AutonomousSearchNumBackupCalled": 0,
        "1AutonomousSearchNumPredicatesRemoved": 0,
        "1AutonomousSearchNumCalls": 0,
        "1AutonomousSearchNumPredicatesAdded": 752,
        "1AutonomousSearchAverageSizeOfHeap": 0,
        "1AutonomousSearchNumAssignedPredicatesEncountered": 0,
        "nSolutions": 0
      },
      "layered_multigraph_sync_ms": 395358.7106,
      "errors": [],
      "stdout": "% Generated FlatZinc statistics:\r\n%%%mzn-stat: paths=0\r\n%%%mzn-stat: flatIntVars=64\r\n%%%mzn-stat: flatIntConstraints=8\r\n%%%mzn-stat: method=\"satisfy\"\r\n%%%mzn-stat: flatTime=0.299649\r\n%%%mzn-stat-end\r\n% Logging successfully configured\r\n=====UNKNOWN=====\r\n%%%mzn-stat: initTime=0.3677206\r\n%%%mzn-stat: nodes=857\r\n%%%mzn-stat: restarts=0\r\n%%%mzn-stat: peakDepth=13\r\n%%%mzn-stat: solveTime=599.3927556\r\n%%%mzn-stat: variables=66\r\n%%%mzn-stat: propagators=9\r\n%%%mzn-stat: failures=847\r\n%%%mzn-stat: propagations=24403\r\n%%%mzn-stat: nogoods=847\r\n%%%mzn-stat: numAtomicConstraintsPropagated=0\r\n%%%mzn-stat: regularNfaPropagatorNumber1LayeredMultigraphSyncTimeNs=81842127400\r\n%%%mzn-stat: regularNfaPropagatorNumber2LayeredMultigraphSyncTimeNs=35428085400\r\n%%%mzn-stat: regularNfaPropagatorNumber3LayeredMultigraphSyncTimeNs=37247343500\r\n%%%mzn-stat: regularNfaPropagatorNumber4LayeredMultigraphSyncTimeNs=13727316300\r\n%%%mzn-stat: regularNfaPropagatorNumber5LayeredMultigraphSyncTimeNs=55773235600\r\n%%%mzn-stat: regularNfaPropagatorNumber6LayeredMultigraphSyncTimeNs=65461689500\r\n%%%mzn-stat: regularNfaPropagatorNumber7LayeredMultigraphSyncTimeNs=53727952500\r\n%%%mzn-stat: regularNfaPropagatorNumber8LayeredMultigraphSyncTimeNs=52150960400\r\n%%%mzn-stat: AverageConflictSize=169.7792207792208\r\n%%%mzn-stat: NumUnitNogoodsLearned=1\r\n%%%mzn-stat: AverageLearnedNogoodLength=8.061393152302243\r\n%%%mzn-stat: AverageBacktrackAmount=0\r\n%%%mzn-stat: AverageLbd=7.770956316410862\r\n%%%mzn-stat: 1AutonomousSearchNumBackupCalled=0\r\n%%%mzn-stat: 1AutonomousSearchNumPredicatesRemoved=0\r\n%%%mzn-stat: 1AutonomousSearchNumCalls=0\r\n%%%mzn-stat: 1AutonomousSearchNumPredicatesAdded=752\r\n%%%mzn-stat: 1AutonomousSearchAverageSizeOfHeap=0\r\n%%%mzn-stat: 1AutonomousSearchNumAssignedPredicatesEncountered=0\r\n%%%mzn-stat-end\r\n%%%mzn-stat: nSolutions=0\r\n%%%mzn-stat-end\r\n",
      "stderr": ""
    },
    "dfa": {
      "solver_id": "nl.tudelft.algorithmics.pumpkin-regular",
      "dzn": "instances_dzn/dfa/0_low_blowup/polyominoes_61.dzn",
      "status": "SATISFIED",
      "exit_code": 0,
      "stats": {
        "paths": 0,
        "flatIntVars": 64,
        "flatIntConstraints": 8,
        "method": "satisfy",
        "flatTime": 0.311456,
        "nodes": 1318,
        "restarts": 0,
        "peakDepth": 14,
        "solveTime": 565.7957991,
        "variables": 66,
        "propagators": 9,
        "failures": 1309,
        "propagations": 37253,
        "nogoods": 1309,
        "numAtomicConstraintsPropagated": 0,
        "regularDfaPropagatorNumber1LayeredMultigraphSyncTimeNs": 84025006300,
        "regularDfaPropagatorNumber2LayeredMultigraphSyncTimeNs": 36299901200,
        "regularDfaPropagatorNumber3LayeredMultigraphSyncTimeNs": 37228853600,
        "regularDfaPropagatorNumber4LayeredMultigraphSyncTimeNs": 16933970300,
        "regularDfaPropagatorNumber5LayeredMultigraphSyncTimeNs": 39349724400,
        "regularDfaPropagatorNumber6LayeredMultigraphSyncTimeNs": 50576961400,
        "regularDfaPropagatorNumber7LayeredMultigraphSyncTimeNs": 57519660400,
        "regularDfaPropagatorNumber8LayeredMultigraphSyncTimeNs": 47447628700,
        "AverageConflictSize": 185.07028265851795,
        "NumUnitNogoodsLearned": 1,
        "AverageLearnedNogoodLength": 8.707410236822001,
        "AverageBacktrackAmount": 0,
        "AverageLbd": 8.439266615737203,
        "1AutonomousSearchNumBackupCalled": 0,
        "1AutonomousSearchNumPredicatesRemoved": 0,
        "1AutonomousSearchNumCalls": 1,
        "1AutonomousSearchNumPredicatesAdded": 820,
        "1AutonomousSearchAverageSizeOfHeap": 820,
        "1AutonomousSearchNumAssignedPredicatesEncountered": 820,
        "nSolutions": 1
      },
      "layered_multigraph_sync_ms": 369381.7063,
      "errors": [],