{
  "instance": "polyominoes_66",
  "problem_type": "polyominoes",
  "blowup_bin": "0_low_blowup",
  "blowup": 0.7627906976744186,
  "timeout_seconds": 600,
  "model": "models/polyominoes.mzn",
  "construction": {
    "nfa_glushkov": {
      "ms": [
        23.402300023008138,
        90.3194000129588,
        5.044399993494153,
        38.67020003963262,
        18.513299990445375,
        5.2198999910615385,
        68.17340000998229,
        9.334600006695837
      ],
      "ms_total": 258.67750006727874,
      "states": [
        763,
        2073,
        183,
        1129,
        565,
        183,
        1529,
        317
      ],
      "states_total": 6742
    },
    "nfa_rbisim": {
      "ms": [
        2403.9263000013307,
        18321.115700004157,
        108.24209998827428,
        4959.686400019564,
        1236.5920000011101,
        104.09919999074191,
        10884.25390003249,
        367.70320002688095
      ],
      "ms_total": 38385.61880006455,
      "states": [
        71,
        369,
        13,
        99,
        56,
        13,
        213,
        26
      ],
      "states_total": 860
    },
    "dfa_subset": {
      "ms": [
        30.892100010532886,
        520.992900012061,
        2.8806999907828867,
        72.1995000494644,
        24.032299988903105,
        2.833499980624765,
        195.42250002268702,
        7.00360001064837
      ],
      "ms_total": 856.2571000657044,
      "states": [
        432,
        1749,
        92,
        674,
        375,
        92,
        1138,
        177
      ],
      "states_total": 4729
    },
    "dfa_min": {
      "ms": [
        853.4604999586008,
        20689.569199981634,
        19.285599992144853,
        2148.340300016571,
        633.0497000017203,
        19.61929997196421,
        8546.388000017032,
        77.43430003756657
      ],
      "ms_total": 32987.14689997723,
      "states": [
        57,
        311,
        12,
        65,
        41,
        12,
        137,
        21
      ],
      "states_total": 656
    }
  },
  "configs": {
    "nfa": {
      "solver_id": "nl.tudelft.algorithmics.pumpkin-regular",
      "dzn": "instances_dzn/nfa/0_low_blowup/polyominoes_66.dzn",
      "status": "SATISFIED",
      "exit_code": 0,
      "stats": {
        "paths": 0,
        "flatIntVars": 64,
        "flatIntConstraints": 8,
        "method": "satisfy",
        "flatTime": 0.321293,
        "nodes": 34,
        "restarts": 0,
        "peakDepth": 9,
        "solveTime": 14.2126687,
        "variables": 66,
        "propagators": 9,
        "failures": 27,
        "propagations": 761,
        "nogoods": 27,
        "numAtomicConstraintsPropagated": 0,
        "regularNfaPropagatorNumber1LayeredMultigraphSyncTimeNs": 1054592300,
        "regularNfaPropagatorNumber2LayeredMultigraphSyncTimeNs": 2386327500,
        "regularNfaPropagatorNumber3LayeredMultigraphSyncTimeNs": 220170000,
        "regularNfaPropagatorNumber4LayeredMultigraphSyncTimeNs": 1644427000,
        "regularNfaPropagatorNumber5LayeredMultigraphSyncTimeNs": 799760400,
        "regularNfaPropagatorNumber6LayeredMultigraphSyncTimeNs": 215586900,
        "regularNfaPropagatorNumber7LayeredMultigraphSyncTimeNs": 1858232800,
        "regularNfaPropagatorNumber8LayeredMultigraphSyncTimeNs": 387861100,
        "AverageConflictSize": 199.03703703703704,
        "NumUnitNogoodsLearned": 0,
        "AverageLearnedNogoodLength": 7.074074074074074,
        "AverageBacktrackAmount": 0,
        "AverageLbd": 7.074074074074074,
        "1AutonomousSearchNumBackupCalled": 0,
        "1AutonomousSearchNumPredicatesRemoved": 0,
        "1AutonomousSearchNumCalls": 1,
        "1AutonomousSearchNumPredicatesAdded": 296,
        "1AutonomousSearchAverageSizeOfHeap": 296,
        "1AutonomousSearchNumAssignedPredicatesEncountered": 296,
        "nSolutions": 1
      },
      "layered_multigraph_sync_ms": 8566.958,
      "errors": [],
      "stdout": "% Generated FlatZinc statistics:\r\n%%%mzn-stat: paths=0\r\n%%%mzn-stat: flatIntVars=64\r\n%%%mzn-stat: flatIntConstraints=8\r\n%%%mzn-stat: method=\"satisfy\"\r\n%%%mzn-stat: flatTime=0.321293\r\n%%%mzn-stat-end\r\n% Logging successfully configured\r\n%%%mzn-stat: nodes=34\r\n%%%mzn-stat: restarts=0\r\n%%%mzn-stat: peakDepth=9\r\n%%%mzn-stat: solveTime=14.2126687\r\n%%%mzn-stat: variables=66\r\n%%%mzn-stat: propagators=9\r\n%%%mzn-stat: failures=27\r\n%%%mzn-stat: propagations=761\r\n%%%mzn-stat: nogoods=27\r\n%%%mzn-stat: numAtomicConstraintsPropagated=0\r\n%%%mzn-stat: regularNfaPropagatorNumber1LayeredMultigraphSyncTimeNs=1054592300\r\n%%%mzn-stat: regularNfaPropagatorNumber2LayeredMultigraphSyncTimeNs=2386327500\r\n%%%mzn-stat: regularNfaPropagatorNumber3LayeredMultigraphSyncTimeNs=220170000\r\n%%%mzn-stat: regularNfaPropagatorNumber4LayeredMultigraphSyncTimeNs=1644427000\r\n%%%mzn-stat: regularNfaPropagatorNumber5LayeredMultigraphSyncTimeNs=799760400\r\n%%%mzn-stat: regularNfaPropagatorNumber6LayeredMultigraphSyncTimeNs=215586900\r\n%%%mzn-stat: regularNfaPropagatorNumber7LayeredMultigraphSyncTimeNs=1858232800\r\n%%%mzn-stat: regularNfaPropagatorNumber8LayeredMultigraphSyncTimeNs=387861100\r\n%%%mzn-stat: AverageConflictSize=199.03703703703704\r\n%%%mzn-stat: NumUnitNogoodsLearned=0\r\n%%%mzn-stat: AverageLearnedNogoodLength=7.074074074074074\r\n%%%mzn-stat: AverageBacktrackAmount=0\r\n%%%mzn-stat: AverageLbd=7.074074074074074\r\n%%%mzn-stat: 1AutonomousSearchNumBackupCalled=0\r\n%%%mzn-stat: 1AutonomousSearchNumPredicatesRemoved=0\r\n%%%mzn-stat: 1AutonomousSearchNumCalls=1\r\n%%%mzn-stat: 1AutonomousSearchNumPredicatesAdded=296\r\n%%%mzn-stat: 1AutonomousSearchAverageSizeOfHeap=296\r\n%%%mzn-stat: 1AutonomousSearchNumAssignedPredicatesEncountered=296\r\n%%%mzn-stat-end\r\nPolyominoes Solution:\r\nA A A C C E E E\r\nA A A H F B B E\r\nG A H H F B B E\r\nG G B B B B B B\r\nG G G D B B B B\r\nG G G D B B B B\r\nG G G D B B B B\r\nG G G D D B B B\r\n\r\nSummary: Used 8 tiles on a 8x8 board.\r\n----------\r\n%%%mzn-stat: nSolutions=1\r\n%%%mzn-stat-end\r\n",
      "stderr": ""
    },
    "dfa": {
      "solver_id": "nl.tudelft.algorithmics.pumpkin-regular",
      "dzn": "instances_dzn/dfa/0_low_blowup/polyominoes_66.dzn",
      "status": "SATISFIED",
      "exit_code": 0,
      "stats": {
        "paths": 0,
        "flatIntVars": 64,
        "flatIntConstraints": 8,
        "method": "satisfy",
        "flatTime": 0.297057,
        "nodes": 34,
        "restarts": 0,
        "peakDepth": 9,
        "solveTime": 11.3470031,
        "variables": 66,
        "propagators": 9,
        "failures": 27,
        "propagations": 761,
        "nogoods": 27,
        "numAtomicConstraintsPropagated": 0,
        "regularDfaPropagatorNumber1LayeredMultigraphSyncTimeNs": 941416800,
        "regularDfaPropagatorNumber2LayeredMultigraphSyncTimeNs": 2047604000,
        "regularDfaPropagatorNumber3LayeredMultigraphSyncTimeNs": 208172500,
        "regularDfaPropagatorNumber4LayeredMultigraphSyncTimeNs": 1095387000,
        "regularDfaPropagatorNumber5LayeredMultigraphSyncTimeNs": 592510200,
        "regularDfaPropagatorNumber6LayeredMultigraphSyncTimeNs": 202804300,
        "regularDfaPropagatorNumber7LayeredMultigraphSyncTimeNs": 1226757100,
        "regularDfaPropagatorNumber8LayeredMultigraphSyncTimeNs": 307846800,
        "AverageConflictSize": 199.03703703703704,
        "NumUnitNogoodsLearned": 0,
        "AverageLearnedNogoodLength": 7.074074074074074,
        "AverageBacktrackAmount": 0,
        "AverageLbd": 7.074074074074074,
        "1AutonomousSearchNumBackupCalled": 0,
        "1AutonomousSearchNumPredicatesRemoved": 0,
        "1AutonomousSearchNumCalls": 1,
        "1AutonomousSearchNumPredicatesAdded": 296,
        "1AutonomousSearchAverageSizeOfHeap": 296,
        "1AutonomousSearchNumAssignedPredicatesEncountered": 296,
        "nSolutions": 1
      },
      "layered_multigraph_sync_ms": 6622.4987,
      "errors": [],