{
  "instance": "polyominoes_80",
  "problem_type": "polyominoes",
  "blowup_bin": "0_low_blowup",
  "blowup": 0.6538922155688622,
  "timeout_seconds": 600,
  "model": "models/polyominoes.mzn",
  "construction": {
    "nfa_glushkov": {
      "ms": [
        51.1141000315547,
        19.50990001205355,
        49.016500008292496,
        4.9792000208981335,
        74.99560003634542,
        4.974799987394363,
        48.14329999499023,
        48.98429999593645
      ],
      "ms_total": 301.71770008746535,
      "states": [
        1321,
        633,
        1377,
        183,
        1817,
        183,
        1337,
        1073
      ],
      "states_total": 7924
    },
    "nfa_rbisim": {
      "ms": [
        7417.61119995499,
        1805.8432000107132,
        9266.123999957927,
        106.63500003283843,
        14814.777400053572,
        103.94539998378605,
        8262.248100014403,
        5055.603899993002
      ],
      "ms_total": 46832.78820000123,
      "states": [
        145,
        26,
        187,
        13,
        229,
        13,
        158,
        64
      ],
      "states_total": 835
    },
    "dfa_subset": {
      "ms": [
        135.42649999726564,
        9.31329996092245,
        118.06870001601055,
        2.854399965144694,
        297.46789997443557,
        2.8114999877288938,
        104.55990000627935,
        33.2973999902606
      ],
      "ms_total": 703.7995998980477,
      "states": [
        930,
        177,
        888,
        92,
        1322,
        92,
        852,
        404
      ],
      "states_total": 4757
    },
    "dfa_min": {
      "ms": [
        4661.942899983842,
        75.59800002491102,
        4800.209999957588,
        19.085399981122464,
        11188.32030001795,
        30.851799994707108,
        3915.347500005737,
        716.979100019671
      ],
      "ms_total": 25408.334999985527,
      "states": [
        95,
        21,
        116,
        12,
        147,
        12,
        100,
        43
      ],
      "states_total": 546
    }
  },
  "configs": {
    "nfa": {
      "solver_id": "nl.tudelft.algorithmics.pumpkin-regular",
      "dzn": "instances_dzn/nfa/0_low_blowup/polyominoes_80.dzn",
      "status": "SATISFIED",
      "exit_code": 0,
      "stats": {
        "paths": 0,
        "flatIntVars": 64,
        "flatIntConstraints": 8,
        "method": "satisfy",
        "flatTime": 0.289641,
        "nodes": 270,
        "restarts": 0,
        "peakDepth": 11,
        "solveTime": 133.7981433,
        "variables": 66,
        "propagators": 9,
        "failures": 265,
        "propagations": 7236,
        "nogoods": 265,
        "numAtomicConstraintsPropagated": 0,
        "regularNfaPropagatorNumber1LayeredMultigraphSyncTimeNs": 17529424300,
        "regularNfaPropagatorNumber2LayeredMultigraphSyncTimeNs": 4690536900,
        "regularNfaPropagatorNumber3LayeredMultigraphSyncTimeNs": 18067695200,
        "regularNfaPropagatorNumber4LayeredMultigraphSyncTimeNs": 2071134900,
        "regularNfaPropagatorNumber5LayeredMultigraphSyncTimeNs": 22328358800,
        "regularNfaPropagatorNumber6LayeredMultigraphSyncTimeNs": 1811135000,
        "regularNfaPropagatorNumber7LayeredMultigraphSyncTimeNs": 13336974500,
        "regularNfaPropagatorNumber8LayeredMultigraphSyncTimeNs": 6153232700,
        "AverageConflictSize": 192.3056603773585,
        "NumUnitNogoodsLearned": 0,
        "AverageLearnedNogoodLength": 6.939622641509434,
        "AverageBacktrackAmount": 0,
        "AverageLbd": 6.935849056603773,
        "1AutonomousSearchNumBackupCalled": 0,
        "1AutonomousSearchNumPredicatesRemoved": 0,
        "1AutonomousSearchNumCalls": 1,
        "1AutonomousSearchNumPredicatesAdded": 470,
        "1AutonomousSearchAverageSizeOfHeap": 470,
        "1AutonomousSearchNumAssignedPredicatesEncountered": 470,
        "nSolutions": 1
      },
      "layered_multigraph_sync_ms": 85988.4923,
      "errors": [],
      "stdout": "% Generated FlatZinc statistics:\r\n%%%mzn-stat: paths=0\r\n%%%mzn-stat: flatIntVars=64\r\n%%%mzn-stat: flatIntConstraints=8\r\n%%%mzn-stat: method=\"satisfy\"\r\n%%%mzn-stat: flatTime=0.289641\r\n%%%mzn-stat-end\r\n% Logging successfully configured\r\n%%%mzn-stat: nodes=270\r\n%%%mzn-stat: restarts=0\r\n%%%mzn-stat: peakDepth=11\r\n%%%mzn-stat: solveTime=133.7981433\r\n%%%mzn-stat: variables=66\r\n%%%mzn-stat: propagators=9\r\n%%%mzn-stat: failures=265\r\n%%%mzn-stat: propagations=7236\r\n%%%mzn-stat: nogoods=265\r\n%%%mzn-stat: numAtomicConstraintsPropagated=0\r\n%%%mzn-stat: regularNfaPropagatorNumber1LayeredMultigraphSyncTimeNs=17529424300\r\n%%%mzn-stat: regularNfaPropagatorNumber2LayeredMultigraphSyncTimeNs=4690536900\r\n%%%mzn-stat: regularNfaPropagatorNumber3LayeredMultigraphSyncTimeNs=18067695200\r\n%%%mzn-stat: regularNfaPropagatorNumber4LayeredMultigraphSyncTimeNs=2071134900\r\n%%%mzn-stat: regularNfaPropagatorNumber5LayeredMultigraphSyncTimeNs=22328358800\r\n%%%mzn-stat: regularNfaPropagatorNumber6LayeredMultigraphSyncTimeNs=1811135000\r\n%%%mzn-stat: regularNfaPropagatorNumber7LayeredMultigraphSyncTimeNs=13336974500\r\n%%%mzn-stat: regularNfaPropagatorNumber8LayeredMultigraphSyncTimeNs=6153232700\r\n%%%mzn-stat: AverageConflictSize=192.3056603773585\r\n%%%mzn-stat: NumUnitNogoodsLearned=0\r\n%%%mzn-stat: AverageLearnedNogoodLength=6.939622641509434\r\n%%%mzn-stat: AverageBacktrackAmount=0\r\n%%%mzn-stat: AverageLbd=6.935849056603773\r\n%%%mzn-stat: 1AutonomousSearchNumBackupCalled=0\r\n%%%mzn-stat: 1AutonomousSearchNumPredicatesRemoved=0\r\n%%%mzn-stat: 1AutonomousSearchNumCalls=1\r\n%%%mzn-stat: 1AutonomousSearchNumPredicatesAdded=470\r\n%%%mzn-stat: 1AutonomousSearchAverageSizeOfHeap=470\r\n%%%mzn-stat: 1AutonomousSearchNumAssignedPredicatesEncountered=470\r\n%%%mzn-stat-end\r\nPolyominoes Solution:\r\nA A A A A E E D\r\nH A A F F E E D\r\nH H B B E E E E\r\nH H H B E E G G\r\nC C C E E E G G\r\nC C C C C G G G\r\nC C C C C G G G\r\nC C C C C G G G\r\n\r\nSummary: Used 8 tiles on a 8x8 board.\r\n----------\r\n%%%mzn-stat: nSolutions=1\r\n%%%mzn-stat-end\r\n",
      "stderr": ""
    },
    "dfa": {
      "solver_id": "nl.tudelft.algorithmics.pumpkin-regular",
      "dzn": "instances_dzn/dfa/0_low_blowup/polyominoes_80.dzn",
      "status": "SATISFIED",
      "exit_code": 0,
      "stats": {
        "paths": 0,
        "flatIntVars": 64,
        "flatIntConstraints": 8,
        "method": "satisfy",
        "flatTime": 0.272036,
        "nodes": 270,
        "restarts": 0,
        "peakDepth": 11,
        "solveTime": 91.2949457,
        "variables": 66,
        "propagators": 9,
        "failures": 265,
        "propagations": 7224,
        "nogoods": 265,
        "numAtomicConstraintsPropagated": 0,
        "regularDfaPropagatorNumber1LayeredMultigraphSyncTimeNs": 11781112200,
        "regularDfaPropagatorNumber2LayeredMultigraphSyncTimeNs": 3936641400,
        "regularDfaPropagatorNumber3LayeredMultigraphSyncTimeNs": 11517635200,
        "regularDfaPropagatorNumber4LayeredMultigraphSyncTimeNs": 1919843200,
        "regularDfaPropagatorNumber5LayeredMultigraphSyncTimeNs": 14420323100,
        "regularDfaPropagatorNumber6LayeredMultigraphSyncTimeNs": 1703787700,
        "regularDfaPropagatorNumber7LayeredMultigraphSyncTimeNs": 8663683900,
        "regularDfaPropagatorNumber8LayeredMultigraphSyncTimeNs": 4118321300,
        "AverageConflictSize": 192.3056603773585,
        "NumUnitNogoodsLearned": 0,
        "AverageLearnedNogoodLength": 6.939622641509434,
        "AverageBacktrackAmount": 0,
        "AverageLbd": 6.935849056603773,
        "1AutonomousSearchNumBackupCalled": 0,
        "1AutonomousSearchNumPredicatesRemoved": 0,
        "1AutonomousSearchNumCalls": 1,
        "1AutonomousSearchNumPredicatesAdded": 470,
        "1AutonomousSearchAverageSizeOfHeap": 470,
        "1AutonomousSearchNumAssignedPredicatesEncountered": 470,
        "nSolutions": 1
      },
      "layered_multigraph_sync_ms": 58061.348,
      "errors": [],