{
  "instance": "polyominoes_24",
  "problem_type": "polyominoes",
  "blowup_bin": "0_low_blowup",
  "blowup": 0.822665883734586,
  "timeout_seconds": 600,
  "model": "models/polyominoes.mzn",
  "construction": {
    "nfa_glushkov": {
      "ms": [
        97.20639999795821,
        63.60340000173892,
        43.42499999984284,
        89.35570000176085,
        0.4760000010719523
      ],
      "ms_total": 294.0665000023728,
      "states": [
        2207,
        1663,
        1257,
        1879,
        12
      ],
      "states_total": 7018
    },
    "nfa_rbisim": {
      "ms": [
        20132.32760000028,
        10288.714399997843,
        6522.494799999549,
        13636.15099999879,
        0.3844999991997611
      ],
      "ms_total": 50580.07229999566,
      "states": [
        500,
        424,
        234,
        543,
        2
      ],
      "states_total": 1703
    },
    "dfa_subset": {
      "ms": [
        552.9571000006399,
        302.48060000303667,
        81.39200000005076,
        365.9969000000274,
        0.13799999942420982
      ],
      "ms_total": 1302.964600003179,
      "states": [
        1988,
        1488,
        842,
        1659,
        12
      ],
      "states_total": 5989
    },
    "dfa_min": {
      "ms": [
        21189.07930000205,
        11873.520900000585,
        3249.338899997383,
        15951.764299999923,
        0.28640000164159574
      ],
      "ms_total": 52263.98980000158,
      "states": [
        425,
        369,
        117,
        487,
        3
      ],
      "states_total": 1401
    }
  },
  "configs": {
    "nfa": {
      "solver_id": "nl.tudelft.algorithmics.pumpkin-regular",
      "dzn": "instances_dzn/nfa/0_low_blowup/polyominoes_24.dzn",
      "status": "SATISFIED",
      "exit_code": 0,
      "stats": {
        "paths": 0,
        "flatIntVars": 101,
        "flatIntConstraints": 6,
        "method": "maximize",
        "flatTime": 0.302104,
        "initTime": 0.806179,
        "objective": 1573,
        "nodes": 46,
        "restarts": 0,
        "peakDepth": 9,
        "solveTime": 69.735235,
        "variables": 103,
        "propagators": 8,
        "failures": 35,
        "propagations": 1246,
        "nogoods": 35,
        "numAtomicConstraintsPropagated": 0,
        "regularNfaPropagatorNumber1LayeredMultigraphSyncTimeNs": 6748749500,
        "regularNfaPropagatorNumber2LayeredMultigraphSyncTimeNs": 9596707200,
        "regularNfaPropagatorNumber3LayeredMultigraphSyncTimeNs": 6498563700,
        "regularNfaPropagatorNumber4LayeredMultigraphSyncTimeNs": 7399317600,
        "regularNfaPropagatorNumber5LayeredMultigraphSyncTimeNs": 75786600,
        "AverageConflictSize": 134.62857142857143,
        "NumUnitNogoodsLearned": 1,
        "AverageLearnedNogoodLength": 31.62857142857143,
        "AverageBacktrackAmount": 0,
        "AverageLbd": 4.0285714285714285,
        "2AutonomousSearchNumBackupCalled": 0,
        "2AutonomousSearchNumPredicatesRemoved": 0,
        "2AutonomousSearchNumCalls": 2,
        "2AutonomousSearchNumPredicatesAdded": 1792,
        "2AutonomousSearchAverageSizeOfHeap": 534.5,
        "2AutonomousSearchNumAssignedPredicatesEncountered": 1069,
        "nSolutions": 1
      },
      "layered_multigraph_sync_ms": 30319.1246,
      "errors": [],
      "stdout": "% Generated FlatZinc statistics:\n%%%mzn-stat: paths=0\n%%%mzn-stat: flatIntVars=101\n%%%mzn-stat: flatIntConstraints=6\n%%%mzn-stat: method=\"maximize\"\n%%%mzn-stat: flatTime=0.302104\n%%%mzn-stat-end\n% Logging successfully configured\n%%%mzn-stat: initTime=0.806179\n%%%mzn-stat: objective=1573\n%%%mzn-stat: nodes=46\n%%%mzn-stat: restarts=0\n%%%mzn-stat: peakDepth=9\n%%%mzn-stat: solveTime=69.735235\n%%%mzn-stat: variables=103\n%%%mzn-stat: propagators=8\n%%%mzn-stat: failures=35\n%%%mzn-stat: propagations=1246\n%%%mzn-stat: nogoods=35\n%%%mzn-stat: numAtomicConstraintsPropagated=0\n%%%mzn-stat: regularNfaPropagatorNumber1LayeredMultigraphSyncTimeNs=6748749500\n%%%mzn-stat: regularNfaPropagatorNumber2LayeredMultigraphSyncTimeNs=9596707200\n%%%mzn-stat: regularNfaPropagatorNumber3LayeredMultigraphSyncTimeNs=6498563700\n%%%mzn-stat: regularNfaPropagatorNumber4LayeredMultigraphSyncTimeNs=7399317600\n%%%mzn-stat: regularNfaPropagatorNumber5LayeredMultigraphSyncTimeNs=75786600\n%%%mzn-stat: AverageConflictSize=134.62857142857143\n%%%mzn-stat: NumUnitNogoodsLearned=1\n%%%mzn-stat: AverageLearnedNogoodLength=31.62857142857143\n%%%mzn-stat: AverageBacktrackAmount=0\n%%%mzn-stat: AverageLbd=4.0285714285714285\n%%%mzn-stat: 2AutonomousSearchNumBackupCalled=0\n%%%mzn-stat: 2AutonomousSearchNumPredicatesRemoved=0\n%%%mzn-stat: 2AutonomousSearchNumCalls=2\n%%%mzn-stat: 2AutonomousSearchNumPredicatesAdded=1792\n%%%mzn-stat: 2AutonomousSearchAverageSizeOfHeap=534.5\n%%%mzn-stat: 2AutonomousSearchNumAssignedPredicatesEncountered=1069\n%%%mzn-stat-end\nPolyominoes Solution:\nC C C C C C A A A A\nC C C C C C A A A A\nC C B C C C D A A A\nB B B D D D D D D A\nB B D D D D D D D A\nB B B B D D D D D A\nB B B B D D D D D A\nB B B D D D D D A A\nB B B B D D D D A A\nB B B E D D D A A A\n\nSummary: Used 5 tiles on a 10x10 board.\n----------\n==========\n%%%mzn-stat: initTime=0.806179\n%%%mzn-stat: objective=1573\n%%%mzn-stat: nodes=46\n%%%mzn-stat: restarts=0\n%%%mzn-stat: peakDepth=9\n%%%mzn-stat: solveTime=69.735235\n%%%mzn-stat: variables=103\n%%%mzn-stat: propagators=8\n%%%mzn-stat: failures=35\n%%%mzn-stat: propagations=1246\n%%%mzn-stat: nogoods=35\n%%%mzn-stat: numAtomicConstraintsPropagated=0\n%%%mzn-stat: regularNfaPropagatorNumber1LayeredMultigraphSyncTimeNs=6748749500\n%%%mzn-stat: regularNfaPropagatorNumber2LayeredMultigraphSyncTimeNs=9596707200\n%%%mzn-stat: regularNfaPropagatorNumber3LayeredMultigraphSyncTimeNs=6498563700\n%%%mzn-stat: regularNfaPropagatorNumber4LayeredMultigraphSyncTimeNs=7399317600\n%%%mzn-stat: regularNfaPropagatorNumber5LayeredMultigraphSyncTimeNs=75786600\n%%%mzn-stat: AverageConflictSize=134.62857142857143\n%%%mzn-stat: NumUnitNogoodsLearned=1\n%%%mzn-stat: AverageLearnedNogoodLength=31.62857142857143\n%%%mzn-stat: AverageBacktrackAmount=0\n%%%mzn-stat: AverageLbd=4.0285714285714285\n%%%mzn-stat: 2AutonomousSearchNumBackupCalled=0\n%%%mzn-stat: 2AutonomousSearchNumPredicatesRemoved=0\n%%%mzn-stat: 2AutonomousSearchNumCalls=2\n%%%mzn-stat: 2AutonomousSearchNumPredicatesAdded=1792\n%%%mzn-stat: 2AutonomousSearchAverageSizeOfHeap=534.5\n%%%mzn-stat: 2AutonomousSearchNumAssignedPredicatesEncountered=1069\n%%%mzn-stat-end\n%%%mzn-stat: nSolutions=1\n%%%mzn-stat-end\n",
      "stderr": ""
    },
    "dfa": {
      "solver_id": "nl.tudelft.algorithmics.pumpkin-regular",
      "dzn": "instances_dzn/dfa/0_low_blowup/polyominoes_24.dzn",
      "status": "SATISFIED",
      "exit_code": 0,
      "stats": {
        "paths": 0,
        "flatIntVars": 101,
        "flatIntConstraints": 6,
        "method": "maximize",
        "flatTime": 0.286624,
        "initTime": 0.7435503,
        "objective": 1573,
        "nodes": 46,
        "restarts": 0,
        "peakDepth": 9,
        "solveTime": 37.7706794,
        "variables": 103,
        "propagators": 8,
        "failures": 35,
        "propagations": 1236,
        "nogoods": 35,
        "numAtomicConstraintsPropagated": 0,
        "regularDfaPropagatorNumber1LayeredMultigraphSyncTimeNs": 3620785000,
        "regularDfaPropagatorNumber2LayeredMultigraphSyncTimeNs": 5270710200,
        "regularDfaPropagatorNumber3LayeredMultigraphSyncTimeNs": 2016051800,
        "regularDfaPropagatorNumber4LayeredMultigraphSyncTimeNs": 4626173400,
        "regularDfaPropagatorNumber5LayeredMultigraphSyncTimeNs": 52780900,
        "AverageConflictSize": 134.62857142857143,
        "NumUnitNogoodsLearned": 1,
        "AverageLearnedNogoodLength": 31.62857142857143,
        "AverageBacktrackAmount": 0,
        "AverageLbd": 4.0285714285714285,
        "2AutonomousSearchNumBackupCalled": 0,
        "2AutonomousSearchNumPredicatesRemoved": 0,