{
  "instance": "polyominoes_24",
  "problem_type": "polyominoes",
  "blowup_bin": "0_low_blowup",
  "blowup": 0.6696165191740413,
  "timeout_seconds": 600,
  "model": "models/polyominoes.mzn",
  "construction": {
    "nfa_glushkov": {
      "ms": [
        142.98589999089018,
        88.21879996685311,
        74.67080000787973,
        9.159900015220046,
        91.72540000872687,
        95.30449996236712,
        45.197199971880764,
        5.655699991621077
      ],
      "ms_total": 552.9181999154389,
      "states": [
        1697,
        1689,
        1257,
        183,
        1257,
        1841,
        841,
        153
      ],
      "states_total": 8918
    },
    "nfa_rbisim": {
      "ms": [
        16866.954900033306,
        16619.45790000027,
        9511.007699999027,
        209.49659997131675,
        10770.245800027624,
        21167.906299990136,
        3801.2510999687947,
        129.72299999091774
      ],
      "ms_total": 79076.0432999814,
      "states": [
        256,
        212,
        138,
        13,
        138,
        179,
        69,
        12
      ],
      "states_total": 1017
    },
    "dfa_subset": {
      "ms": [
        424.6244999812916,
        395.2759000239894,
        130.33730001188815,
        5.9711000067181885,
        131.72890001442283,
        307.84939997829497,
        39.968599972780794,
        3.010100044775754
      ],
      "ms_total": 1438.7658000341617,
      "states": [
        1349,
        1263,
        832,
        92,
        832,
        1167,
        448,
        77
      ],
      "states_total": 6060
    },
    "dfa_min": {
      "ms": [
        14145.147499977611,
        12272.423299960792,
        5095.034600002691,
        42.04489995026961,
        4963.899199967273,
        10343.862700043246,
        997.5512999808416,
        24.423700000625104
      ],
      "ms_total": 47884.38719988335,
      "states": [
        195,
        143,
        89,
        12,
        89,
        94,
        46,
        13
      ],
      "states_total": 681
    }
  },
  "configs": {
    "nfa": {
      "solver_id": "nl.tudelft.algorithmics.pumpkin-regular",
      "dzn": "instances_dzn/nfa/0_low_blowup/polyominoes_24.dzn",
      "status": "SATISFIED",
      "exit_code": 0,
      "stats": {
        "paths": 0,
        "flatIntVars": 64,
        "flatIntConstraints": 8,
        "method": "satisfy",
        "flatTime": 0.328455,
        "nodes": 61,
        "restarts": 0,
        "peakDepth": 7,
        "solveTime": 98.7175281,
        "variables": 66,
        "propagators": 9,
        "failures": 54,
        "propagations": 1497,
        "nogoods": 54,
        "numAtomicConstraintsPropagated": 0,
        "regularNfaPropagatorNumber1LayeredMultigraphSyncTimeNs": 13900009500,
        "regularNfaPropagatorNumber2LayeredMultigraphSyncTimeNs": 14543886500,
        "regularNfaPropagatorNumber3LayeredMultigraphSyncTimeNs": 9456855800,
        "regularNfaPropagatorNumber4LayeredMultigraphSyncTimeNs": 1185585600,
        "regularNfaPropagatorNumber5LayeredMultigraphSyncTimeNs": 9078648200,
        "regularNfaPropagatorNumber6LayeredMultigraphSyncTimeNs": 11242011800,
        "regularNfaPropagatorNumber7LayeredMultigraphSyncTimeNs": 5213923300,
        "regularNfaPropagatorNumber8LayeredMultigraphSyncTimeNs": 729159900,
        "AverageConflictSize": 317.94444444444446,
        "NumUnitNogoodsLearned": 0,
        "AverageLearnedNogoodLength": 5.2407407407407405,
        "AverageBacktrackAmount": 0,
        "AverageLbd": 5.2407407407407405,
        "1AutonomousSearchNumBackupCalled": 0,
        "1AutonomousSearchNumPredicatesRemoved": 0,
        "1AutonomousSearchNumCalls": 1,
        "1AutonomousSearchNumPredicatesAdded": 351,
        "1AutonomousSearchAverageSizeOfHeap": 351,
        "1AutonomousSearchNumAssignedPredicatesEncountered": 351,
        "nSolutions": 1
      },
      "layered_multigraph_sync_ms": 65350.0806,
      "errors": [],
      "stdout": "% Generated FlatZinc statistics:\r\n%%%mzn-stat: paths=0\r\n%%%mzn-stat: flatIntVars=64\r\n%%%mzn-stat: flatIntConstraints=8\r\n%%%mzn-stat: method=\"satisfy\"\r\n%%%mzn-stat: flatTime=0.328455\r\n%%%mzn-stat-end\r\n% Logging successfully configured\r\n%%%mzn-stat: nodes=61\r\n%%%mzn-stat: restarts=0\r\n%%%mzn-stat: peakDepth=7\r\n%%%mzn-stat: solveTime=98.7175281\r\n%%%mzn-stat: variables=66\r\n%%%mzn-stat: propagators=9\r\n%%%mzn-stat: failures=54\r\n%%%mzn-stat: propagations=1497\r\n%%%mzn-stat: nogoods=54\r\n%%%mzn-stat: numAtomicConstraintsPropagated=0\r\n%%%mzn-stat: regularNfaPropagatorNumber1LayeredMultigraphSyncTimeNs=13900009500\r\n%%%mzn-stat: regularNfaPropagatorNumber2LayeredMultigraphSyncTimeNs=14543886500\r\n%%%mzn-stat: regularNfaPropagatorNumber3LayeredMultigraphSyncTimeNs=9456855800\r\n%%%mzn-stat: regularNfaPropagatorNumber4LayeredMultigraphSyncTimeNs=1185585600\r\n%%%mzn-stat: regularNfaPropagatorNumber5LayeredMultigraphSyncTimeNs=9078648200\r\n%%%mzn-stat: regularNfaPropagatorNumber6LayeredMultigraphSyncTimeNs=11242011800\r\n%%%mzn-stat: regularNfaPropagatorNumber7LayeredMultigraphSyncTimeNs=5213923300\r\n%%%mzn-stat: regularNfaPropagatorNumber8LayeredMultigraphSyncTimeNs=729159900\r\n%%%mzn-stat: AverageConflictSize=317.94444444444446\r\n%%%mzn-stat: NumUnitNogoodsLearned=0\r\n%%%mzn-stat: AverageLearnedNogoodLength=5.2407407407407405\r\n%%%mzn-stat: AverageBacktrackAmount=0\r\n%%%mzn-stat: AverageLbd=5.2407407407407405\r\n%%%mzn-stat: 1AutonomousSearchNumBackupCalled=0\r\n%%%mzn-stat: 1AutonomousSearchNumPredicatesRemoved=0\r\n%%%mzn-stat: 1AutonomousSearchNumCalls=1\r\n%%%mzn-stat: 1AutonomousSearchNumPredicatesAdded=351\r\n%%%mzn-stat: 1AutonomousSearchAverageSizeOfHeap=351\r\n%%%mzn-stat: 1AutonomousSearchNumAssignedPredicatesEncountered=351\r\n%%%mzn-stat-end\r\nPolyominoes Solution:\r\nA A A A A G G G\r\nA A A A A A G G\r\nA A A A B B B B\r\nC C A B B B E E\r\nC C B B B B E E\r\nC C D H H F E E\r\nC C D H H F E E\r\nC F F F F F F E\r\n\r\nSummary: Used 8 tiles on a 8x8 board.\r\n----------\r\n%%%mzn-stat: nSolutions=1\r\n%%%mzn-stat-end\r\n",
      "stderr": ""
    },
    "dfa": {
      "solver_id": "nl.tudelft.algorithmics.pumpkin-regular",
      "dzn": "instances_dzn/dfa/0_low_blowup/polyominoes_24.dzn",
      "status": "SATISFIED",
      "exit_code": 0,
      "stats": {
        "paths": 0,
        "flatIntVars": 64,
        "flatIntConstraints": 8,
        "method": "satisfy",
        "flatTime": 0.323659,
        "nodes": 61,
        "restarts": 0,
        "peakDepth": 7,
        "solveTime": 59.8603552,
        "variables": 66,
        "propagators": 9,
        "failures": 54,
        "propagations": 1502,
        "nogoods": 54,
        "numAtomicConstraintsPropagated": 0,
        "regularDfaPropagatorNumber1LayeredMultigraphSyncTimeNs": 9984108800,
        "regularDfaPropagatorNumber2LayeredMultigraphSyncTimeNs": 8507444800,
        "regularDfaPropagatorNumber3LayeredMultigraphSyncTimeNs": 5758333600,
        "regularDfaPropagatorNumber4LayeredMultigraphSyncTimeNs": 1012958200,
        "regularDfaPropagatorNumber5LayeredMultigraphSyncTimeNs": 5464510300,
        "regularDfaPropagatorNumber6LayeredMultigraphSyncTimeNs": 5250758500,
        "regularDfaPropagatorNumber7LayeredMultigraphSyncTimeNs": 3087141000,
        "regularDfaPropagatorNumber8LayeredMultigraphSyncTimeNs": 704723200,
        "AverageConflictSize": 317.94444444444446,
        "NumUnitNogoodsLearned": 0,
        "AverageLearnedNogoodLength": 5.2407407407407405,
        "AverageBacktrackAmount": 0,
        "AverageLbd": 5.2407407407407405,
        "1AutonomousSearchNumBackupCalled": 0,
        "1AutonomousSearchNumPredicatesRemoved": 0,
        "1AutonomousSearchNumCalls": 1,
        "1AutonomousSearchNumPredicatesAdded": 351,
        "1AutonomousSearchAverageSizeOfHeap": 351,
        "1AutonomousSearchNumAssignedPredicatesEncountered": 351,
        "nSolutions": 1
      },
      "layered_multigraph_sync_ms": 39769.9784,
      "errors": [],