{
  "instance": "polyominoes_91",
  "problem_type": "polyominoes",
  "blowup_bin": "0_low_blowup",
  "blowup": 0.8088779284833539,
  "timeout_seconds": 600,
  "model": "models/polyominoes.mzn",
  "construction": {
    "nfa_glushkov": {
      "ms": [
        59.77510000229813,
        111.98270000022603,
        49.74120000042603,
        4.702199999883305,
        24.331000000529457,
        92.2004999993078
      ],
      "ms_total": 342.73270000267075,
      "states": [
        1481,
        2477,
        1373,
        163,
        785,
        2173
      ],
      "states_total": 8452
    },
    "nfa_rbisim": {
      "ms": [
        9430.269899999985,
        27753.495799999655,
        8285.154900000634,
        86.75669999865931,
        2547.8475999989314,
        20435.187200000655
      ],
      "ms_total": 68538.71209999852,
      "states": [
        206,
        530,
        199,
        15,
        81,
        591
      ],
      "states_total": 1622
    },
    "dfa_subset": {
      "ms": [
        152.49170000242884,
        760.9109000004537,
        109.79849999785074,
        2.0684000010078307,
        23.012000001472188,
        590.1059999996505
      ],
      "ms_total": 1638.3875000028638,
      "states": [
        1049,
        2163,
        937,
        82,
        414,
        1929
      ],
      "states_total": 6574
    },
    "dfa_min": {
      "ms": [
        5775.692999999592,
        27626.2295000015,
        4505.441000001156,
        14.714300003106473,
        611.7677000002004,
        22342.969299999822
      ],
      "ms_total": 60876.81480000538,
      "states": [
        119,
        461,
        135,
        14,
        56,
        527
      ],
      "states_total": 1312
    }
  },
  "configs": {
    "nfa": {
      "solver_id": "nl.tudelft.algorithmics.pumpkin-regular",
      "dzn": "instances_dzn/nfa/0_low_blowup/polyominoes_91.dzn",
      "status": "SATISFIED",
      "exit_code": 0,
      "stats": {
        "paths": 0,
        "flatIntVars": 101,
        "flatIntConstraints": 7,
        "method": "maximize",
        "flatTime": 0.380681,
        "initTime": 0.7283259,
        "objective": 2166,
        "nodes": 88,
        "restarts": 0,
        "peakDepth": 5,
        "solveTime": 338.1516815,
        "variables": 103,
        "propagators": 9,
        "failures": 73,
        "propagations": 3133,
        "nogoods": 73,
        "numAtomicConstraintsPropagated": 0,
        "regularNfaPropagatorNumber1LayeredMultigraphSyncTimeNs": 36730123700,
        "regularNfaPropagatorNumber2LayeredMultigraphSyncTimeNs": 44833065400,
        "regularNfaPropagatorNumber3LayeredMultigraphSyncTimeNs": 27795627400,
        "regularNfaPropagatorNumber4LayeredMultigraphSyncTimeNs": 2111134100,
        "regularNfaPropagatorNumber5LayeredMultigraphSyncTimeNs": 11236793300,
        "regularNfaPropagatorNumber6LayeredMultigraphSyncTimeNs": 21783723700,
        "AverageConflictSize": 150.86301369863014,
        "NumUnitNogoodsLearned": 2,
        "AverageLearnedNogoodLength": 8.63013698630137,
        "AverageBacktrackAmount": 0,
        "AverageLbd": 3.506849315068493,
        "2AutonomousSearchNumBackupCalled": 0,
        "2AutonomousSearchNumPredicatesRemoved": 0,
        "2AutonomousSearchNumCalls": 5,
        "2AutonomousSearchNumPredicatesAdded": 3931,
        "2AutonomousSearchAverageSizeOfHeap": 756.2,
        "2AutonomousSearchNumAssignedPredicatesEncountered": 3781,
        "nSolutions": 1
      },
      "layered_multigraph_sync_ms": 144490.4676,
      "errors": [],
      "stdout": "% Generated FlatZinc statistics:\n%%%mzn-stat: paths=0\n%%%mzn-stat: flatIntVars=101\n%%%mzn-stat: flatIntConstraints=7\n%%%mzn-stat: method=\"maximize\"\n%%%mzn-stat: flatTime=0.380681\n%%%mzn-stat-end\n% Logging successfully configured\n%%%mzn-stat: initTime=0.7283259\n%%%mzn-stat: objective=2166\n%%%mzn-stat: nodes=88\n%%%mzn-stat: restarts=0\n%%%mzn-stat: peakDepth=5\n%%%mzn-stat: solveTime=338.1516815\n%%%mzn-stat: variables=103\n%%%mzn-stat: propagators=9\n%%%mzn-stat: failures=73\n%%%mzn-stat: propagations=3133\n%%%mzn-stat: nogoods=73\n%%%mzn-stat: numAtomicConstraintsPropagated=0\n%%%mzn-stat: regularNfaPropagatorNumber1LayeredMultigraphSyncTimeNs=36730123700\n%%%mzn-stat: regularNfaPropagatorNumber2LayeredMultigraphSyncTimeNs=44833065400\n%%%mzn-stat: regularNfaPropagatorNumber3LayeredMultigraphSyncTimeNs=27795627400\n%%%mzn-stat: regularNfaPropagatorNumber4LayeredMultigraphSyncTimeNs=2111134100\n%%%mzn-stat: regularNfaPropagatorNumber5LayeredMultigraphSyncTimeNs=11236793300\n%%%mzn-stat: regularNfaPropagatorNumber6LayeredMultigraphSyncTimeNs=21783723700\n%%%mzn-stat: AverageConflictSize=150.86301369863014\n%%%mzn-stat: NumUnitNogoodsLearned=2\n%%%mzn-stat: AverageLearnedNogoodLength=8.63013698630137\n%%%mzn-stat: AverageBacktrackAmount=0\n%%%mzn-stat: AverageLbd=3.506849315068493\n%%%mzn-stat: 2AutonomousSearchNumBackupCalled=0\n%%%mzn-stat: 2AutonomousSearchNumPredicatesRemoved=0\n%%%mzn-stat: 2AutonomousSearchNumCalls=5\n%%%mzn-stat: 2AutonomousSearchNumPredicatesAdded=3931\n%%%mzn-stat: 2AutonomousSearchAverageSizeOfHeap=756.2\n%%%mzn-stat: 2AutonomousSearchNumAssignedPredicatesEncountered=3781\n%%%mzn-stat-end\nPolyominoes Solution:\nE E E B B A A A A A\nD E E F B B B B A A\nD F F F F B B B B A\nF F F F F B B B B B\nF F F F F B B B B B\nF F F F F F B B B B\nF F F F F F F B B B\nF F F F F F F B B C\nF F F F F C C C C C\nF F F F F C C C C C\n\nSummary: Used 6 tiles on a 10x10 board.\n----------\n==========\n%%%mzn-stat: initTime=0.7283259\n%%%mzn-stat: objective=2166\n%%%mzn-stat: nodes=88\n%%%mzn-stat: restarts=0\n%%%mzn-stat: peakDepth=5\n%%%mzn-stat: solveTime=338.1516815\n%%%mzn-stat: variables=103\n%%%mzn-stat: propagators=9\n%%%mzn-stat: failures=73\n%%%mzn-stat: propagations=3133\n%%%mzn-stat: nogoods=73\n%%%mzn-stat: numAtomicConstraintsPropagated=0\n%%%mzn-stat: regularNfaPropagatorNumber1LayeredMultigraphSyncTimeNs=36730123700\n%%%mzn-stat: regularNfaPropagatorNumber2LayeredMultigraphSyncTimeNs=44833065400\n%%%mzn-stat: regularNfaPropagatorNumber3LayeredMultigraphSyncTimeNs=27795627400\n%%%mzn-stat: regularNfaPropagatorNumber4LayeredMultigraphSyncTimeNs=2111134100\n%%%mzn-stat: regularNfaPropagatorNumber5LayeredMultigraphSyncTimeNs=11236793300\n%%%mzn-stat: regularNfaPropagatorNumber6LayeredMultigraphSyncTimeNs=21783723700\n%%%mzn-stat: AverageConflictSize=150.86301369863014\n%%%mzn-stat: NumUnitNogoodsLearned=2\n%%%mzn-stat: AverageLearnedNogoodLength=8.63013698630137\n%%%mzn-stat: AverageBacktrackAmount=0\n%%%mzn-stat: AverageLbd=3.506849315068493\n%%%mzn-stat: 2AutonomousSearchNumBackupCalled=0\n%%%mzn-stat: 2AutonomousSearchNumPredicatesRemoved=0\n%%%mzn-stat: 2AutonomousSearchNumCalls=5\n%%%mzn-stat: 2AutonomousSearchNumPredicatesAdded=3931\n%%%mzn-stat: 2AutonomousSearchAverageSizeOfHeap=756.2\n%%%mzn-stat: 2AutonomousSearchNumAssignedPredicatesEncountered=3781\n%%%mzn-stat-end\n%%%mzn-stat: nSolutions=1\n%%%mzn-stat-end\n",
      "stderr": ""
    },
    "dfa": {
      "solver_id": "nl.tudelft.algorithmics.pumpkin-regular",
      "dzn": "instances_dzn/dfa/0_low_blowup/polyominoes_91.dzn",
      "status": "SATISFIED",
      "exit_code": 0,
      "stats": {
        "paths": 0,
        "flatIntVars": 101,
        "flatIntConstraints": 7,
        "method": "maximize",
        "flatTime": 0.352435,
        "initTime": 0.7616539,
        "objective": 2166,
        "nodes": 88,
        "restarts": 0,
        "peakDepth": 5,
        "solveTime": 270.5268504,
        "variables": 103,
        "propagators": 9,
        "failures": 73,
        "propagations": 3118,
        "nogoods": 73,
        "numAtomicConstraintsPropagated": 0,
        "regularDfaPropagatorNumber1LayeredMultigraphSyncTimeNs": 20796724600,
        "regularDfaPropagatorNumber2LayeredMultigraphSyncTimeNs": 40234975800,
        "regularDfaPropagatorNumber3LayeredMultigraphSyncTimeNs": 19155461900,