{
  "instance": "polyominoes_81",
  "problem_type": "polyominoes",
  "blowup_bin": "0_low_blowup",
  "blowup": 0.6862967157417894,
  "timeout_seconds": 600,
  "model": "models/polyominoes.mzn",
  "construction": {
    "nfa_glushkov": {
      "ms": [
        24.224799999501556,
        51.2245999998413,
        0.6351000047288835,
        58.57039999682456,
        0.5870999884791672,
        66.44129997584969,
        20.067400007974356,
        50.85490003693849
      ],
      "ms_total": 272.605600010138,
      "states": [
        633,
        1209,
        18,
        1537,
        18,
        1697,
        633,
        1417
      ],
      "states_total": 7162
    },
    "nfa_rbisim": {
      "ms": [
        1694.845499994699,
        6679.1400000220165,
        1.216100004967302,
        9420.779099978972,
        1.1375000467523932,
        14644.365000014659,
        1748.4734999598004,
        9558.70930000674
      ],
      "ms_total": 43748.66600002861,
      "states": [
        26,
        144,
        2,
        231,
        2,
        240,
        26,
        212
      ],
      "states_total": 883
    },
    "dfa_subset": {
      "ms": [
        9.291500027757138,
        117.09120002342388,
        0.2961999853141606,
        289.182799984701,
        0.2794000320136547,
        294.16350001702085,
        9.542500018142164,
        175.84239999996498
      ],
      "ms_total": 895.6895000883378,
      "states": [
        177,
        852,
        18,
        1254,
        18,
        1256,
        177,
        1053
      ],
      "states_total": 4805
    },
    "dfa_min": {
      "ms": [
        110.23319995729253,
        3933.8558999588713,
        0.6428000051528215,
        10428.581600019243,
        0.6040000007487833,
        10533.663600042928,
        74.55610000761226,
        6889.1648999997415
      ],
      "ms_total": 31971.30209999159,
      "states": [
        21,
        81,
        3,
        179,
        3,
        163,
        21,
        135
      ],
      "states_total": 606
    }
  },
  "configs": {
    "nfa": {
      "solver_id": "nl.tudelft.algorithmics.pumpkin-regular",
      "dzn": "instances_dzn/nfa/0_low_blowup/polyominoes_81.dzn",
      "status": "TIMEOUT",
      "exit_code": 0,
      "stats": {
        "paths": 0,
        "flatIntVars": 64,
        "flatIntConstraints": 8,
        "method": "satisfy",
        "flatTime": 0.293592,
        "initTime": 0.293487,
        "nodes": 1232,
        "restarts": 0,
        "peakDepth": 12,
        "solveTime": 599.4756029,
        "variables": 66,
        "propagators": 9,
        "failures": 1228,
        "propagations": 32415,
        "nogoods": 1228,
        "numAtomicConstraintsPropagated": 0,
        "regularNfaPropagatorNumber1LayeredMultigraphSyncTimeNs": 18735840100,
        "regularNfaPropagatorNumber2LayeredMultigraphSyncTimeNs": 89362170400,
        "regularNfaPropagatorNumber3LayeredMultigraphSyncTimeNs": 2448103800,
        "regularNfaPropagatorNumber4LayeredMultigraphSyncTimeNs": 107519372300,
        "regularNfaPropagatorNumber5LayeredMultigraphSyncTimeNs": 2194289400,
        "regularNfaPropagatorNumber6LayeredMultigraphSyncTimeNs": 79292476100,
        "regularNfaPropagatorNumber7LayeredMultigraphSyncTimeNs": 14197191200,
        "regularNfaPropagatorNumber8LayeredMultigraphSyncTimeNs": 59096069800,
        "AverageConflictSize": 191.07247557003257,
        "NumUnitNogoodsLearned": 0,
        "AverageLearnedNogoodLength": 7.253257328990228,
        "AverageBacktrackAmount": 0,
        "AverageLbd": 6.495114006514658,
        "1AutonomousSearchNumBackupCalled": 0,
        "1AutonomousSearchNumPredicatesRemoved": 0,
        "1AutonomousSearchNumCalls": 0,
        "1AutonomousSearchNumPredicatesAdded": 673,
        "1AutonomousSearchAverageSizeOfHeap": 0,
        "1AutonomousSearchNumAssignedPredicatesEncountered": 0,
        "nSolutions": 0
      },
      "layered_multigraph_sync_ms": 372845.5131,
      "errors": [],
      "stdout": "% Generated FlatZinc statistics:\r\n%%%mzn-stat: paths=0\r\n%%%mzn-stat: flatIntVars=64\r\n%%%mzn-stat: flatIntConstraints=8\r\n%%%mzn-stat: method=\"satisfy\"\r\n%%%mzn-stat: flatTime=0.293592\r\n%%%mzn-stat-end\r\n% Logging successfully configured\r\n=====UNKNOWN=====\r\n%%%mzn-stat: initTime=0.293487\r\n%%%mzn-stat: nodes=1232\r\n%%%mzn-stat: restarts=0\r\n%%%mzn-stat: peakDepth=12\r\n%%%mzn-stat: solveTime=599.4756029\r\n%%%mzn-stat: variables=66\r\n%%%mzn-stat: propagators=9\r\n%%%mzn-stat: failures=1228\r\n%%%mzn-stat: propagations=32415\r\n%%%mzn-stat: nogoods=1228\r\n%%%mzn-stat: numAtomicConstraintsPropagated=0\r\n%%%mzn-stat: regularNfaPropagatorNumber1LayeredMultigraphSyncTimeNs=18735840100\r\n%%%mzn-stat: regularNfaPropagatorNumber2LayeredMultigraphSyncTimeNs=89362170400\r\n%%%mzn-stat: regularNfaPropagatorNumber3LayeredMultigraphSyncTimeNs=2448103800\r\n%%%mzn-stat: regularNfaPropagatorNumber4LayeredMultigraphSyncTimeNs=107519372300\r\n%%%mzn-stat: regularNfaPropagatorNumber5LayeredMultigraphSyncTimeNs=2194289400\r\n%%%mzn-stat: regularNfaPropagatorNumber6LayeredMultigraphSyncTimeNs=79292476100\r\n%%%mzn-stat: regularNfaPropagatorNumber7LayeredMultigraphSyncTimeNs=14197191200\r\n%%%mzn-stat: regularNfaPropagatorNumber8LayeredMultigraphSyncTimeNs=59096069800\r\n%%%mzn-stat: AverageConflictSize=191.07247557003257\r\n%%%mzn-stat: NumUnitNogoodsLearned=0\r\n%%%mzn-stat: AverageLearnedNogoodLength=7.253257328990228\r\n%%%mzn-stat: AverageBacktrackAmount=0\r\n%%%mzn-stat: AverageLbd=6.495114006514658\r\n%%%mzn-stat: 1AutonomousSearchNumBackupCalled=0\r\n%%%mzn-stat: 1AutonomousSearchNumPredicatesRemoved=0\r\n%%%mzn-stat: 1AutonomousSearchNumCalls=0\r\n%%%mzn-stat: 1AutonomousSearchNumPredicatesAdded=673\r\n%%%mzn-stat: 1AutonomousSearchAverageSizeOfHeap=0\r\n%%%mzn-stat: 1AutonomousSearchNumAssignedPredicatesEncountered=0\r\n%%%mzn-stat-end\r\n%%%mzn-stat: nSolutions=0\r\n%%%mzn-stat-end\r\n",
      "stderr": ""
    },
    "dfa": {
      "solver_id": "nl.tudelft.algorithmics.pumpkin-regular",
      "dzn": "instances_dzn/dfa/0_low_blowup/polyominoes_81.dzn",
      "status": "TIMEOUT",
      "exit_code": 0,
      "stats": {
        "paths": 0,
        "flatIntVars": 64,
        "flatIntConstraints": 8,
        "method": "satisfy",
        "flatTime": 0.295372,
        "initTime": 0.2584666,
        "nodes": 1727,
        "restarts": 0,
        "peakDepth": 12,
        "solveTime": 599.5852173,
        "variables": 66,
        "propagators": 9,
        "failures": 1724,
        "propagations": 45655,
        "nogoods": 1724,
        "numAtomicConstraintsPropagated": 0,
        "regularDfaPropagatorNumber1LayeredMultigraphSyncTimeNs": 22195548000,
        "regularDfaPropagatorNumber2LayeredMultigraphSyncTimeNs": 69217593300,
        "regularDfaPropagatorNumber3LayeredMultigraphSyncTimeNs": 3456902100,
        "regularDfaPropagatorNumber4LayeredMultigraphSyncTimeNs": 115437480700,
        "regularDfaPropagatorNumber5LayeredMultigraphSyncTimeNs": 3018309900,
        "regularDfaPropagatorNumber6LayeredMultigraphSyncTimeNs": 76665230800,
        "regularDfaPropagatorNumber7LayeredMultigraphSyncTimeNs": 16446800300,
        "regularDfaPropagatorNumber8LayeredMultigraphSyncTimeNs": 55335501800,
        "AverageConflictSize": 188.42111368909514,
        "NumUnitNogoodsLearned": 1,
        "AverageLearnedNogoodLength": 6.831206496519721,
        "AverageBacktrackAmount": 0,
        "AverageLbd": 6.2146171693735495,
        "1AutonomousSearchNumBackupCalled": 0,
        "1AutonomousSearchNumPredicatesRemoved": 0,
        "1AutonomousSearchNumCalls": 0,
        "1AutonomousSearchNumPredicatesAdded": 753,
        "1AutonomousSearchAverageSizeOfHeap": 0,
        "1AutonomousSearchNumAssignedPredicatesEncountered": 0,
        "nSolutions": 0
      },
      "layered_multigraph_sync_ms": 361773.3669,
      "errors": [],