{
  "instance": "polyominoes_59",
  "problem_type": "polyominoes",
  "blowup_bin": "0_low_blowup",
  "blowup": 0.7145993413830956,
  "timeout_seconds": 600,
  "model": "models/polyominoes.mzn",
  "construction": {
    "nfa_glushkov": {
      "ms": [
        16.150199982803315,
        55.655499978456646,
        76.64059998933226,
        19.25360003951937,
        4.823800001759082,
        48.71370003093034,
        106.22649994911626,
        0.5864000413566828
      ],
      "ms_total": 328.05030001327395,
      "states": [
        497,
        1513,
        1897,
        633,
        183,
        1077,
        1969,
        18
      ],
      "states_total": 7787
    },
    "nfa_rbisim": {
      "ms": [
        968.1745999841951,
        10593.86959997937,
        13648.71049998328,
        1669.801699987147,
        103.5670000128448,
        4989.042199973483,
        17669.04050001176,
        1.1334000155329704
      ],
      "ms_total": 49643.339499947615,
      "states": [
        56,
        211,
        265,
        26,
        13,
        81,
        257,
        2
      ],
      "states_total": 911
    },
    "dfa_subset": {
      "ms": [
        19.67860001605004,
        191.5461999597028,
        433.7449000449851,
        9.396500012371689,
        2.793000021483749,
        44.42160000326112,
        363.561500038486,
        0.28490001568570733
      ],
      "ms_total": 1065.4272001120262,
      "states": [
        319,
        1129,
        1575,
        177,
        92,
        533,
        1448,
        18
      ],
      "states_total": 5291
    },
    "dfa_min": {
      "ms": [
        423.25250001158565,
        7758.930200012401,
        16715.22939996794,
        73.47499998286366,
        19.635099975857884,
        1451.150500040967,
        12887.314999999944,
        0.6090999813750386
      ],
      "ms_total": 39329.59679997293,
      "states": [
        39,
        135,
        209,
        21,
        12,
        61,
        171,
        3
      ],
      "states_total": 651
    }
  },
  "configs": {
    "nfa": {
      "solver_id": "nl.tudelft.algorithmics.pumpkin-regular",
      "dzn": "instances_dzn/nfa/0_low_blowup/polyominoes_59.dzn",
      "status": "SATISFIED",
      "exit_code": 0,
      "stats": {
        "paths": 0,
        "flatIntVars": 64,
        "flatIntConstraints": 8,
        "method": "satisfy",
        "flatTime": 0.323594,
        "nodes": 56,
        "restarts": 0,
        "peakDepth": 13,
        "solveTime": 23.4552992,
        "variables": 66,
        "propagators": 9,
        "failures": 43,
        "propagations": 1155,
        "nogoods": 43,
        "numAtomicConstraintsPropagated": 0,
        "regularNfaPropagatorNumber1LayeredMultigraphSyncTimeNs": 1242408400,
        "regularNfaPropagatorNumber2LayeredMultigraphSyncTimeNs": 3585599900,
        "regularNfaPropagatorNumber3LayeredMultigraphSyncTimeNs": 4919186900,
        "regularNfaPropagatorNumber4LayeredMultigraphSyncTimeNs": 691575900,
        "regularNfaPropagatorNumber5LayeredMultigraphSyncTimeNs": 361511000,
        "regularNfaPropagatorNumber6LayeredMultigraphSyncTimeNs": 1813900100,
        "regularNfaPropagatorNumber7LayeredMultigraphSyncTimeNs": 3116679900,
        "regularNfaPropagatorNumber8LayeredMultigraphSyncTimeNs": 64818100,
        "AverageConflictSize": 288.0232558139535,
        "NumUnitNogoodsLearned": 0,
        "AverageLearnedNogoodLength": 9.30232558139535,
        "AverageBacktrackAmount": 0,
        "AverageLbd": 9.30232558139535,
        "1AutonomousSearchNumBackupCalled": 0,
        "1AutonomousSearchNumPredicatesRemoved": 0,
        "1AutonomousSearchNumCalls": 1,
        "1AutonomousSearchNumPredicatesAdded": 262,
        "1AutonomousSearchAverageSizeOfHeap": 262,
        "1AutonomousSearchNumAssignedPredicatesEncountered": 262,
        "nSolutions": 1
      },
      "layered_multigraph_sync_ms": 15795.6802,
      "errors": [],
      "stdout": "% Generated FlatZinc statistics:\r\n%%%mzn-stat: paths=0\r\n%%%mzn-stat: flatIntVars=64\r\n%%%mzn-stat: flatIntConstraints=8\r\n%%%mzn-stat: method=\"satisfy\"\r\n%%%mzn-stat: flatTime=0.323594\r\n%%%mzn-stat-end\r\n% Logging successfully configured\r\n%%%mzn-stat: nodes=56\r\n%%%mzn-stat: restarts=0\r\n%%%mzn-stat: peakDepth=13\r\n%%%mzn-stat: solveTime=23.4552992\r\n%%%mzn-stat: variables=66\r\n%%%mzn-stat: propagators=9\r\n%%%mzn-stat: failures=43\r\n%%%mzn-stat: propagations=1155\r\n%%%mzn-stat: nogoods=43\r\n%%%mzn-stat: numAtomicConstraintsPropagated=0\r\n%%%mzn-stat: regularNfaPropagatorNumber1LayeredMultigraphSyncTimeNs=1242408400\r\n%%%mzn-stat: regularNfaPropagatorNumber2LayeredMultigraphSyncTimeNs=3585599900\r\n%%%mzn-stat: regularNfaPropagatorNumber3LayeredMultigraphSyncTimeNs=4919186900\r\n%%%mzn-stat: regularNfaPropagatorNumber4LayeredMultigraphSyncTimeNs=691575900\r\n%%%mzn-stat: regularNfaPropagatorNumber5LayeredMultigraphSyncTimeNs=361511000\r\n%%%mzn-stat: regularNfaPropagatorNumber6LayeredMultigraphSyncTimeNs=1813900100\r\n%%%mzn-stat: regularNfaPropagatorNumber7LayeredMultigraphSyncTimeNs=3116679900\r\n%%%mzn-stat: regularNfaPropagatorNumber8LayeredMultigraphSyncTimeNs=64818100\r\n%%%mzn-stat: AverageConflictSize=288.0232558139535\r\n%%%mzn-stat: NumUnitNogoodsLearned=0\r\n%%%mzn-stat: AverageLearnedNogoodLength=9.30232558139535\r\n%%%mzn-stat: AverageBacktrackAmount=0\r\n%%%mzn-stat: AverageLbd=9.30232558139535\r\n%%%mzn-stat: 1AutonomousSearchNumBackupCalled=0\r\n%%%mzn-stat: 1AutonomousSearchNumPredicatesRemoved=0\r\n%%%mzn-stat: 1AutonomousSearchNumCalls=1\r\n%%%mzn-stat: 1AutonomousSearchNumPredicatesAdded=262\r\n%%%mzn-stat: 1AutonomousSearchAverageSizeOfHeap=262\r\n%%%mzn-stat: 1AutonomousSearchNumAssignedPredicatesEncountered=262\r\n%%%mzn-stat-end\r\nPolyominoes Solution:\r\nA A A B B B B B\r\nA A A E B B B B\r\nA A C E G B B B\r\nD D C G G B B B\r\nD C C H G G G G\r\nF C C C C G G G\r\nF F F F C G G G\r\nF C C C C G G G\r\n\r\nSummary: Used 8 tiles on a 8x8 board.\r\n----------\r\n%%%mzn-stat: nSolutions=1\r\n%%%mzn-stat-end\r\n",
      "stderr": ""
    },
    "dfa": {
      "solver_id": "nl.tudelft.algorithmics.pumpkin-regular",
      "dzn": "instances_dzn/dfa/0_low_blowup/polyominoes_59.dzn",
      "status": "SATISFIED",
      "exit_code": 0,
      "stats": {
        "paths": 0,
        "flatIntVars": 64,
        "flatIntConstraints": 8,
        "method": "satisfy",
        "flatTime": 0.265783,
        "nodes": 56,
        "restarts": 0,
        "peakDepth": 13,
        "solveTime": 17.6567579,
        "variables": 66,
        "propagators": 9,
        "failures": 43,
        "propagations": 1155,
        "nogoods": 43,
        "numAtomicConstraintsPropagated": 0,
        "regularDfaPropagatorNumber1LayeredMultigraphSyncTimeNs": 928585600,
        "regularDfaPropagatorNumber2LayeredMultigraphSyncTimeNs": 2472047200,
        "regularDfaPropagatorNumber3LayeredMultigraphSyncTimeNs": 3830678900,
        "regularDfaPropagatorNumber4LayeredMultigraphSyncTimeNs": 580092600,
        "regularDfaPropagatorNumber5LayeredMultigraphSyncTimeNs": 335286900,
        "regularDfaPropagatorNumber6LayeredMultigraphSyncTimeNs": 1351632200,
        "regularDfaPropagatorNumber7LayeredMultigraphSyncTimeNs": 2082084200,
        "regularDfaPropagatorNumber8LayeredMultigraphSyncTimeNs": 62262900,
        "AverageConflictSize": 288.0232558139535,
        "NumUnitNogoodsLearned": 0,
        "AverageLearnedNogoodLength": 9.30232558139535,
        "AverageBacktrackAmount": 0,
        "AverageLbd": 9.30232558139535,
        "1AutonomousSearchNumBackupCalled": 0,
        "1AutonomousSearchNumPredicatesRemoved": 0,
        "1AutonomousSearchNumCalls": 1,
        "1AutonomousSearchNumPredicatesAdded": 262,
        "1AutonomousSearchAverageSizeOfHeap": 262,
        "1AutonomousSearchNumAssignedPredicatesEncountered": 262,
        "nSolutions": 1
      },
      "layered_multigraph_sync_ms": 11642.6705,
      "errors": [],