{
  "instance": "polyominoes_98",
  "problem_type": "polyominoes",
  "blowup_bin": "0_low_blowup",
  "blowup": 0.7978021978021979,
  "timeout_seconds": 600,
  "model": "models/polyominoes.mzn",
  "construction": {
    "nfa_glushkov": {
      "ms": [
        19.4978000363335,
        14.491999987512827,
        73.50009999936447,
        130.98899996839464,
        37.55970002384856,
        0.5975000094622374,
        4.086000029928982,
        34.33009999571368
      ],
      "ms_total": 315.0522000505589,
      "states": [
        633,
        513,
        1641,
        2433,
        1089,
        18,
        153,
        1033
      ],
      "states_total": 7513
    },
    "nfa_rbisim": {
      "ms": [
        1698.0875000008382,
        1066.0613999934867,
        11818.694300018251,
        25079.407699988224,
        4753.994100028649,
        1.2011000071652234,
        75.87480003712699,
        4480.055000050925
      ],
      "ms_total": 48973.375900124665,
      "states": [
        26,
        42,
        241,
        389,
        99,
        2,
        12,
        99
      ],
      "states_total": 910
    },
    "dfa_subset": {
      "ms": [
        9.584699990227818,
        17.896600009407848,
        340.632600011304,
        747.90340004256,
        71.09710003715008,
        0.2796999760903418,
        2.252899983432144,
        63.44220001483336
      ],
      "ms_total": 1253.0892000650056,
      "states": [
        177,
        247,
        1376,
        2021,
        646,
        18,
        77,
        611
      ],
      "states_total": 5173
    },
    "dfa_min": {
      "ms": [
        76.16050000069663,
        248.58910002512857,
        11328.745400009211,
        27053.5160000436,
        2017.1436999808066,
        0.6031999946571887,
        17.777999979443848,
        1755.7891000178643
      ],
      "ms_total": 42498.32500005141,
      "states": [
        21,
        39,
        193,
        327,
        65,
        3,
        13,
        65
      ],
      "states_total": 726
    }
  },
  "configs": {
    "nfa": {
      "solver_id": "nl.tudelft.algorithmics.pumpkin-regular",
      "dzn": "instances_dzn/nfa/0_low_blowup/polyominoes_98.dzn",
      "status": "SATISFIED",
      "exit_code": 0,
      "stats": {
        "paths": 0,
        "flatIntVars": 64,
        "flatIntConstraints": 8,
        "method": "satisfy",
        "flatTime": 0.330952,
        "nodes": 349,
        "restarts": 0,
        "peakDepth": 9,
        "solveTime": 188.0172944,
        "variables": 66,
        "propagators": 9,
        "failures": 345,
        "propagations": 10495,
        "nogoods": 345,
        "numAtomicConstraintsPropagated": 0,
        "regularNfaPropagatorNumber1LayeredMultigraphSyncTimeNs": 6828206900,
        "regularNfaPropagatorNumber2LayeredMultigraphSyncTimeNs": 8791433500,
        "regularNfaPropagatorNumber3LayeredMultigraphSyncTimeNs": 37905015600,
        "regularNfaPropagatorNumber4LayeredMultigraphSyncTimeNs": 22734112600,
        "regularNfaPropagatorNumber5LayeredMultigraphSyncTimeNs": 17249810600,
        "regularNfaPropagatorNumber6LayeredMultigraphSyncTimeNs": 591650900,
        "regularNfaPropagatorNumber7LayeredMultigraphSyncTimeNs": 1929102500,
        "regularNfaPropagatorNumber8LayeredMultigraphSyncTimeNs": 14801306300,
        "AverageConflictSize": 181.20579710144926,
        "NumUnitNogoodsLearned": 1,
        "AverageLearnedNogoodLength": 74.76811594202898,
        "AverageBacktrackAmount": 0,
        "AverageLbd": 4.878260869565217,
        "1AutonomousSearchNumBackupCalled": 0,
        "1AutonomousSearchNumPredicatesRemoved": 0,
        "1AutonomousSearchNumCalls": 1,
        "1AutonomousSearchNumPredicatesAdded": 1118,
        "1AutonomousSearchAverageSizeOfHeap": 1118,
        "1AutonomousSearchNumAssignedPredicatesEncountered": 1118,
        "nSolutions": 1
      },
      "layered_multigraph_sync_ms": 110830.6389,
      "errors": [],
      "stdout": "% Generated FlatZinc statistics:\r\n%%%mzn-stat: paths=0\r\n%%%mzn-stat: flatIntVars=64\r\n%%%mzn-stat: flatIntConstraints=8\r\n%%%mzn-stat: method=\"satisfy\"\r\n%%%mzn-stat: flatTime=0.330952\r\n%%%mzn-stat-end\r\n% Logging successfully configured\r\n%%%mzn-stat: nodes=349\r\n%%%mzn-stat: restarts=0\r\n%%%mzn-stat: peakDepth=9\r\n%%%mzn-stat: solveTime=188.0172944\r\n%%%mzn-stat: variables=66\r\n%%%mzn-stat: propagators=9\r\n%%%mzn-stat: failures=345\r\n%%%mzn-stat: propagations=10495\r\n%%%mzn-stat: nogoods=345\r\n%%%mzn-stat: numAtomicConstraintsPropagated=0\r\n%%%mzn-stat: regularNfaPropagatorNumber1LayeredMultigraphSyncTimeNs=6828206900\r\n%%%mzn-stat: regularNfaPropagatorNumber2LayeredMultigraphSyncTimeNs=8791433500\r\n%%%mzn-stat: regularNfaPropagatorNumber3LayeredMultigraphSyncTimeNs=37905015600\r\n%%%mzn-stat: regularNfaPropagatorNumber4LayeredMultigraphSyncTimeNs=22734112600\r\n%%%mzn-stat: regularNfaPropagatorNumber5LayeredMultigraphSyncTimeNs=17249810600\r\n%%%mzn-stat: regularNfaPropagatorNumber6LayeredMultigraphSyncTimeNs=591650900\r\n%%%mzn-stat: regularNfaPropagatorNumber7LayeredMultigraphSyncTimeNs=1929102500\r\n%%%mzn-stat: regularNfaPropagatorNumber8LayeredMultigraphSyncTimeNs=14801306300\r\n%%%mzn-stat: AverageConflictSize=181.20579710144926\r\n%%%mzn-stat: NumUnitNogoodsLearned=1\r\n%%%mzn-stat: AverageLearnedNogoodLength=74.76811594202898\r\n%%%mzn-stat: AverageBacktrackAmount=0\r\n%%%mzn-stat: AverageLbd=4.878260869565217\r\n%%%mzn-stat: 1AutonomousSearchNumBackupCalled=0\r\n%%%mzn-stat: 1AutonomousSearchNumPredicatesRemoved=0\r\n%%%mzn-stat: 1AutonomousSearchNumCalls=1\r\n%%%mzn-stat: 1AutonomousSearchNumPredicatesAdded=1118\r\n%%%mzn-stat: 1AutonomousSearchAverageSizeOfHeap=1118\r\n%%%mzn-stat: 1AutonomousSearchNumAssignedPredicatesEncountered=1118\r\n%%%mzn-stat-end\r\nPolyominoes Solution:\r\nB B B B D F G G\r\nB B B B D D G G\r\nE D D D D D D C\r\nE A A D D D C C\r\nE E A D D C C C\r\nE E H D D D C C\r\nH H H D D D C C\r\nH H H D D C C C\r\n\r\nSummary: Used 8 tiles on a 8x8 board.\r\n----------\r\n%%%mzn-stat: nSolutions=1\r\n%%%mzn-stat-end\r\n",
      "stderr": ""
    },
    "dfa": {
      "solver_id": "nl.tudelft.algorithmics.pumpkin-regular",
      "dzn": "instances_dzn/dfa/0_low_blowup/polyominoes_98.dzn",
      "status": "SATISFIED",
      "exit_code": 0,
      "stats": {
        "paths": 0,
        "flatIntVars": 64,
        "flatIntConstraints": 8,
        "method": "satisfy",
        "flatTime": 0.302165,
        "nodes": 349,
        "restarts": 0,
        "peakDepth": 9,
        "solveTime": 131.3400097,
        "variables": 66,
        "propagators": 9,
        "failures": 345,
        "propagations": 10481,
        "nogoods": 345,
        "numAtomicConstraintsPropagated": 0,
        "regularDfaPropagatorNumber1LayeredMultigraphSyncTimeNs": 4994829900,
        "regularDfaPropagatorNumber2LayeredMultigraphSyncTimeNs": 7251872200,
        "regularDfaPropagatorNumber3LayeredMultigraphSyncTimeNs": 25099787800,
        "regularDfaPropagatorNumber4LayeredMultigraphSyncTimeNs": 15513177000,
        "regularDfaPropagatorNumber5LayeredMultigraphSyncTimeNs": 10520374900,
        "regularDfaPropagatorNumber6LayeredMultigraphSyncTimeNs": 523695500,
        "regularDfaPropagatorNumber7LayeredMultigraphSyncTimeNs": 1768795900,
        "regularDfaPropagatorNumber8LayeredMultigraphSyncTimeNs": 9029207000,
        "AverageConflictSize": 181.20579710144926,
        "NumUnitNogoodsLearned": 1,
        "AverageLearnedNogoodLength": 74.76811594202898,
        "AverageBacktrackAmount": 0,
        "AverageLbd": 4.878260869565217,
        "1AutonomousSearchNumBackupCalled": 0,
        "1AutonomousSearchNumPredicatesRemoved": 0,
        "1AutonomousSearchNumCalls": 1,
        "1AutonomousSearchNumPredicatesAdded": 1118,
        "1AutonomousSearchAverageSizeOfHeap": 1118,
        "1AutonomousSearchNumAssignedPredicatesEncountered": 1118,
        "nSolutions": 1
      },
      "layered_multigraph_sync_ms": 74701.7402,
      "errors": [],