{
  "instance": "polyominoes_35",
  "problem_type": "polyominoes",
  "blowup_bin": "0_low_blowup",
  "blowup": 0.821873886711792,
  "timeout_seconds": 600,
  "model": "models/polyominoes.mzn",
  "construction": {
    "nfa_glushkov": {
      "ms": [
        88.4635000002163,
        172.21799999970244,
        103.00289999941015,
        103.73170000093523,
        111.91470000267145
      ],
      "ms_total": 579.3308000029356,
      "states": [
        2105,
        3155,
        2313,
        2293,
        2241
      ],
      "states_total": 12107
    },
    "nfa_rbisim": {
      "ms": [
        20499.089000000822,
        45424.778000000515,
        25772.749800002202,
        29514.803500002017,
        26013.21679999819
      ],
      "ms_total": 147224.63710000375,
      "states": [
        419,
        772,
        535,
        486,
        595
      ],
      "states_total": 2807
    },
    "dfa_subset": {
      "ms": [
        290.34239999964484,
        1091.758700000355,
        575.6047000031685,
        393.34190000226954,
        523.7630999981775
      ],
      "ms_total": 2874.8108000036154,
      "states": [
        1591,
        2828,
        2031,
        1830,
        2003
      ],
      "states_total": 10283
    },
    "dfa_min": {
      "ms": [
        13438.904800001183,
        47795.501599997806,
        27089.12920000148,
        16913.964999999735,
        20818.84739999805
      ],
      "ms_total": 126056.34799999825,
      "states": [
        277,
        677,
        461,
        367,
        525
      ],
      "states_total": 2307
    }
  },
  "configs": {
    "nfa": {
      "solver_id": "nl.tudelft.algorithmics.pumpkin-regular",
      "dzn": "instances_dzn/nfa/0_low_blowup/polyominoes_35.dzn",
      "status": "SATISFIED",
      "exit_code": 0,
      "stats": {
        "paths": 0,
        "flatIntVars": 145,
        "flatIntConstraints": 6,
        "method": "maximize",
        "flatTime": 0.401625,
        "initTime": 1.7540086000000001,
        "objective": 2443,
        "nodes": 51,
        "restarts": 0,
        "peakDepth": 6,
        "solveTime": 584.9364941,
        "variables": 147,
        "propagators": 8,
        "failures": 45,
        "propagations": 1580,
        "nogoods": 45,
        "numAtomicConstraintsPropagated": 0,
        "regularNfaPropagatorNumber1LayeredMultigraphSyncTimeNs": 45421393900,
        "regularNfaPropagatorNumber2LayeredMultigraphSyncTimeNs": 32885950800,
        "regularNfaPropagatorNumber3LayeredMultigraphSyncTimeNs": 47107547000,
        "regularNfaPropagatorNumber4LayeredMultigraphSyncTimeNs": 32985160100,
        "regularNfaPropagatorNumber5LayeredMultigraphSyncTimeNs": 30936112900,
        "AverageConflictSize": 167.55555555555554,
        "NumUnitNogoodsLearned": 1,
        "AverageLearnedNogoodLength": 20.733333333333334,
        "AverageBacktrackAmount": 0,
        "AverageLbd": 3.1555555555555554,
        "2AutonomousSearchNumBackupCalled": 0,
        "2AutonomousSearchNumPredicatesRemoved": 0,
        "2AutonomousSearchNumCalls": 2,
        "2AutonomousSearchNumPredicatesAdded": 2139,
        "2AutonomousSearchAverageSizeOfHeap": 344,
        "2AutonomousSearchNumAssignedPredicatesEncountered": 688,
        "nSolutions": 1
      },
      "layered_multigraph_sync_ms": 189336.1647,
      "errors": [],
      "stdout": "% Generated FlatZinc statistics:\n%%%mzn-stat: paths=0\n%%%mzn-stat: flatIntVars=145\n%%%mzn-stat: flatIntConstraints=6\n%%%mzn-stat: method=\"maximize\"\n%%%mzn-stat: flatTime=0.401625\n%%%mzn-stat-end\n% Logging successfully configured\n%%%mzn-stat: initTime=1.7540086000000001\n%%%mzn-stat: objective=2443\n%%%mzn-stat: nodes=51\n%%%mzn-stat: restarts=0\n%%%mzn-stat: peakDepth=6\n%%%mzn-stat: solveTime=584.9364941\n%%%mzn-stat: variables=147\n%%%mzn-stat: propagators=8\n%%%mzn-stat: failures=45\n%%%mzn-stat: propagations=1580\n%%%mzn-stat: nogoods=45\n%%%mzn-stat: numAtomicConstraintsPropagated=0\n%%%mzn-stat: regularNfaPropagatorNumber1LayeredMultigraphSyncTimeNs=45421393900\n%%%mzn-stat: regularNfaPropagatorNumber2LayeredMultigraphSyncTimeNs=32885950800\n%%%mzn-stat: regularNfaPropagatorNumber3LayeredMultigraphSyncTimeNs=47107547000\n%%%mzn-stat: regularNfaPropagatorNumber4LayeredMultigraphSyncTimeNs=32985160100\n%%%mzn-stat: regularNfaPropagatorNumber5LayeredMultigraphSyncTimeNs=30936112900\n%%%mzn-stat: AverageConflictSize=167.55555555555554\n%%%mzn-stat: NumUnitNogoodsLearned=1\n%%%mzn-stat: AverageLearnedNogoodLength=20.733333333333334\n%%%mzn-stat: AverageBacktrackAmount=0\n%%%mzn-stat: AverageLbd=3.1555555555555554\n%%%mzn-stat: 2AutonomousSearchNumBackupCalled=0\n%%%mzn-stat: 2AutonomousSearchNumPredicatesRemoved=0\n%%%mzn-stat: 2AutonomousSearchNumCalls=2\n%%%mzn-stat: 2AutonomousSearchNumPredicatesAdded=2139\n%%%mzn-stat: 2AutonomousSearchAverageSizeOfHeap=344\n%%%mzn-stat: 2AutonomousSearchNumAssignedPredicatesEncountered=688\n%%%mzn-stat-end\nPolyominoes Solution:\nA A A A A A D D D D D D\nA A A A D D D D D D D D\nA A A A D D D D D D D D\nA A A D D E E E E E E E\nA A A E E E E E E E E E\nA A A E E E E E E E E E\nB B B E E E E E E E E E\nB C B B B B B B B B B E\nC C C C B B B B B B B B\nC C C C B B B B B B B B\nC C C C C C C B B B B B\nC C C C C C C C B B B B\n\nSummary: Used 5 tiles on a 12x12 board.\n----------\n==========\n%%%mzn-stat: initTime=1.7540086000000001\n%%%mzn-stat: objective=2443\n%%%mzn-stat: nodes=51\n%%%mzn-stat: restarts=0\n%%%mzn-stat: peakDepth=6\n%%%mzn-stat: solveTime=584.9364941\n%%%mzn-stat: variables=147\n%%%mzn-stat: propagators=8\n%%%mzn-stat: failures=45\n%%%mzn-stat: propagations=1580\n%%%mzn-stat: nogoods=45\n%%%mzn-stat: numAtomicConstraintsPropagated=0\n%%%mzn-stat: regularNfaPropagatorNumber1LayeredMultigraphSyncTimeNs=45421393900\n%%%mzn-stat: regularNfaPropagatorNumber2LayeredMultigraphSyncTimeNs=32885950800\n%%%mzn-stat: regularNfaPropagatorNumber3LayeredMultigraphSyncTimeNs=47107547000\n%%%mzn-stat: regularNfaPropagatorNumber4LayeredMultigraphSyncTimeNs=32985160100\n%%%mzn-stat: regularNfaPropagatorNumber5LayeredMultigraphSyncTimeNs=30936112900\n%%%mzn-stat: AverageConflictSize=167.55555555555554\n%%%mzn-stat: NumUnitNogoodsLearned=1\n%%%mzn-stat: AverageLearnedNogoodLength=20.733333333333334\n%%%mzn-stat: AverageBacktrackAmount=0\n%%%mzn-stat: AverageLbd=3.1555555555555554\n%%%mzn-stat: 2AutonomousSearchNumBackupCalled=0\n%%%mzn-stat: 2AutonomousSearchNumPredicatesRemoved=0\n%%%mzn-stat: 2AutonomousSearchNumCalls=2\n%%%mzn-stat: 2AutonomousSearchNumPredicatesAdded=2139\n%%%mzn-stat: 2AutonomousSearchAverageSizeOfHeap=344\n%%%mzn-stat: 2AutonomousSearchNumAssignedPredicatesEncountered=688\n%%%mzn-stat-end\n%%%mzn-stat: nSolutions=1\n%%%mzn-stat-end\n",
      "stderr": ""
    },
    "dfa": {
      "solver_id": "nl.tudelft.algorithmics.pumpkin-regular",
      "dzn": "instances_dzn/dfa/0_low_blowup/polyominoes_35.dzn",
      "status": "SATISFIED",
      "exit_code": 0,
      "stats": {
        "paths": 0,
        "flatIntVars": 145,
        "flatIntConstraints": 6,
        "method": "maximize",
        "flatTime": 0.941381,
        "initTime": 1.718127,
        "objective": 2443,
        "nodes": 51,
        "restarts": 0,
        "peakDepth": 6,
        "solveTime": 426.0563488,
        "variables": 147,
        "propagators": 8,
        "failures": 45,
        "propagations": 1571,
        "nogoods": 45,
        "numAtomicConstraintsPropagated": 0,
        "regularDfaPropagatorNumber1LayeredMultigraphSyncTimeNs": 26899648300,
        "regularDfaPropagatorNumber2LayeredMultigraphSyncTimeNs": 26698947800,
        "regularDfaPropagatorNumber3LayeredMultigraphSyncTimeNs": 34708057600,
        "regularDfaPropagatorNumber4LayeredMultigraphSyncTimeNs": 23319542100,
        "regularDfaPropagatorNumber5LayeredMultigraphSyncTimeNs": 26104329400,
        "AverageConflictSize": 167.55555555555554,
        "NumUnitNogoodsLearned": 1,
        "AverageLearnedNogoodLength": 20.733333333333334,