{
  "instance": "polyominoes_93",
  "problem_type": "polyominoes",
  "blowup_bin": "0_low_blowup",
  "blowup": 0.6366251198465963,
  "timeout_seconds": 600,
  "model": "models/polyominoes.mzn",
  "construction": {
    "nfa_glushkov": {
      "ms": [
        38.93669997341931,
        60.67059998167679,
        32.00429998105392,
        58.238400029949844,
        44.32849999284372,
        29.513000044971704,
        47.60579997673631,
        60.24530000286177
      ],
      "ms_total": 371.54259998351336,
      "states": [
        841,
        1593,
        881,
        1505,
        1257,
        881,
        1337,
        1585
      ],
      "states_total": 9880
    },
    "nfa_rbisim": {
      "ms": [
        2919.5992999593727,
        10898.44100002665,
        3026.465000002645,
        9934.70460001845,
        7366.393300006166,
        3011.5608000196517,
        7756.211499974597,
        11532.31549996417
      ],
      "ms_total": 56445.6909999717,
      "states": [
        69,
        171,
        69,
        168,
        138,
        69,
        158,
        201
      ],
      "states_total": 1043
    },
    "dfa_subset": {
      "ms": [
        31.176300020888448,
        212.86670002155006,
        43.573800008744,
        166.42409999622032,
        100.03339999821037,
        37.815799994859844,
        102.08799998508766,
        214.32450000429526
      ],
      "ms_total": 908.302600029856,
      "states": [
        448,
        1138,
        476,
        1030,
        832,
        476,
        852,
        1126
      ],
      "states_total": 6378
    },
    "dfa_min": {
      "ms": [
        822.7168999728747,
        7430.396499985363,
        922.4484000005759,
        6061.46749999607,
        3713.0928999977186,
        933.9178999653086,
        3961.359300010372,
        7463.486599968746
      ],
      "ms_total": 31308.88599989703,
      "states": [
        46,
        101,
        46,
        109,
        89,
        46,
        100,
        127
      ],
      "states_total": 664
    }
  },
  "configs": {
    "nfa": {
      "solver_id": "nl.tudelft.algorithmics.pumpkin-regular",
      "dzn": "instances_dzn/nfa/0_low_blowup/polyominoes_93.dzn",
      "status": "TIMEOUT",
      "exit_code": 0,
      "stats": {
        "paths": 0,
        "flatIntVars": 64,
        "flatIntConstraints": 8,
        "method": "satisfy",
        "flatTime": 0.313489,
        "initTime": 0.3706987,
        "nodes": 958,
        "restarts": 0,
        "peakDepth": 15,
        "solveTime": 599.5613049,
        "variables": 66,
        "propagators": 9,
        "failures": 951,
        "propagations": 25527,
        "nogoods": 951,
        "numAtomicConstraintsPropagated": 0,
        "regularNfaPropagatorNumber1LayeredMultigraphSyncTimeNs": 38819790300,
        "regularNfaPropagatorNumber2LayeredMultigraphSyncTimeNs": 84083701300,
        "regularNfaPropagatorNumber3LayeredMultigraphSyncTimeNs": 38999378100,
        "regularNfaPropagatorNumber4LayeredMultigraphSyncTimeNs": 51484870400,
        "regularNfaPropagatorNumber5LayeredMultigraphSyncTimeNs": 48834057200,
        "regularNfaPropagatorNumber6LayeredMultigraphSyncTimeNs": 35249380600,
        "regularNfaPropagatorNumber7LayeredMultigraphSyncTimeNs": 46490439400,
        "regularNfaPropagatorNumber8LayeredMultigraphSyncTimeNs": 58009860300,
        "AverageConflictSize": 212.77497371188224,
        "NumUnitNogoodsLearned": 0,
        "AverageLearnedNogoodLength": 9.889589905362776,
        "AverageBacktrackAmount": 0,
        "AverageLbd": 9.561514195583596,
        "1AutonomousSearchNumBackupCalled": 0,
        "1AutonomousSearchNumPredicatesRemoved": 0,
        "1AutonomousSearchNumCalls": 0,
        "1AutonomousSearchNumPredicatesAdded": 638,
        "1AutonomousSearchAverageSizeOfHeap": 0,
        "1AutonomousSearchNumAssignedPredicatesEncountered": 0,
        "nSolutions": 0
      },
      "layered_multigraph_sync_ms": 401971.4776,
      "errors": [],
      "stdout": "% Generated FlatZinc statistics:\r\n%%%mzn-stat: paths=0\r\n%%%mzn-stat: flatIntVars=64\r\n%%%mzn-stat: flatIntConstraints=8\r\n%%%mzn-stat: method=\"satisfy\"\r\n%%%mzn-stat: flatTime=0.313489\r\n%%%mzn-stat-end\r\n% Logging successfully configured\r\n=====UNKNOWN=====\r\n%%%mzn-stat: initTime=0.3706987\r\n%%%mzn-stat: nodes=958\r\n%%%mzn-stat: restarts=0\r\n%%%mzn-stat: peakDepth=15\r\n%%%mzn-stat: solveTime=599.5613049\r\n%%%mzn-stat: variables=66\r\n%%%mzn-stat: propagators=9\r\n%%%mzn-stat: failures=951\r\n%%%mzn-stat: propagations=25527\r\n%%%mzn-stat: nogoods=951\r\n%%%mzn-stat: numAtomicConstraintsPropagated=0\r\n%%%mzn-stat: regularNfaPropagatorNumber1LayeredMultigraphSyncTimeNs=38819790300\r\n%%%mzn-stat: regularNfaPropagatorNumber2LayeredMultigraphSyncTimeNs=84083701300\r\n%%%mzn-stat: regularNfaPropagatorNumber3LayeredMultigraphSyncTimeNs=38999378100\r\n%%%mzn-stat: regularNfaPropagatorNumber4LayeredMultigraphSyncTimeNs=51484870400\r\n%%%mzn-stat: regularNfaPropagatorNumber5LayeredMultigraphSyncTimeNs=48834057200\r\n%%%mzn-stat: regularNfaPropagatorNumber6LayeredMultigraphSyncTimeNs=35249380600\r\n%%%mzn-stat: regularNfaPropagatorNumber7LayeredMultigraphSyncTimeNs=46490439400\r\n%%%mzn-stat: regularNfaPropagatorNumber8LayeredMultigraphSyncTimeNs=58009860300\r\n%%%mzn-stat: AverageConflictSize=212.77497371188224\r\n%%%mzn-stat: NumUnitNogoodsLearned=0\r\n%%%mzn-stat: AverageLearnedNogoodLength=9.889589905362776\r\n%%%mzn-stat: AverageBacktrackAmount=0\r\n%%%mzn-stat: AverageLbd=9.561514195583596\r\n%%%mzn-stat: 1AutonomousSearchNumBackupCalled=0\r\n%%%mzn-stat: 1AutonomousSearchNumPredicatesRemoved=0\r\n%%%mzn-stat: 1AutonomousSearchNumCalls=0\r\n%%%mzn-stat: 1AutonomousSearchNumPredicatesAdded=638\r\n%%%mzn-stat: 1AutonomousSearchAverageSizeOfHeap=0\r\n%%%mzn-stat: 1AutonomousSearchNumAssignedPredicatesEncountered=0\r\n%%%mzn-stat-end\r\n%%%mzn-stat: nSolutions=0\r\n%%%mzn-stat-end\r\n",
      "stderr": ""
    },
    "dfa": {
      "solver_id": "nl.tudelft.algorithmics.pumpkin-regular",
      "dzn": "instances_dzn/dfa/0_low_blowup/polyominoes_93.dzn",
      "status": "TIMEOUT",
      "exit_code": 0,
      "stats": {
        "paths": 0,
        "flatIntVars": 64,
        "flatIntConstraints": 8,
        "method": "satisfy",
        "flatTime": 0.290841,
        "initTime": 0.2468637,
        "nodes": 1553,
        "restarts": 0,
        "peakDepth": 17,
        "solveTime": 599.5817008,
        "variables": 66,
        "propagators": 9,
        "failures": 1546,
        "propagations": 41132,
        "nogoods": 1546,
        "numAtomicConstraintsPropagated": 0,
        "regularDfaPropagatorNumber1LayeredMultigraphSyncTimeNs": 42257067000,
        "regularDfaPropagatorNumber2LayeredMultigraphSyncTimeNs": 76952743300,
        "regularDfaPropagatorNumber3LayeredMultigraphSyncTimeNs": 40667635900,
        "regularDfaPropagatorNumber4LayeredMultigraphSyncTimeNs": 52091166400,
        "regularDfaPropagatorNumber5LayeredMultigraphSyncTimeNs": 50528012700,
        "regularDfaPropagatorNumber6LayeredMultigraphSyncTimeNs": 36860697000,
        "regularDfaPropagatorNumber7LayeredMultigraphSyncTimeNs": 47295160900,
        "regularDfaPropagatorNumber8LayeredMultigraphSyncTimeNs": 54209417100,
        "AverageConflictSize": 222.98706338939198,
        "NumUnitNogoodsLearned": 0,
        "AverageLearnedNogoodLength": 9.760672703751617,
        "AverageBacktrackAmount": 0,
        "AverageLbd": 9.461836998706339,
        "1AutonomousSearchNumBackupCalled": 0,
        "1AutonomousSearchNumPredicatesRemoved": 0,
        "1AutonomousSearchNumCalls": 0,
        "1AutonomousSearchNumPredicatesAdded": 733,
        "1AutonomousSearchAverageSizeOfHeap": 0,
        "1AutonomousSearchNumAssignedPredicatesEncountered": 0,
        "nSolutions": 0
      },
      "layered_multigraph_sync_ms": 400861.9003,
      "errors": [],