{
  "problem_type": "regex",
  "name": "regex_42",
  "seed": 71,
  "params": {
    "n": 4,
    "k": 2,
    "m": 2,
    "anchor": [1,2],
    "var_count": 16,
    "alphabet_size": 2
  },
  "alphabet_size": 2,
  "nfas": [
    {
      "Q": 7,
      "S": 2,
      "d": {
        "1": {
          "1": [1,2],
          "2": [1]
        },
        "2": {
          "1": [],
          "2": [3]
        },
        "3": {
          "1": [4],
          "2": [4]
        },
        "4": {
          "1": [5],
          "2": [5]
        },
        "5": {
          "1": [6],
          "2": [6]
        },
        "6": {
          "1": [7],
          "2": [7]
        },
        "7": {
          "1": [],
          "2": []
        }
      },
      "q0": 1,
      "F": [7]
    }
  ],
  "dfas": [
    {
      "Q": 21,
      "S": 2,
      "d": {
        "1": {
          "1": 2,
          "2": 1
        },
        "2": {
          "1": 2,
          "2": 3
        },
        "3": {
          "1": 5,
          "2": 4
        },
        "4": {
          "1": 7,
          "2": 6
        },
        "5": {
          "1": 7,
          "2": 8
        },
        "6": {
          "1": 10,
          "2": 9
        },
        "7": {
          "1": 10,
          "2": 11
        },
        "8": {
          "1": 13,
          "2": 12
        },
        "9": {
          "1": 15,
          "2": 14
        },
        "10": {
          "1": 15,
          "2": 16
        },
        "11": {
          "1": 18,
          "2": 17
        },
        "12": {
          "1": 20,
          "2": 19
        },
        "13": {
          "1": 20,
          "2": 21
        },
        "14": {
          "1": 2,
          "2": 1
        },
        "15": {
          "1": 2,
          "2": 3
        },
        "16": {
          "1": 5,
          "2": 4
        },
        "17": {
          "1": 7,
          "2": 6
        },
        "18": {
          "1": 7,
          "2": 8
        },
        "19": {
          "1": 10,
          "2": 9
        },
        "20": {
          "1": 10,
          "2": 11
        },
        "21": {
          "1": 13,
          "2": 12
        }
      },
      "q0": 1,
      "F": [14,15,16,17,18,19,20,21]
    }
  ],
  "blowup": 3.0,
  "construction": {
    "nfa_glushkov": {
      "ms": [0.4172999906586483],
      "ms_total": 0.4172999906586483,
      "states": [13],
      "states_total": 13
    },
    "nfa_rbisim": {
      "ms": [0.27040000713896006],
      "ms_total": 0.27040000713896006,
      "states": [7],
      "states_total": 7
    },
    "dfa_subset": {
      "ms": [0.16200001118704677],
      "ms_total": 0.16200001118704677,
      "states": [22],
      "states_total": 22
    },
    "dfa_min": {
      "ms": [0.4726000042865053],
      "ms_total": 0.4726000042865053,
      "states": [21],
      "states_total": 21
    }
  }
}