{
  "problem_type": "regex",
  "name": "regex_66",
  "seed": 71,
  "params": {
    "n": 4,
    "k": 2,
    "m": 3,
    "anchor": [1,1,2],
    "var_count": 20,
    "alphabet_size": 2
  },
  "alphabet_size": 2,
  "nfas": [
    {
      "Q": 8,
      "S": 2,
      "d": {
        "1": {
          "1": [1,2],
          "2": [1]
        },
        "2": {
          "1": [3],
          "2": []
        },
        "3": {
          "1": [],
          "2": [4]
        },
        "4": {
          "1": [5],
          "2": [5]
        },
        "5": {
          "1": [6],
          "2": [6]
        },
        "6": {
          "1": [7],
          "2": [7]
        },
        "7": {
          "1": [8],
          "2": [8]
        },
        "8": {
          "1": [],
          "2": []
        }
      },
      "q0": 1,
      "F": [8]
    }
  ],
  "dfas": [
    {
      "Q": 19,
      "S": 2,
      "d": {
        "1": {
          "1": 2,
          "2": 1
        },
        "2": {
          "1": 3,
          "2": 1
        },
        "3": {
          "1": 3,
          "2": 4
        },
        "4": {
          "1": 6,
          "2": 5
        },
        "5": {
          "1": 8,
          "2": 7
        },
        "6": {
          "1": 9,
          "2": 7
        },
        "7": {
          "1": 11,
          "2": 10
        },
        "8": {
          "1": 12,
          "2": 10
        },
        "9": {
          "1": 12,
          "2": 13
        },
        "10": {
          "1": 15,
          "2": 14
        },
        "11": {
          "1": 16,
          "2": 14
        },
        "12": {
          "1": 16,
          "2": 17
        },
        "13": {
          "1": 19,
          "2": 18
        },
        "14": {
          "1": 2,
          "2": 1
        },
        "15": {
          "1": 3,
          "2": 1
        },
        "16": {
          "1": 3,
          "2": 4
        },
        "17": {
          "1": 6,
          "2": 5
        },
        "18": {
          "1": 8,
          "2": 7
        },
        "19": {
          "1": 9,
          "2": 7
        }
      },
      "q0": 1,
      "F": [14,15,16,17,18,19]
    }
  ],
  "blowup": 2.375,
  "construction": {
    "nfa_glushkov": {
      "ms": [0.38389999826904386],
      "ms_total": 0.38389999826904386,
      "states": [14],
      "states_total": 14
    },
    "nfa_rbisim": {
      "ms": [0.27370000316295773],
      "ms_total": 0.27370000316295773,
      "states": [8],
      "states_total": 8
    },
    "dfa_subset": {
      "ms": [0.13349999790079892],
      "ms_total": 0.13349999790079892,
      "states": [20],
      "states_total": 20
    },
    "dfa_min": {
      "ms": [0.38479999057017267],
      "ms_total": 0.38479999057017267,
      "states": [19],
      "states_total": 19
    }
  }
}